path	sector	img_offset	size	ddt_entry
battle/AICALC.TBL	209	0x00068800	340016	0x001AC
battle/EFFECT.TBL	376	0x000BC000	26320	0x001B8
battle/ENCOUNT.TBL	389	0x000C2800	135136	0x001C4
battle/MSG.TBL	455	0x000E3800	214256	0x001D0
battle/SKILL.TBL	560	0x00118000	34496	0x001DC
battle/SOUND.TBL	577	0x00120800	48288	0x001E8
battle/SYSEFF.LB	601	0x0012C800	427136	0x001F4
battle/SYSEFF.ls	810	0x00195000	809	0x00200
battle/UNIT.TBL	811	0x00195800	67600	0x0020C
battle/VISUAL.TBL	845	0x001A6800	259616	0x00218
battle/bed/ACHE.BED	972	0x001E6000	4208	0x002F0
battle/bed/AGI.BED	975	0x001E7800	49248	0x002FC
battle/bed/ATTACK.BED	1000	0x001F4000	6304	0x00308
battle/bed/ATTACK_C.BED	1004	0x001F6000	7040	0x00314
battle/bed/BUFU.BED	1008	0x001F8000	26208	0x00320
battle/bed/CAMPREC.EPL	1021	0x001FE800	4976	0x0032C
battle/bed/CHARM.BED	1024	0x00200000	4816	0x00338
battle/bed/CLOSE.BED	1027	0x00201800	3408	0x00344
battle/bed/CNT_W.BED	1029	0x00202800	3776	0x00350
battle/bed/CURSE.BED	1031	0x00203800	4064	0x0035C
battle/bed/DVILIZE.BED	1033	0x00204800	6496	0x00368
battle/bed/ENDURE.BED	1037	0x00206800	5136	0x00374
battle/bed/FEAR.BED	1040	0x00208000	12352	0x00380
battle/bed/FREEZE.BED	1047	0x0020B800	8496	0x0038C
battle/bed/HAMA.BED	1052	0x0020E000	12560	0x00398
battle/bed/HANSYA_B.BED	1059	0x00211800	40544	0x003A4
battle/bed/HANSYA_M.BED	1079	0x0021B800	40544	0x003B0
battle/bed/HANYOU.BED	1099	0x00225800	12464	0x003BC
battle/bed/HOJYO.BED	1106	0x00229000	12464	0x003C8
battle/bed/JIO.BED	1113	0x0022C800	12896	0x003D4
battle/bed/KYUSYU.BED	1120	0x00230000	4912	0x003E0
battle/bed/MAD.BED	1123	0x00231800	22048	0x003EC
battle/bed/MAGNA.BED	1134	0x00237000	16256	0x003F8
battle/bed/MEGIDO.BED	1142	0x0023B000	7888	0x00404
battle/bed/MUDO.BED	1146	0x0023D000	28784	0x00410
battle/bed/PALYZE.BED	1161	0x00244800	3712	0x0041C
battle/bed/PANIC.BED	1163	0x00245800	5968	0x00428
battle/bed/POISON.BED	1166	0x00247000	5728	0x00434
battle/bed/SHOCK.BED	1169	0x00248800	3712	0x00440
battle/bed/SLEEP.BED	1171	0x00249800	5728	0x0044C
battle/bed/STONE.BED	1174	0x0024B000	29872	0x00458
battle/bed/SUMMON.BED	1189	0x00252800	5712	0x00464
battle/bed/ZAN.BED	1192	0x00254000	7488	0x00470
battle/d3p/CHAHEART.D3P	1196	0x00256000	2832	0x005D0
battle/d3p/CHARM.D3P	1198	0x00257000	544	0x005DC
battle/d3p/CLOSE.D3P	1199	0x00257800	272	0x005E8
battle/d3p/CLOSE2.D3P	1200	0x00258000	272	0x005F4
battle/d3p/CURSE1.D3P	1201	0x00258800	544	0x00600
battle/d3p/DAMAGE02.D3P	1202	0x00259000	33792	0x0060C
battle/d3p/DOKURO.D3P	1219	0x00261800	5776	0x00618
battle/d3p/FE01.PCF	1222	0x00263000	68	0x00624
battle/d3p/FIRE.D3P	1223	0x00263800	228	0x00630
battle/d3p/FPRE2B.PCF	1224	0x00264000	112	0x0063C
battle/d3p/FPS3B.PCF	1225	0x00264800	240	0x00648
battle/d3p/FPSE02.PCF	1226	0x00265000	108	0x00654
battle/d3p/FPSE03.PCF	1227	0x00265800	108	0x00660
battle/d3p/FREEZE01.D3P	1228	0x00266000	2624	0x0066C
battle/d3p/HANSYA.PB	1230	0x00267000	39744	0x00678
battle/d3p/HANSYA_A.PCF	1250	0x00271000	112	0x00684
battle/d3p/HANSYA_M.PCF	1251	0x00271800	112	0x00690
battle/d3p/KYU_BLUR.PCF	1252	0x00272000	100	0x0069C
battle/d3p/KYU_RING.PCF	1253	0x00272800	124	0x006A8
battle/d3p/PANIC.D3P	1254	0x00273000	2640	0x006B4
battle/d3p/POISON.D3P	1256	0x00274000	2512	0x006C0
battle/d3p/RPE2A.PCF	1258	0x00275000	124	0x006CC
battle/d3p/RPE2B.PCF	1259	0x00275800	124	0x006D8
battle/d3p/RPE2C.PCF	1260	0x00276000	124	0x006E4
battle/d3p/RPE2D.PCF	1261	0x00276800	124	0x006F0
battle/d3p/RSMOKE01.D3P	1262	0x00277000	416	0x006FC
battle/d3p/SLEEP.D3P	1263	0x00277800	7056	0x00708
battle/d3p/STONEB.D3P	1267	0x00279800	1056	0x00714
battle/d3p/STONEB.PB	1268	0x0027A000	98304	0x00720
battle/d3p/STONEB01.D3P	1316	0x00292000	416	0x0072C
battle/d3p/YSMOKE01.D3P	1317	0x00292800	416	0x00738
battle/d3p/ice.D3P	1318	0x00293000	244	0x00744
battle/d3p/ice_p.D3P	1319	0x00293800	228	0x00750
battle/d3p/mafu.D3P	1320	0x00294000	244	0x0075C
battle/p2a/FIRE20.P2A	1321	0x00294800	12000	0x008E0
battle/p2a/FIRE21.P2A	1327	0x00297800	12000	0x008EC
battle/p2a/FIRE22.P2A	1333	0x0029A800	2176	0x008F8
battle/p2a/KANDEN0.P2A	1335	0x0029B800	34240	0x00904
battle/p2a/KONRAN00.P2A	1352	0x002A4000	2704	0x00910
battle/p2a/POISON0.P2A	1354	0x002A5000	8560	0x0091C
battle/p2a/STONE00.P2A	1359	0x002A7800	2240	0x00928
battle/panel/analyze.spr	1361	0x002A8800	53840	0x00988
battle/panel/b_bupbst.tmx	1388	0x002B6000	66624	0x00994
battle/panel/batle_01.spr	1421	0x002C6800	73360	0x009A0
battle/panel/batle_02.spr	1457	0x002D8800	13440	0x009AC
battle/panel/battle_01.tmx	1464	0x002DC000	33856	0x009B8
battle/panel/battle_02.tmx	1481	0x002E4800	33856	0x009C4
battle/panel/battle_03.spr	1498	0x002ED000	69296	0x009D0
battle/panel/battle_03.tmx	1532	0x002FE000	33856	0x009DC
battle/panel/battle_04.tmx	1549	0x00306800	33856	0x009E8
battle/panel/m_icon.tmx	1566	0x0030F000	9280	0x009F4
battle/panel/test001.spr	1571	0x00311800	67216	0x00A00
battle/script/0x2d.bmd	1604	0x00322000	4594	0x00A9C
battle/script/0x46.bmd	1607	0x00323800	4554	0x00AA8
battle/script/0x47.bmd	1610	0x00325000	4590	0x00AB4
battle/script/0x49.bmd	1613	0x00326800	4570	0x00AC0
battle/script/0x56.bmd	1616	0x00328000	4558	0x00ACC
battle/script/dummy.bmd	1619	0x00329800	3616	0x00AD8
battle/script/nego.bf	1621	0x0032A800	10992	0x00AE4
battle/script/test.bmd	1627	0x0032D800	4642	0x00AF0
battle/tmx/Battle_01.tmx	1630	0x0032F000	33856	0x00B44
battle/tmx/Battle_02.tmx	1647	0x00337800	33856	0x00B50
battle/tmx/Battle_03.tmx	1664	0x00340000	33856	0x00B5C
battle/tmx/Battle_04.tmx	1681	0x00348800	33856	0x00B68
battle/tmx/Damage.tmx	1698	0x00351000	4224	0x00B74
battle/tmx/Target.tmx	1701	0x00352800	4224	0x00B80
battle/tmx/result_01.tmx	1704	0x00354000	33856	0x00B8C
battle/tmx/result_02.tmx	1721	0x0035C800	33856	0x00B98
battle/tmx/result_03.tmx	1738	0x00365000	66624	0x00BA4
bill/TEST00.P2A	1771	0x00375800	38064	0x00C28
bill/TEST01.P2A	1790	0x0037F000	40800	0x00C34
bill/TEST_N.P2A	1810	0x00389000	5312	0x00C40
bill/bil00.tmx	1813	0x0038A800	5184	0x00C4C
bill/bil01.tmx	1816	0x0038C000	5184	0x00C58
bill/bil02.tmx	1819	0x0038D800	5184	0x00C64
bill/bil03.tmx	1822	0x0038F000	5184	0x00C70
bill/bil10.tmx	1825	0x00390800	8320	0x00C7C
bill/bil11.tmx	1830	0x00393000	32896	0x00C88
bill/bil12.tmx	1847	0x0039B800	2176	0x00C94
bill/bil13.tmx	1849	0x0039C800	2176	0x00CA0
bill/bil14.tmx	1851	0x0039D800	2176	0x00CAC
bill/bil15.tmx	1853	0x0039E800	2176	0x00CB8
bill/bil16.tmx	1855	0x0039F800	32896	0x00CC4
bill/billtmx.LB	1872	0x003A8000	8576	0x00CD0
bill/flare01.tmx	1877	0x003AA800	2176	0x00CDC
bill/flare03.tmx	1879	0x003AB800	2176	0x00CE8
bill/flare05.tmx	1881	0x003AC800	2176	0x00CF4
bill/flare06.tmx	1883	0x003AD800	2176	0x00D00
bill/flare07.tmx	1885	0x003AE800	2176	0x00D0C
bill/flare09.tmx	1887	0x003AF800	2176	0x00D18
bill/flash.tmx	1889	0x003B0800	5184	0x00D24
bill/glow01.tmx	1892	0x003B2000	5184	0x00D30
bill/light.tmx	1895	0x003B3800	16448	0x00D3C
bill/maru.tmx	1904	0x003B8000	4160	0x00D48
bill/mblur8.tmx	1907	0x003B9800	5184	0x00D54
bill/mblur8_3.tmx	1910	0x003BB000	5184	0x00D60
bill/smoke.tmx	1913	0x003BC800	4160	0x00D6C
bill/smoke07.tmx	1916	0x003BE000	640	0x00D78
bill/smoke08.tmx	1917	0x003BE800	640	0x00D84
bill/smoke10.tmx	1918	0x003BF000	640	0x00D90
bill/smoke12.tmx	1919	0x003BF800	640	0x00D9C
bill/smoke16.tmx	1920	0x003C0000	640	0x00DA8
bill/smoke2.tmx	1921	0x003C0800	4160	0x00DB4
bill/stage.tmx	1924	0x003C2000	2112	0x00DC0
camp/mot/bg.mot	1926	0x003C3000	304	0x00F6C
camp/mot/cursor.mot	1927	0x003C3800	144	0x00F78
camp/mot/up_down.mot	1928	0x003C4000	192	0x00F84
camp/spr/c_atm/c_atm01.spr	1929	0x003C4800	33520	0x010AC
camp/spr/c_atm/c_atm02.spr	1946	0x003CD000	19840	0x010B8
camp/spr/c_atm/c_atm03.spr	1956	0x003D2000	71840	0x010C4
camp/spr/c_con/c_con01.spr	1992	0x003E4000	10288	0x010F4
camp/spr/c_con/c_con02.spr	1998	0x003E7000	36624	0x01100
camp/spr/c_con/c_con03.spr	2016	0x003F0000	35536	0x0110C
camp/spr/c_con/c_con04.spr	2034	0x003F9000	67360	0x01118
camp/spr/c_itm/c_blet01.spr	2067	0x00409800	20480	0x01154
camp/spr/c_itm/c_gun01.spr	2077	0x0040E800	10016	0x01160
camp/spr/c_itm/c_itm01.spr	2082	0x00411000	19296	0x0116C
camp/spr/c_itm/c_itm02.spr	2092	0x00416000	18208	0x01178
camp/spr/c_itm/c_next.spr	2101	0x0041A800	5920	0x01184
camp/spr/c_min/all_csl.spr	2104	0x0041C000	6736	0x011CC
camp/spr/c_min/all_mgsp.spr	2108	0x0041E000	11376	0x011D8
camp/spr/c_min/c_arujir.spr	2114	0x00421000	17792	0x011E4
camp/spr/c_min/c_geil.spr	2123	0x00425800	17792	0x011F0
camp/spr/c_min/c_hirt.spr	2132	0x0042A000	17792	0x011FC
camp/spr/c_min/c_min01.spr	2141	0x0042E800	34720	0x01208
camp/spr/c_min/c_min02.spr	2158	0x00437000	3856	0x01214
camp/spr/c_min/c_min03.spr	2160	0x00438000	35264	0x01220
camp/spr/c_min/c_min04.spr	2178	0x00441000	9472	0x0122C
camp/spr/c_min/c_min05.spr	2183	0x00443800	33632	0x01238
camp/spr/c_min/c_min06.spr	2200	0x0044C000	5376	0x01244
camp/spr/c_min/c_roard.spr	2203	0x0044D800	17792	0x01250
camp/spr/c_min/c_sarf.spr	2212	0x00452000	17792	0x0125C
camp/spr/c_min/c_sera.spr	2221	0x00456800	17792	0x01268
camp/spr/c_min/c_seraf.spr	2230	0x0045B000	17792	0x01274
camp/spr/c_min/c_siero.spr	2239	0x0045F800	17792	0x01280
camp/spr/c_min/cn_arjir.spr	2248	0x00464000	5504	0x0128C
camp/spr/c_min/cn_geil.spr	2251	0x00465800	5504	0x01298
camp/spr/c_min/cn_hirt.spr	2254	0x00467000	5504	0x012A4
camp/spr/c_min/cn_roard.spr	2257	0x00468800	5504	0x012B0
camp/spr/c_min/cn_sarf.spr	2260	0x0046A000	5504	0x012BC
camp/spr/c_min/cn_sera.spr	2263	0x0046B800	5504	0x012C8
camp/spr/c_min/cn_seraf.spr	2266	0x0046D000	5504	0x012D4
camp/spr/c_min/cn_siero.spr	2269	0x0046E800	5504	0x012E0
camp/spr/c_pty/c_pty01.spr	2272	0x00470000	47584	0x01410
camp/spr/c_pty/p_arujir.spr	2296	0x0047C000	17664	0x0141C
camp/spr/c_pty/p_geil.spr	2305	0x00480800	17664	0x01428
camp/spr/c_pty/p_hirt.spr	2314	0x00485000	17664	0x01434
camp/spr/c_pty/p_roard.spr	2323	0x00489800	17664	0x01440
camp/spr/c_pty/p_sarf.spr	2332	0x0048E000	17664	0x0144C
camp/spr/c_pty/p_sera.spr	2341	0x00492800	17664	0x01458
camp/spr/c_pty/p_seraf.spr	2350	0x00497000	17664	0x01464
camp/spr/c_pty/p_siero.spr	2359	0x0049B800	17664	0x01470
camp/spr/c_ski/c_ski01.spr	2368	0x004A0000	41824	0x014E8
camp/spr/c_ski/c_ski02.spr	2389	0x004AA800	20240	0x014F4
camp/spr/c_ski/c_ski03.spr	2399	0x004AF800	53168	0x01500
camp/spr/c_sta/c_sta01.spr	2425	0x004BC800	37472	0x01530
camp/spr/c_sta/c_sta02.spr	2444	0x004C6000	18480	0x0153C
camp/spr/c_sta/c_sta03.spr	2454	0x004CB000	8656	0x01548
camp/spr/c_sta/c_sta04.spr	2459	0x004CD800	3328	0x01554
camp/spr/n_con/n_con01.spr	2461	0x004CE800	10288	0x01590
camp/spr/n_con/n_con02.spr	2467	0x004D1800	36624	0x0159C
camp/spr/n_con/n_con03.spr	2485	0x004DA800	18192	0x015A8
camp/spr/n_con/n_con04.spr	2494	0x004DF000	33632	0x015B4
camp/spr/n_itm/n_itm01.spr	2511	0x004E7800	19840	0x015F0
camp/spr/n_min/bad_sta1.spr	2521	0x004EC800	2304	0x01608
camp/spr/n_min/bad_sta2.spr	2523	0x004ED800	2304	0x01614
camp/spr/n_min/bad_sta3.spr	2525	0x004EE800	2304	0x01620
camp/spr/n_min/bad_sta4.spr	2527	0x004EF800	2304	0x0162C
camp/spr/n_min/bad_sta5.spr	2529	0x004F0800	2304	0x01638
camp/spr/n_min/n_arujir.spr	2531	0x004F1800	18064	0x01644
camp/spr/n_min/n_geil.spr	2540	0x004F6000	18064	0x01650
camp/spr/n_min/n_hirt.spr	2549	0x004FA800	18064	0x0165C
camp/spr/n_min/n_min01.spr	2558	0x004FF000	34864	0x01668
camp/spr/n_min/n_min02.spr	2576	0x00508000	4128	0x01674
camp/spr/n_min/n_min03.spr	2579	0x00509800	37440	0x01680
camp/spr/n_min/n_min04.spr	2598	0x00513000	9472	0x0168C
camp/spr/n_min/n_min05.spr	2603	0x00515800	33632	0x01698
camp/spr/n_min/n_min06.spr	2620	0x0051E000	5376	0x016A4
camp/spr/n_min/n_next.spr	2623	0x0051F800	3312	0x016B0
camp/spr/n_min/n_roard.spr	2625	0x00520800	17792	0x016BC
camp/spr/n_min/n_sarf.spr	2634	0x00525000	18064	0x016C8
camp/spr/n_min/n_sera.spr	2643	0x00529800	18064	0x016D4
camp/spr/n_min/n_seraf.spr	2652	0x0052E000	17792	0x016E0
camp/spr/n_min/n_siero.spr	2661	0x00532800	18064	0x016EC
camp/spr/n_min/nall_cmm.spr	2670	0x00537000	10400	0x016F8
camp/spr/n_min/nall_hep.spr	2676	0x0053A000	9328	0x01704
camp/spr/n_min/nall_hp.spr	2681	0x0053C800	11776	0x01710
camp/spr/n_min/nn_arjir.spr	2687	0x0053F800	5504	0x0171C
camp/spr/n_min/nn_geil.spr	2690	0x00541000	5504	0x01728
camp/spr/n_min/nn_hirt.spr	2693	0x00542800	5504	0x01734
camp/spr/n_min/nn_roard.spr	2696	0x00544000	5504	0x01740
camp/spr/n_min/nn_sarf.spr	2699	0x00545800	5504	0x0174C
camp/spr/n_min/nn_sera.spr	2702	0x00547000	5504	0x01758
camp/spr/n_min/nn_seraf.spr	2705	0x00548800	5504	0x01764
camp/spr/n_min/nn_siero.spr	2708	0x0054A000	5504	0x01770
camp/spr/n_pac/cmpSprPac.sh	2711	0x0054B800	170	0x018F8
camp/spr/n_pac/cmpSprPacA.txt	2712	0x0054C000	330	0x01904
camp/spr/n_pac/cmpSprPacB.txt	2713	0x0054C800	753	0x01910
camp/spr/n_pac/cmpSprPacC.txt	2714	0x0054D000	564	0x0191C
camp/spr/n_pac/sprite_a.lb	2715	0x0054D800	36096	0x01928
camp/spr/n_pac/sprite_b.lb	2733	0x00556800	119936	0x01934
camp/spr/n_pac/sprite_c.lb	2792	0x00574000	184000	0x01940
camp/spr/n_pty/n_pty01.spr	2882	0x005A1000	58224	0x019AC
camp/spr/n_pty/np_arujir.spr	2911	0x005AF800	34048	0x019B8
camp/spr/n_pty/np_geil.spr	2928	0x005B8000	34048	0x019C4
camp/spr/n_pty/np_hirt.spr	2945	0x005C0800	34048	0x019D0
camp/spr/n_pty/np_roard.spr	2962	0x005C9000	34048	0x019DC
camp/spr/n_pty/np_sarf.spr	2979	0x005D1800	34048	0x019E8
camp/spr/n_pty/np_sera.spr	2996	0x005DA000	34048	0x019F4
camp/spr/n_pty/np_seraf.spr	3013	0x005E2800	34048	0x01A00
camp/spr/n_pty/np_siero.spr	3030	0x005EB000	34048	0x01A0C
camp/spr/n_ski/n_ski01.spr	3047	0x005F3800	26112	0x01A8C
camp/spr/n_ski/n_ski02.spr	3060	0x005FA000	22032	0x01A98
camp/spr/n_ski/n_ski03.spr	3071	0x005FF800	53168	0x01AA4
camp/spr/n_sta/n_sta01.spr	3097	0x0060C800	64560	0x01AD4
camp/spr/n_sta/n_sta02.spr	3129	0x0061C800	34208	0x01AE0
conf/net/dev.cnf	3146	0x00625000	113	0x01B14
conf/net/ifc.cnf	3147	0x00625800	70	0x01B20
conf/net/net.cnf	3148	0x00626000	88	0x01B2C
effect/flare01.tmx	3149	0x00626800	640	0x01B50
effect/flare02.tmx	3150	0x00627000	640	0x01B5C
effect/flare03.tmx	3151	0x00627800	640	0x01B68
effect/flare04.tmx	3152	0x00628000	640	0x01B74
effect/flare05.tmx	3153	0x00628800	640	0x01B80
effect/flare06.tmx	3154	0x00629000	640	0x01B8C
effect/flare07.tmx	3155	0x00629800	640	0x01B98
effect/flash00.tmx	3156	0x0062A000	66624	0x01BA4
effect/flash01.tmx	3189	0x0063A800	33856	0x01BB0
effect/gene0.tmx	3206	0x00643000	5184	0x01BBC
effect/gene1.tmx	3209	0x00644800	640	0x01BC8
effect/gene2.tmx	3210	0x00645000	5184	0x01BD4
effect/gene3.tmx	3213	0x00646800	5184	0x01BE0
effect/gene4.tmx	3216	0x00648000	640	0x01BEC
effect/gene5.tmx	3217	0x00648800	640	0x01BF8
effect/gene6.tmx	3218	0x00649000	640	0x01C04
effect/gene7.tmx	3219	0x00649800	640	0x01C10
effect/scaly00.tmx	3220	0x0064A000	66624	0x01C1C
effect/wind00.tmx	3253	0x0065A800	66624	0x01C28
event/e500/e500/e500_001/E500_001.PM1	3286	0x0066B000	224	0x01FA4
event/e500/e500/e500_001/readme.txt	3287	0x0066B800	6	0x01FB0
event/e500/e500/e500_002/E500_002.PM1	3288	0x0066C000	4287984	0x01FD4
event/e500/e500/e500_002/E500_002.PM2	5382	0x00A83000	5344	0x01FE0
event/e500/e500/e500_002/readme.txt	5385	0x00A84800	6	0x01FEC
event/e500/e500/e500_003/E500_003.PM1	5386	0x00A85000	2292832	0x02020
event/e500/e500/e500_003/E500_003.PM2	6506	0x00CB5000	960	0x0202C
event/e500/e500/e500_004/E500_004.PM1	6507	0x00CB5800	1053568	0x02054
event/e500/e500/e500_004/E500_004.PM2	7022	0x00DB7000	488	0x02060
event/e500/e500/include/readme.txt	7023	0x00DB7800	6	0x02088
event/e500/e500/scr/e500.be	7024	0x00DB8000	964800	0x020A0
event/e500/e500/scr/e500.bf	7496	0x00EA4000	512	0x020AC
event/e500/e500/scr/readme.txt	7497	0x00EA4800	6	0x020B8
event/e500/e501/effect/e_effe00.D3P	7498	0x00EA5000	220	0x02118
event/e500/e501/effect/e_effe01.D3P	7499	0x00EA5800	220	0x02124
event/e500/e501/effect/e_effe02.D3P	7500	0x00EA6000	228	0x02130
event/e500/e501/effect/e_effe03.D3P	7501	0x00EA6800	228	0x0213C
event/e500/e501/effect/e_effe04.D3P	7502	0x00EA7000	96	0x02148
event/e500/e501/effect/e_effe05.D3P	7503	0x00EA7800	228	0x02154
event/e500/e501/effect/e_effe06.D3P	7504	0x00EA8000	228	0x02160
event/e500/e501/effect/e_effe07.D3P	7505	0x00EA8800	224	0x0216C
event/e500/e501/effect/e_effe08.D3P	7506	0x00EA9000	224	0x02178
event/e500/e501/include/readme.txt	7507	0x00EA9800	6	0x021FC
event/e500/e501/scr/e501.bf	7508	0x00EAA000	1848	0x02214
event/e500/e501/scr/readme.txt	7509	0x00EAA800	6	0x02220
event/e500/e502/effect/EFFECT00.D3P	7510	0x00EAB000	272	0x02264
event/e500/e502/effect/EFFECT01.D3P	7511	0x00EAB800	256	0x02270
event/e500/e502/effect/EFFECT03.D3P	7512	0x00EAC000	268	0x0227C
event/e500/e502/effect/EFFECT04.D3P	7513	0x00EAC800	268	0x02288
event/e500/e502/effect/EFFECT05.D3P	7514	0x00EAD000	252	0x02294
event/e500/e502/effect/EFFECT06.D3P	7515	0x00EAD800	272	0x022A0
event/e500/e502/effect/EFFECT07.D3P	7516	0x00EAE000	272	0x022AC
event/e500/e502/effect/EFFECT08.D3P	7517	0x00EAE800	272	0x022B8
event/e500/e502/scr/e502.bf	7518	0x00EAF000	1854	0x0232C
event/e500/e503/e503_001/E503_001.PM1	7519	0x00EAF800	2938928	0x02378
event/e500/e503/e503_001/E503_001.PM2	8955	0x0117D800	3124	0x02384
event/e500/e503/e503_001/E503_001.PM3	8957	0x0117E800	48	0x02390
event/e500/e503/effect/EFF01.D3P	8958	0x0117F000	268	0x023C4
event/e500/e503/scr/e503.bf	8959	0x0117F800	5047	0x023DC
event/e500/e504/e504_003/E504_003.PM1	8962	0x01181000	2741488	0x02408
event/e500/e504/e504_003/E504_003.PM2	10301	0x0141E800	1120	0x02414
event/e500/e505/e505_010/E505_010.PM1	10302	0x0141F000	2217536	0x02490
event/e500/e505/e505_010/E505_010.PM2	11385	0x0163C800	1136	0x0249C
event/e500/e505/e505_050/E505_050.PM1	11386	0x0163D000	3089920	0x024C4
event/e500/e505/e505_050/E505_050.PM2	12895	0x0192F800	1472	0x024D0
event/e500/e505/e505_080/E505_080.PM1	12896	0x01930000	4144224	0x024F8
event/e500/e505/e505_080/E505_080.PM2	14920	0x01D24000	1808	0x02504
event/e500/e505/effect/EFF01.D3P	14921	0x01D24800	352	0x0252C
event/e500/e505/effect/EFF02.D3P	14922	0x01D25000	352	0x02538
event/e500/e505/effect/EFF03.D3P	14923	0x01D25800	352	0x02544
event/e500/e505/effect/EFF04.D3P	14924	0x01D26000	336	0x02550
event/e500/e505/effect/EFF15.D3P	14925	0x01D26800	352	0x0255C
event/e500/e506/scr/e506.bf	14926	0x01D27000	2480	0x025AC
event/e500/e507/E507_010.PM1	14928	0x01D28000	2256	0x025C0
event/e500/e507/E507_010.PM2	14930	0x01D29000	1136	0x025CC
event/e500/e508/E508_050.PM1	14931	0x01D29800	2304	0x025F4
event/e500/e508/E508_050.PM2	14933	0x01D2A800	1472	0x02600
event/e500/e509/E505_080.PM1	14934	0x01D2B000	3920	0x02628
event/e500/e509/E505_080.PM2	14936	0x01D2C000	1808	0x02634
event/e500/e509/E509_080.PM1	14937	0x01D2C800	3920	0x02640
event/e500/e509/E509_080.PM2	14939	0x01D2D800	1808	0x0264C
event/e510/e510/effect/keitai.tmx	14940	0x01D2E000	263232	0x026F4
event/e510/e510/scr/e510.bf	15069	0x01D6E800	2264	0x0270C
event/e510/e511/e511_001/E511_001.PM1	15071	0x01D6F800	2650432	0x02758
event/e510/e511/e511_001/E511_001.PM2	16366	0x01FF7000	6088	0x02764
event/e510/e511/e511_001/E800_010.PM1	16369	0x01FF8800	3452224	0x02770
event/e510/e511/e511_001/E800_010.PM2	18055	0x02343800	4264	0x0277C
event/e510/e511/e511_001/E800_070.PM1	18058	0x02345000	2650432	0x02788
event/e510/e511/e511_001/E800_070.PM2	19353	0x025CC800	6088	0x02794
event/e510/e511/effect/temp.txt	19356	0x025CE000	34	0x027F0
event/e510/e511/scr/temp.txt	19357	0x025CE800	34	0x02808
event/e510/e512/E512_010/E512_010.PM1	19358	0x025CF000	3071008	0x02858
event/e510/e512/E512_010/E512_010.PM2	20858	0x028BD000	960	0x02864
event/e510/e512/effect/temp.txt	20859	0x028BD800	34	0x0288C
event/e510/e512/scr/temp.txt	20860	0x028BE000	34	0x028A4
event/e510/e513/effect/temp.txt	20861	0x028BE800	34	0x028E0
event/e510/e513/scr/temp.txt	20862	0x028BF000	34	0x028F8
event/e550/e550/effect/temp.txt	20863	0x028BF800	34	0x02968
event/e550/e550/scr/e550.bf	20864	0x028C0000	1768	0x02980
event/e550/e550/scr/temp.txt	20865	0x028C0800	34	0x0298C
event/e550/e555/e555_001/E555_001.PM1	20866	0x028C1000	1943056	0x029C4
event/e550/e555/e555_001/E555_001.PM2	21815	0x02A9B800	1456	0x029D0
event/e550/e555/e555_001/E555_001.PM3	21816	0x02A9C000	48	0x029DC
event/e550/e556/e556_001/E556_001.PM1	21817	0x02A9C800	2806016	0x02A7C
event/e550/e556/e556_001/E556_001.PM2	23188	0x02D4A000	564	0x02A88
event/e550/e556/e556_001/E556_001.PM3	23189	0x02D4A800	48	0x02A94
event/e550/e556/e556_002/E556_002.PM1	23190	0x02D4B000	1568176	0x02AC8
event/e550/e556/e556_002/E556_002.PM2	23956	0x02ECA000	1376	0x02AD4
event/e550/e556/e556_002/E556_002.PM3	23957	0x02ECA800	48	0x02AE0
event/e550/e556/e556_003/E556_003.PM1	23958	0x02ECB000	1042096	0x02B14
event/e550/e556/e556_003/E556_003.PM2	24467	0x02FC9800	1308	0x02B20
event/e550/e556/e556_003/E556_003.PM3	24468	0x02FCA000	48	0x02B2C
event/e550/e556/e556_004/E556_004.PM1	24469	0x02FCA800	1315920	0x02B60
event/e550/e556/e556_004/E556_004.PM2	25112	0x0310C000	764	0x02B6C
event/e550/e556/e556_004/E556_004.PM3	25113	0x0310C800	48	0x02B78
event/e550/e556/e556_005/E556_005.PM1	25114	0x0310D000	2044688	0x02BAC
event/e550/e556/e556_005/E556_005.PM2	26113	0x03300800	764	0x02BB8
event/e550/e556/e556_005/E556_005.PM3	26114	0x03301000	48	0x02BC4
event/e600/e601/e601_001/E601_001.PM1	26115	0x03301800	36736	0x02CE4
event/e600/e601/e601_001/E601_001.PM2	26133	0x0330A800	1136	0x02CF0
event/e600/e601/e601_001/E601_001.PM3	26134	0x0330B000	48	0x02CFC
event/e600/e601/e601_002/E601_002.PM1	26135	0x0330B800	167344	0x02D30
event/e600/e601/e601_002/E601_002.PM2	26217	0x03334800	772	0x02D3C
event/e600/e601/e601_002/E601_002.PM3	26218	0x03335000	48	0x02D48
event/e600/e601/effect/keikoku1.tmx	26219	0x03335800	131200	0x02D7C
event/e600/e601/effect/keikoku2.tmx	26284	0x03356000	131200	0x02D88
event/e600/e601/effect/temp.txt	26349	0x03376800	34	0x02D94
event/e600/e601/scr/e601.bf	26350	0x03377000	828	0x02DC4
event/e600/e601/scr/temp.txt	26351	0x03377800	34	0x02DD0
event/e600/e602/e602_001/E602_001.PM1	26352	0x03378000	37648	0x02E28
event/e600/e602/e602_001/E602_001.PM2	26371	0x03381800	6452	0x02E34
event/e600/e602/e602_001/E602_001.PM3	26375	0x03383800	48	0x02E40
event/e600/e602/effect/temp.txt	26376	0x03384000	34	0x02E74
event/e600/e602/scr/e602.bf	26377	0x03384800	468	0x02E8C
event/e600/e602/scr/temp.txt	26378	0x03385000	34	0x02E98
event/e600/e603/e603_001/E603_001.PM1	26379	0x03385800	7781616	0x02EF0
event/e600/e603/e603_001/E603_001.PM2	30179	0x03AF1800	12256	0x02EFC
event/e600/e603/e603_001/E603_001.PM3	30185	0x03AF4800	92	0x02F08
event/e600/e603/effect/temp.txt	30186	0x03AF5000	34	0x02F3C
event/e600/e603/scr/e603.bf	30187	0x03AF5800	444	0x02F54
event/e600/e603/scr/temp.txt	30188	0x03AF6000	34	0x02F60
event/e600/e604/e604_001/E604_001.PM1	30189	0x03AF6800	3529744	0x02FB8
event/e600/e604/e604_001/E604_001.PM2	31913	0x03E54800	2728	0x02FC4
event/e600/e604/e604_001/E604_001.PM3	31915	0x03E55800	92	0x02FD0
event/e600/e604/effect/temp.txt	31916	0x03E56000	34	0x03004
event/e600/e604/scr/e604.bf	31917	0x03E56800	456	0x0301C
event/e600/e604/scr/temp.txt	31918	0x03E57000	34	0x03028
event/e600/e605/e605_001/E605_001.PM1	31919	0x03E57800	8203392	0x03080
event/e600/e605/e605_001/E605_001.PM2	35925	0x0462A800	11344	0x0308C
event/e600/e605/e605_001/E605_001.PM3	35931	0x0462D800	92	0x03098
event/e600/e605/effect/temp.txt	35932	0x0462E000	34	0x030CC
event/e600/e605/scr/e605.bf	35933	0x0462E800	472	0x030E4
event/e600/e605/scr/temp.txt	35934	0x0462F000	34	0x030F0
event/e600/e606/e606_001/E606_001.PM1	35935	0x0462F800	5431488	0x03148
event/e600/e606/e606_001/E606_001.PM2	38588	0x04B5E000	3488	0x03154
event/e600/e606/e606_001/E606_001.PM3	38590	0x04B5F000	92	0x03160
event/e600/e606/effect/temp.txt	38591	0x04B5F800	34	0x03194
event/e600/e606/scr/e606.bf	38592	0x04B60000	456	0x031AC
event/e600/e606/scr/temp.txt	38593	0x04B60800	34	0x031B8
event/e600/e607/e607_001/E607_001.PM1	38594	0x04B61000	38400	0x03228
event/e600/e607/e607_001/E607_001.PM2	38613	0x04B6A800	2808	0x03234
event/e600/e607/e607_001/E607_001.PM3	38615	0x04B6B800	48	0x03240
event/e600/e607/e607_010/E607_010.PM1	38616	0x04B6C000	1368912	0x03274
event/e600/e607/e607_010/E607_010.PM2	39285	0x04CBA800	656	0x03280
event/e600/e607/effect/temp.txt	39286	0x04CBB000	34	0x032A8
event/e600/e607/scr/e607.bf	39287	0x04CBB800	468	0x032C0
event/e600/e607/scr/temp.txt	39288	0x04CBC000	34	0x032CC
event/e600/e608/e608.xls	39289	0x04CBC800	31232	0x032EC
event/e600/e608/e608_001/E608_001.PM1	39305	0x04CC4800	4665776	0x0333C
event/e600/e608/e608_001/E608_001.PM2	41584	0x05138000	3336	0x03348
event/e600/e608/e608_001/E608_001.PM3	41586	0x05139000	92	0x03354
event/e600/e608/effect/temp.txt	41587	0x05139800	34	0x03388
event/e600/e608/scr/e608.bf	41588	0x0513A000	488	0x033A0
event/e600/e608/scr/temp.txt	41589	0x0513A800	34	0x033AC
event/e600/e609/e609_001/E609_001.PM1	41590	0x0513B000	6738800	0x03404
event/e600/e609/e609_001/E609_001.PM2	44881	0x057A8800	10356	0x03410
event/e600/e609/e609_001/E609_001.PM3	44887	0x057AB800	92	0x0341C
event/e600/e609/effect/temp.txt	44888	0x057AC000	34	0x03450
event/e600/e609/scr/e609.bf	44889	0x057AC800	476	0x03468
event/e600/e609/scr/temp.txt	44890	0x057AD000	34	0x03474
event/e610/e610/e610_001/E610_001.PM1	44891	0x057AD800	4203568	0x03578
event/e610/e610/e610_001/E610_001.PM2	46944	0x05BB0000	3372	0x03584
event/e610/e610/e610_001/E610_001.PM3	46946	0x05BB1000	92	0x03590
event/e610/e610/effect/EFF01.D3P	46947	0x05BB1800	400	0x035C4
event/e610/e610/effect/EFF02.D3P	46948	0x05BB2000	400	0x035D0
event/e610/e610/effect/EFF03.D3P	46949	0x05BB2800	400	0x035DC
event/e610/e610/effect/EFF04.D3P	46950	0x05BB3000	400	0x035E8
event/e610/e610/effect/EFF05.D3P	46951	0x05BB3800	400	0x035F4
event/e610/e610/effect/temp.txt	46952	0x05BB4000	34	0x03600
event/e610/e610/scr/e610.bf	46953	0x05BB4800	528	0x03648
event/e610/e610/scr/temp.txt	46954	0x05BB5000	34	0x03654
event/e610/e611/e611_001/E611_001.PM1	46955	0x05BB5800	37232	0x036AC
event/e610/e611/e611_001/E611_001.PM2	46974	0x05BBF000	2204	0x036B8
event/e610/e611/e611_001/E611_001.PM3	46976	0x05BC0000	48	0x036C4
event/e610/e611/effect/temp.txt	46977	0x05BC0800	34	0x036F8
event/e610/e611/scr/e611.bf	46978	0x05BC1000	472	0x03710
event/e610/e611/scr/temp.txt	46979	0x05BC1800	34	0x0371C
event/e610/e612/e612_001/E612_001.PM1	46980	0x05BC2000	8081664	0x03774
event/e610/e612/e612_001/E612_001.PM2	50927	0x06377800	15836	0x03780
event/e610/e612/e612_001/E612_001.PM3	50935	0x0637B800	92	0x0378C
event/e610/e612/effect/temp.txt	50936	0x0637C000	34	0x037C0
event/e610/e612/scr/e612.bf	50937	0x0637C800	512	0x037D8
event/e610/e612/scr/temp.txt	50938	0x0637D000	34	0x037E4
event/e610/e613/e613_001/E613_001.PM1	50939	0x0637D800	39712	0x0383C
event/e610/e613/e613_001/E613_001.PM2	50959	0x06387800	4296	0x03848
event/e610/e613/e613_001/E613_001.PM3	50962	0x06389000	48	0x03854
event/e610/e613/effect/temp.txt	50963	0x06389800	34	0x03888
event/e610/e613/scr/e613.bf	50964	0x0638A000	624	0x038A0
event/e610/e613/scr/temp.txt	50965	0x0638A800	34	0x038AC
event/e610/e614/e614_001/E614_001.PM1	50966	0x0638B000	8075840	0x03904
event/e610/e614/e614_001/E614_001.PM2	54910	0x06B3F000	12032	0x03910
event/e610/e614/e614_001/E614_001.PM3	54916	0x06B42000	180	0x0391C
event/e610/e614/effect/temp.txt	54917	0x06B42800	34	0x03950
event/e610/e614/scr/e614.bf	54918	0x06B43000	584	0x03968
event/e610/e614/scr/temp.txt	54919	0x06B43800	34	0x03974
event/e610/e615/e615_001/E615_001.PM1	54920	0x06B44000	37488	0x039CC
event/e610/e615/e615_001/E615_001.PM2	54939	0x06B4D800	1180	0x039D8
event/e610/e615/e615_001/E615_001.PM3	54940	0x06B4E000	48	0x039E4
event/e610/e615/effect/temp.txt	54941	0x06B4E800	34	0x03A18
event/e610/e615/scr/e615.bf	54942	0x06B4F000	472	0x03A30
event/e610/e615/scr/temp.txt	54943	0x06B4F800	34	0x03A3C
event/e610/e616/e616_001/E616_001.PM1	54944	0x06B50000	7578400	0x03AAC
event/e610/e616/e616_001/E616_001.PM2	58645	0x0728A800	14744	0x03AB8
event/e610/e616/e616_001/E616_001.PM3	58653	0x0728E800	180	0x03AC4
event/e610/e616/e616_002/E616_002.PM1	58654	0x0728F000	36448	0x03AF8
event/e610/e616/e616_002/E616_002.PM2	58672	0x07298000	820	0x03B04
event/e610/e616/e616_002/E616_002.PM3	58673	0x07298800	48	0x03B10
event/e610/e616/effect/temp.txt	58674	0x07299000	34	0x03B44
event/e610/e616/scr/e616.bf	58675	0x07299800	740	0x03B5C
event/e610/e616/scr/temp.txt	58676	0x0729A000	34	0x03B68
event/e610/e617/e617_001/E617_001.PM1	58677	0x0729A800	8120976	0x03BC0
event/e610/e617/e617_001/E617_001.PM2	62643	0x07A59800	17404	0x03BCC
event/e610/e617/e617_001/E617_001.PM3	62652	0x07A5E000	92	0x03BD8
event/e610/e617/effect/temp.txt	62653	0x07A5E800	34	0x03C0C
event/e610/e617/scr/e617.bf	62654	0x07A5F000	504	0x03C24
event/e610/e617/scr/temp.txt	62655	0x07A5F800	34	0x03C30
event/e610/e618/e618_001/E618_001.PM1	62656	0x07A60000	7742336	0x03C88
event/e610/e618/e618_001/E618_001.PM2	66437	0x081C2800	7168	0x03C94
event/e610/e618/e618_001/E618_001.PM3	66441	0x081C4800	92	0x03CA0
event/e610/e618/effect/temp.txt	66442	0x081C5000	34	0x03CD4
event/e610/e618/scr/e618.bf	66443	0x081C5800	468	0x03CEC
event/e610/e618/scr/temp.txt	66444	0x081C6000	34	0x03CF8
event/e610/e619/e619_001/E619_001.PM1	66445	0x081C6800	8674160	0x03D50
event/e610/e619/e619_001/E619_001.PM2	70681	0x08A0C800	16596	0x03D5C
event/e610/e619/e619_001/E619_001.PM3	70690	0x08A11000	92	0x03D68
event/e610/e619/effect/EFF01.D3P	70691	0x08A11800	416	0x03D9C
event/e610/e619/effect/temp.txt	70692	0x08A12000	34	0x03DA8
event/e610/e619/scr/e619.bf	70693	0x08A12800	488	0x03DC8
event/e610/e619/scr/temp.txt	70694	0x08A13000	34	0x03DD4
event/e620/e620/e620_001/E620_001.PM1	70695	0x08A13800	4865632	0x03ED8
event/e620/e620/e620_001/E620_001.PM2	73071	0x08EB7800	5280	0x03EE4
event/e620/e620/e620_001/E620_001.PM3	73074	0x08EB9000	92	0x03EF0
event/e620/e620/effect/temp.txt	73075	0x08EB9800	34	0x03F24
event/e620/e620/scr/e620.bf	73076	0x08EBA000	508	0x03F3C
event/e620/e620/scr/temp.txt	73077	0x08EBA800	34	0x03F48
event/e620/e621/e621_001/E621_001.PM1	73078	0x08EBB000	7184960	0x03FA0
event/e620/e621/e621_001/E621_001.PM2	76587	0x09595800	12796	0x03FAC
event/e620/e621/e621_001/E621_001.PM3	76594	0x09599000	92	0x03FB8
event/e620/e621/effect/temp.txt	76595	0x09599800	34	0x03FEC
event/e620/e621/scr/e621.bf	76596	0x0959A000	468	0x04004
event/e620/e621/scr/temp.txt	76597	0x0959A800	34	0x04010
event/e620/e622/e622_001/E622_001.PM1	76598	0x0959B000	5932784	0x04068
event/e620/e622/e622_001/E622_001.PM2	79495	0x09B43800	4680	0x04074
event/e620/e622/e622_001/E622_001.PM3	79498	0x09B45000	92	0x04080
event/e620/e622/effect/temp.txt	79499	0x09B45800	34	0x040B4
event/e620/e622/scr/e622.bf	79500	0x09B46000	464	0x040CC
event/e620/e622/scr/temp.txt	79501	0x09B46800	34	0x040D8
event/e620/e623/e623_001/E623_001.PM1	79502	0x09B47000	8509440	0x04130
event/e620/e623/e623_001/E623_001.PM2	83657	0x0A364800	9300	0x0413C
event/e620/e623/e623_001/E623_001.PM3	83662	0x0A367000	92	0x04148
event/e620/e623/effect/temp.txt	83663	0x0A367800	34	0x0417C
event/e620/e623/scr/e623.bf	83664	0x0A368000	480	0x04194
event/e620/e623/scr/temp.txt	83665	0x0A368800	34	0x041A0
event/e620/e624/e624_001/E624_001.PM1	83666	0x0A369000	7116272	0x041F8
event/e620/e624/e624_001/E624_001.PM2	87141	0x0AA32800	11824	0x04204
event/e620/e624/e624_001/E624_001.PM3	87147	0x0AA35800	92	0x04210
event/e620/e624/effect/temp.txt	87148	0x0AA36000	34	0x04244
event/e620/e624/scr/e624.bf	87149	0x0AA36800	464	0x0425C
event/e620/e624/scr/temp.txt	87150	0x0AA37000	34	0x04268
event/e620/e625/e625_001/E625_001.PM1	87151	0x0AA37800	8156544	0x042C0
event/e620/e625/e625_001/E625_001.PM2	91134	0x0B1FF000	17452	0x042CC
event/e620/e625/e625_001/E625_001.PM3	91143	0x0B203800	92	0x042D8
event/e620/e625/effect/temp.txt	91144	0x0B204000	34	0x0430C
event/e620/e625/scr/e625.bf	91145	0x0B204800	468	0x04324
event/e620/e625/scr/temp.txt	91146	0x0B205000	34	0x04330
event/e620/e626/e626_001/E626_001.PM1	91147	0x0B205800	38208	0x04388
event/e620/e626/e626_001/E626_001.PM2	91166	0x0B20F000	2244	0x04394
event/e620/e626/e626_001/E626_001.PM3	91168	0x0B210000	48	0x043A0
event/e620/e626/effect/temp.txt	91169	0x0B210800	34	0x043D4
event/e620/e626/scr/e626.bf	91170	0x0B211000	568	0x043EC
event/e620/e626/scr/temp.txt	91171	0x0B211800	34	0x043F8
event/e620/e627/e627_001/E627_001.PM1	91172	0x0B212000	7737120	0x0447C
event/e620/e627/e627_001/E627_001.PM2	94950	0x0B973000	6132	0x04488
event/e620/e627/e627_001/E627_001.PM3	94953	0x0B974800	92	0x04494
event/e620/e627/e627_002/E627_002.PM1	94954	0x0B975000	7722976	0x044C8
event/e620/e627/e627_002/E627_002.PM2	98725	0x0C0D2800	5672	0x044D4
event/e620/e627/e627_002/E627_002.PM3	98728	0x0C0D4000	92	0x044E0
event/e620/e627/e627_003/E627_003.PM1	98729	0x0C0D4800	7690256	0x04514
event/e620/e627/e627_003/E627_003.PM2	102485	0x0C82A800	8964	0x04520
event/e620/e627/e627_003/E627_003.PM3	102490	0x0C82D000	92	0x0452C
event/e620/e627/effect/temp.txt	102491	0x0C82D800	34	0x04560
event/e620/e627/scr/e627.bf	102492	0x0C82E000	712	0x04578
event/e620/e627/scr/temp.txt	102493	0x0C82E800	34	0x04584
event/e620/e628/e628_001/E628_001.PM1	102494	0x0C82F000	8136960	0x045DC
event/e620/e628/e628_001/E628_001.PM2	106468	0x0CFF2000	10452	0x045E8
event/e620/e628/e628_001/E628_001.PM3	106474	0x0CFF5000	92	0x045F4
event/e620/e628/effect/temp.txt	106475	0x0CFF5800	34	0x04628
event/e620/e628/scr/e628.bf	106476	0x0CFF6000	468	0x04640
event/e620/e628/scr/temp.txt	106477	0x0CFF6800	34	0x0464C
event/e620/e629/e629_001/E629_001.PM1	106478	0x0CFF7000	7967360	0x046A4
event/e620/e629/e629_001/E629_001.PM2	110369	0x0D790800	10964	0x046B0
event/e620/e629/e629_001/E629_001.PM3	110375	0x0D793800	92	0x046BC
event/e620/e629/effect/F00.D3P	110376	0x0D794000	416	0x046F0
event/e620/e629/effect/F01.D3P	110377	0x0D794800	416	0x046FC
event/e620/e629/effect/F02.D3P	110378	0x0D795000	416	0x04708
event/e620/e629/effect/F03.D3P	110379	0x0D795800	400	0x04714
event/e620/e629/effect/temp.txt	110380	0x0D796000	34	0x04720
event/e620/e629/scr/e629.bf	110381	0x0D796800	664	0x04758
event/e620/e629/scr/temp.txt	110382	0x0D797000	34	0x04764
event/e630/e630/e630_001/E630_001.PM1	110383	0x0D797800	8547088	0x04868
event/e630/e630/e630_001/E630_001.PM2	114557	0x0DFBE800	17184	0x04874
event/e630/e630/e630_001/E630_001.PM3	114566	0x0DFC3000	92	0x04880
event/e630/e630/effect/temp.txt	114567	0x0DFC3800	34	0x048B4
event/e630/e630/scr/e630.bf	114568	0x0DFC4000	592	0x048CC
event/e630/e630/scr/temp.txt	114569	0x0DFC4800	34	0x048D8
event/e630/e631/e631_001/E631_001.PM1	114570	0x0DFC5000	4652768	0x04930
event/e630/e631/e631_001/E631_001.PM2	116842	0x0E435000	5988	0x0493C
event/e630/e631/e631_001/E631_001.PM3	116845	0x0E436800	92	0x04948
event/e630/e631/effect/temp.txt	116846	0x0E437000	34	0x0497C
event/e630/e631/scr/e631.bf	116847	0x0E437800	456	0x04994
event/e630/e631/scr/temp.txt	116848	0x0E438000	34	0x049A0
event/e630/e632/e632_001/E632_001.PM1	116849	0x0E438800	38848	0x049F8
event/e630/e632/e632_001/E632_001.PM2	116868	0x0E442000	2336	0x04A04
event/e630/e632/e632_001/E632_001.PM3	116870	0x0E443000	48	0x04A10
event/e630/e632/effect/temp.txt	116871	0x0E443800	34	0x04A44
event/e630/e632/scr/e632.bf	116872	0x0E444000	616	0x04A5C
event/e630/e632/scr/temp.txt	116873	0x0E444800	34	0x04A68
event/e630/e633/e633_001/E633_001.PM1	116874	0x0E445000	37856	0x04AD8
event/e630/e633/e633_001/E633_001.PM2	116893	0x0E44E800	4180	0x04AE4
event/e630/e633/e633_001/E633_001.PM3	116896	0x0E450000	48	0x04AF0
event/e630/e633/e633_002/E633_002.PM1	116897	0x0E450800	37856	0x04B24
event/e630/e633/e633_002/E633_002.PM2	116916	0x0E45A000	4180	0x04B30
event/e630/e633/e633_002/E633_002.PM3	116919	0x0E45B800	48	0x04B3C
event/e630/e633/effect/temp.txt	116920	0x0E45C000	34	0x04B70
event/e630/e633/scr/e633.bf	116921	0x0E45C800	580	0x04B88
event/e630/e633/scr/temp.txt	116922	0x0E45D000	34	0x04B94
event/e630/e634/e634_001/E634_001.PM1	116923	0x0E45D800	8429376	0x04BEC
event/e630/e634/e634_001/E634_001.PM2	121039	0x0EC67800	8616	0x04BF8
event/e630/e634/e634_001/E634_001.PM3	121044	0x0EC6A000	180	0x04C04
event/e630/e634/effect/temp.txt	121045	0x0EC6A800	34	0x04C38
event/e630/e634/scr/e634.bf	121046	0x0EC6B000	596	0x04C50
event/e630/e634/scr/temp.txt	121047	0x0EC6B800	34	0x04C5C
event/e630/e635/e635_001/E635_001.PM1	121048	0x0EC6C000	38832	0x04CE0
event/e630/e635/e635_001/E635_001.PM2	121067	0x0EC75800	2340	0x04CEC
event/e630/e635/e635_001/E635_001.PM3	121069	0x0EC76800	48	0x04CF8
event/e630/e635/e635_002/E635_002.PM1	121070	0x0EC77000	36448	0x04D2C
event/e630/e635/e635_002/E635_002.PM2	121088	0x0EC80000	936	0x04D38
event/e630/e635/e635_002/E635_002.PM3	121089	0x0EC80800	48	0x04D44
event/e630/e635/e635_003/E635_003.PM1	121090	0x0EC81000	36240	0x04D78
event/e630/e635/e635_003/E635_003.PM2	121108	0x0EC8A000	848	0x04D84
event/e630/e635/e635_003/E635_003.PM3	121109	0x0EC8A800	48	0x04D90
event/e630/e635/effect/temp.txt	121110	0x0EC8B000	34	0x04DC4
event/e630/e635/scr/e635.bf	121111	0x0EC8B800	900	0x04DDC
event/e630/e635/scr/temp.txt	121112	0x0EC8C000	34	0x04DE8
event/e630/e636/e636_001/E636_001.PM1	121113	0x0EC8C800	8348256	0x04E58
event/e630/e636/e636_001/E636_001.PM2	125190	0x0F483000	9272	0x04E64
event/e630/e636/e636_001/E636_001.PM3	125195	0x0F485800	92	0x04E70
event/e630/e636/e636_002/E636_002.PM1	125196	0x0F486000	7848176	0x04EA4
event/e630/e636/e636_002/E636_002.PM2	129029	0x0FC02800	9268	0x04EB0
event/e630/e636/e636_002/E636_002.PM3	129034	0x0FC05000	92	0x04EBC
event/e630/e636/effect/temp.txt	129035	0x0FC05800	34	0x04EF0
event/e630/e636/scr/e636.bf	129036	0x0FC06000	516	0x04F08
event/e630/e636/scr/temp.txt	129037	0x0FC06800	34	0x04F14
event/e630/e637/e637_001/E637_001.PM1	129038	0x0FC07000	5090704	0x04F6C
event/e630/e637/e637_001/E637_001.PM2	131524	0x100E2000	6412	0x04F78
event/e630/e637/e637_001/E637_001.PM3	131528	0x100E4000	92	0x04F84
event/e630/e637/effect/temp.txt	131529	0x100E4800	34	0x04FB8
event/e630/e637/scr/e637.bf	131530	0x100E5000	464	0x04FD0
event/e630/e637/scr/temp.txt	131531	0x100E5800	34	0x04FDC
event/e630/e638/e638_001/E638_001.PM1	131532	0x100E6000	4213232	0x05034
event/e630/e638/e638_001/E638_001.PM2	133590	0x104EB000	10340	0x05040
event/e630/e638/e638_001/E638_001.PM3	133596	0x104EE000	92	0x0504C
event/e630/e638/effect/temp.txt	133597	0x104EE800	34	0x05080
event/e630/e638/scr/e638.bf	133598	0x104EF000	452	0x05098
event/e630/e638/scr/temp.txt	133599	0x104EF800	34	0x050A4
event/e630/e639/e639_001/E639_001.PM1	133600	0x104F0000	4273712	0x050FC
event/e630/e639/e639_001/E639_001.PM2	135687	0x10903800	3480	0x05108
event/e630/e639/e639_001/E639_001.PM3	135689	0x10904800	92	0x05114
event/e630/e639/effect/temp.txt	135690	0x10905000	34	0x05148
event/e630/e639/scr/e639.bf	135691	0x10905800	444	0x05160
event/e630/e639/scr/temp.txt	135692	0x10906000	34	0x0516C
event/e640/e640/e640_001/E640_001.PM1	135693	0x10906800	37008	0x05270
event/e640/e640/e640_001/E640_001.PM2	135712	0x10910000	1440	0x0527C
event/e640/e640/e640_001/E640_001.PM3	135713	0x10910800	48	0x05288
event/e640/e640/effect/temp.txt	135714	0x10911000	34	0x052BC
event/e640/e640/scr/e640.bf	135715	0x10911800	456	0x052D4
event/e640/e640/scr/temp.txt	135716	0x10912000	34	0x052E0
event/e640/e641/e641_001/E641_001.PM1	135717	0x10912800	7391984	0x05338
event/e640/e641/e641_001/E641_001.PM2	139327	0x1101F800	10896	0x05344
event/e640/e641/e641_001/E641_001.PM3	139333	0x11022800	92	0x05350
event/e640/e641/effect/temp.txt	139334	0x11023000	34	0x05384
event/e640/e641/scr/e641.bf	139335	0x11023800	484	0x0539C
event/e640/e641/scr/temp.txt	139336	0x11024000	34	0x053A8
event/e640/e642/e642_001/E642_001.PM1	139337	0x11024800	36096	0x05400
event/e640/e642/e642_001/E642_001.PM2	139355	0x1102D800	1592	0x0540C
event/e640/e642/e642_001/E642_001.PM3	139356	0x1102E000	48	0x05418
event/e640/e642/effect/temp.txt	139357	0x1102E800	34	0x0544C
event/e640/e642/scr/e642.bf	139358	0x1102F000	464	0x05464
event/e640/e642/scr/temp.txt	139359	0x1102F800	34	0x05470
event/e640/e643/e643_001/E643_001.PM1	139360	0x11030000	6190512	0x054C8
event/e640/e643/e643_001/E643_001.PM2	142383	0x11617800	11872	0x054D4
event/e640/e643/e643_001/E643_001.PM3	142389	0x1161A800	136	0x054E0
event/e640/e643/effect/temp.txt	142390	0x1161B000	34	0x05514
event/e640/e643/scr/e643.bf	142391	0x1161B800	816	0x0552C
event/e640/e643/scr/temp.txt	142392	0x1161C000	34	0x05538
event/e640/e644/e644_001/E644_001.PM1	142393	0x1161C800	37648	0x05590
event/e640/e644/e644_001/E644_001.PM2	142412	0x11626000	2112	0x0559C
event/e640/e644/e644_001/E644_001.PM3	142414	0x11627000	48	0x055A8
event/e640/e644/effect/temp.txt	142415	0x11627800	34	0x055DC
event/e640/e644/scr/e644.bf	142416	0x11628000	472	0x055F4
event/e640/e644/scr/temp.txt	142417	0x11628800	34	0x05600
event/e640/e645/e645_001/E645_001.PM1	142418	0x11629000	8167696	0x05658
event/e640/e645/e645_001/E645_001.PM2	146407	0x11DF3800	15016	0x05664
event/e640/e645/e645_001/E645_001.PM3	146415	0x11DF7800	92	0x05670
event/e640/e645/effect/temp.txt	146416	0x11DF8000	34	0x056A4
event/e640/e645/scr/e645.bf	146417	0x11DF8800	600	0x056BC
event/e640/e645/scr/temp.txt	146418	0x11DF9000	34	0x056C8
event/e640/e646/e646_001/E646_001.PM1	146419	0x11DF9800	7519360	0x05720
event/e640/e646/e646_001/E646_001.PM2	150091	0x12525800	14148	0x0572C
event/e640/e646/e646_001/E646_001.PM3	150098	0x12529000	92	0x05738
event/e640/e646/effect/temp.txt	150099	0x12529800	34	0x0576C
event/e640/e646/scr/e646.bf	150100	0x1252A000	464	0x05784
event/e640/e646/scr/temp.txt	150101	0x1252A800	34	0x05790
event/e640/e647/e647_001/E647_001.PM1	150102	0x1252B000	8729088	0x057E8
event/e640/e647/e647_001/E647_001.PM2	154365	0x12D7E800	13112	0x057F4
event/e640/e647/e647_001/E647_001.PM3	154372	0x12D82000	136	0x05800
event/e640/e647/effect/temp.txt	154373	0x12D82800	34	0x05834
event/e640/e647/scr/e647.bf	154374	0x12D83000	472	0x0584C
event/e640/e647/scr/temp.txt	154375	0x12D83800	34	0x05858
event/e640/e648/e648_001/E648_001.PM1	154376	0x12D84000	8413872	0x058C8
event/e640/e648/e648_001/E648_001.PM2	158485	0x1358A800	15192	0x058D4
event/e640/e648/e648_001/E648_001.PM3	158493	0x1358E800	92	0x058E0
event/e640/e648/e648_002/E648_002.PM1	158494	0x1358F000	36528	0x05914
event/e640/e648/e648_002/E648_002.PM2	158512	0x13598000	960	0x05920
event/e640/e648/e648_002/E648_002.PM3	158513	0x13598800	48	0x0592C
event/e640/e648/effect/temp.txt	158514	0x13599000	34	0x05960
event/e640/e648/scr/e648.bf	158515	0x13599800	588	0x05978
event/e640/e648/scr/temp.txt	158516	0x1359A000	34	0x05984
event/e640/e649/e649_001/E649_001.PM1	158517	0x1359A800	7413392	0x059DC
event/e640/e649/e649_001/E649_001.PM2	162137	0x13CAC800	17244	0x059E8
event/e640/e649/e649_001/E649_001.PM3	162146	0x13CB1000	92	0x059F4
event/e640/e649/effect/temp.txt	162147	0x13CB1800	34	0x05A28
event/e640/e649/scr/e649.bf	162148	0x13CB2000	516	0x05A40
event/e640/e649/scr/temp.txt	162149	0x13CB2800	34	0x05A4C
event/e650/e650/e650_001/E650_001.PM1	162150	0x13CB3000	37296	0x05B50
event/e650/e650/e650_001/E650_001.PM2	162169	0x13CBC800	1532	0x05B5C
event/e650/e650/e650_001/E650_001.PM3	162170	0x13CBD000	48	0x05B68
event/e650/e650/effect/temp.txt	162171	0x13CBD800	34	0x05B9C
event/e650/e650/scr/e650.bf	162172	0x13CBE000	472	0x05BB4
event/e650/e650/scr/temp.txt	162173	0x13CBE800	34	0x05BC0
event/e650/e651/e651_001/E651_001.PM1	162174	0x13CBF000	4004080	0x05C18
event/e650/e651/e651_001/E651_001.PM2	164130	0x14091000	8624	0x05C24
event/e650/e651/e651_001/E651_001.PM3	164135	0x14093800	92	0x05C30
event/e650/e651/effect/temp.txt	164136	0x14094000	34	0x05C64
event/e650/e651/scr/e651.bf	164137	0x14094800	456	0x05C7C
event/e650/e651/scr/temp.txt	164138	0x14095000	34	0x05C88
event/e650/e652/e652_001/E652_001.PM1	164139	0x14095800	38672	0x05CE0
event/e650/e652/e652_001/E652_001.PM2	164158	0x1409F000	2632	0x05CEC
event/e650/e652/e652_001/E652_001.PM3	164160	0x140A0000	48	0x05CF8
event/e650/e652/effect/temp.txt	164161	0x140A0800	34	0x05D2C
event/e650/e652/scr/e652.bf	164162	0x140A1000	476	0x05D44
event/e650/e652/scr/temp.txt	164163	0x140A1800	34	0x05D50
event/e650/e653/e653_001/E653_001.PM1	164164	0x140A2000	8623616	0x05DA8
event/e650/e653/e653_001/E653_001.PM2	168375	0x148DB800	20768	0x05DB4
event/e650/e653/e653_001/E653_001.PM3	168386	0x148E1000	92	0x05DC0
event/e650/e653/effect/temp.txt	168387	0x148E1800	34	0x05DF4
event/e650/e653/scr/e653.bf	168388	0x148E2000	464	0x05E0C
event/e650/e653/scr/temp.txt	168389	0x148E2800	34	0x05E18
event/e650/e654/e654_001/E654_001.PM1	168390	0x148E3000	37504	0x05E9C
event/e650/e654/e654_001/E654_001.PM2	168409	0x148EC800	1532	0x05EA8
event/e650/e654/e654_001/E654_001.PM3	168410	0x148ED000	48	0x05EB4
event/e650/e654/e654_002/E654_002.PM1	168411	0x148ED800	37664	0x05EE8
event/e650/e654/e654_002/E654_002.PM2	168430	0x148F7000	1708	0x05EF4
event/e650/e654/e654_002/E654_002.PM3	168431	0x148F7800	48	0x05F00
event/e650/e654/e654_003/E654_003.PM1	168432	0x148F8000	37744	0x05F34
event/e650/e654/e654_003/E654_003.PM2	168451	0x14901800	1752	0x05F40
event/e650/e654/e654_003/E654_003.PM3	168452	0x14902000	48	0x05F4C
event/e650/e654/effect/temp.txt	168453	0x14902800	34	0x05F80
event/e650/e654/scr/e654.bf	168454	0x14903000	884	0x05F98
event/e650/e654/scr/temp.txt	168455	0x14903800	34	0x05FA4
event/e650/e655/e655_001/E655_001.PM1	168456	0x14904000	37792	0x05FFC
event/e650/e655/e655_001/E655_001.PM2	168475	0x1490D800	1752	0x06008
event/e650/e655/e655_001/E655_001.PM3	168476	0x1490E000	48	0x06014
event/e650/e655/effect/temp.txt	168477	0x1490E800	34	0x06048
event/e650/e655/scr/e655.bf	168478	0x1490F000	464	0x06060
event/e650/e655/scr/temp.txt	168479	0x1490F800	34	0x0606C
event/e650/e656/e656_001/E656_001.PM1	168480	0x14910000	36688	0x060C4
event/e650/e656/e656_001/E656_001.PM2	168498	0x14919000	1312	0x060D0
event/e650/e656/e656_001/E656_001.PM3	168499	0x14919800	48	0x060DC
event/e650/e656/effect/temp.txt	168500	0x1491A000	34	0x06110
event/e650/e656/scr/e656.bf	168501	0x1491A800	456	0x06128
event/e650/e656/scr/temp.txt	168502	0x1491B000	34	0x06134
event/e650/e657/e657_001/E657_001.PM1	168503	0x1491B800	38832	0x0618C
event/e650/e657/e657_001/E657_001.PM2	168522	0x14925000	2060	0x06198
event/e650/e657/e657_001/E657_001.PM3	168524	0x14926000	48	0x061A4
event/e650/e657/effect/temp.txt	168525	0x14926800	34	0x061D8
event/e650/e657/scr/e657.bf	168526	0x14927000	468	0x061F0
event/e650/e657/scr/temp.txt	168527	0x14927800	34	0x061FC
event/e650/e658/e658_001/E658_001.PM1	168528	0x14928000	37712	0x06254
event/e650/e658/e658_001/E658_001.PM2	168547	0x14931800	2940	0x06260
event/e650/e658/e658_001/E658_001.PM3	168549	0x14932800	48	0x0626C
event/e650/e658/effect/temp.txt	168550	0x14933000	34	0x062A0
event/e650/e658/scr/e658.bf	168551	0x14933800	460	0x062B8
event/e650/e658/scr/temp.txt	168552	0x14934000	34	0x062C4
event/e650/e659/e659_001/E659_001.PM1	168553	0x14934800	36096	0x0631C
event/e650/e659/e659_001/E659_001.PM2	168571	0x1493D800	952	0x06328
event/e650/e659/e659_001/E659_001.PM3	168572	0x1493E000	48	0x06334
event/e650/e659/effect/temp.txt	168573	0x1493E800	34	0x06368
event/e650/e659/scr/e659.bf	168574	0x1493F000	460	0x06380
event/e650/e659/scr/temp.txt	168575	0x1493F800	34	0x0638C
event/e660/e660/e660_001/E660_001.PM1	168576	0x14940000	36096	0x06418
event/e660/e660/e660_001/E660_001.PM2	168594	0x14949000	592	0x06424
event/e660/e660/e660_001/E660_001.PM3	168595	0x14949800	48	0x06430
event/e660/e660/scr/e660.bf	168596	0x1494A000	456	0x06464
event/e660/e660/scr/temp.txt	168597	0x1494A800	34	0x06470
event/e660/e661/e661_001/E661_001.PM1	168598	0x1494B000	5669088	0x064B8
event/e660/e661/e661_001/E661_001.PM2	171367	0x14EB3800	4648	0x064C4
event/e660/e661/e661_001/E661_001.PM3	171370	0x14EB5000	136	0x064D0
event/e660/e661/scr/e661.bf	171371	0x14EB5800	488	0x06504
event/e660/e661/scr/temp.txt	171372	0x14EB6000	34	0x06510
event/e660/e662/e662_001/E662_001.PM1	171373	0x14EB6800	36528	0x06558
event/e660/e662/e662_001/E662_001.PM2	171391	0x14EBF800	1180	0x06564
event/e660/e662/e662_001/E662_001.PM3	171392	0x14EC0000	48	0x06570
event/e660/e662/scr/e662.bf	171393	0x14EC0800	468	0x065A4
event/e660/e663/e663_001/E663_001.PM1	171394	0x14EC1000	36384	0x065E0
event/e660/e663/e663_001/E663_001.PM2	171412	0x14ECA000	1928	0x065EC
event/e660/e663/e663_001/E663_001.PM3	171413	0x14ECA800	92	0x065F8
event/e660/e663/scr/e663.bf	171414	0x14ECB000	456	0x0662C
event/e670/e670/e670_001/E670_001.PM1	171415	0x14ECB800	36096	0x06704
event/e670/e670/e670_001/E670_001.PM2	171433	0x14ED4800	680	0x06710
event/e670/e670/e670_001/E670_001.PM3	171434	0x14ED5000	48	0x0671C
event/e670/e670/scr/e670.be	171435	0x14ED5800	3651120	0x06750
event/e670/e670/scr/e670.bf	173218	0x15251000	436	0x0675C
event/e670/e672/effect/temp.txt	173219	0x15251800	34	0x0679C
event/e670/e672/scr/temp.txt	173220	0x15252000	34	0x067B4
event/e670/e673/effect/temp.txt	173221	0x15252800	34	0x067F0
event/e670/e673/scr/temp.txt	173222	0x15253000	34	0x06808
event/e670/e674/effect/temp.txt	173223	0x15253800	34	0x06844
event/e670/e674/scr/temp.txt	173224	0x15254000	34	0x0685C
event/e670/e677/effect/temp.txt	173225	0x15254800	34	0x06898
event/e670/e677/scr/temp.txt	173226	0x15255000	34	0x068B0
event/e670/e678/effect/temp.txt	173227	0x15255800	34	0x068EC
event/e670/e678/scr/temp.txt	173228	0x15256000	34	0x06904
event/e670/e679/effect/temp.txt	173229	0x15256800	34	0x06940
event/e670/e679/scr/temp.txt	173230	0x15257000	34	0x06958
event/e670/effect/temp.txt	173231	0x15257800	34	0x06970
event/e670/scr/temp.txt	173232	0x15258000	34	0x06988
event/e680/e680/effect/temp.txt	173233	0x15258800	34	0x06A3C
event/e680/e680/scr/temp.txt	173234	0x15259000	34	0x06A54
event/e680/e681/effect/temp.txt	173235	0x15259800	34	0x06A90
event/e680/e681/scr/temp.txt	173236	0x1525A000	34	0x06AA8
event/e680/e682/effect/temp.txt	173237	0x1525A800	34	0x06AE4
event/e680/e682/scr/temp.txt	173238	0x1525B000	34	0x06AFC
event/e680/e684/effect/temp.txt	173239	0x1525B800	34	0x06B38
event/e680/e684/scr/temp.txt	173240	0x1525C000	34	0x06B50
event/e680/e686/effect/temp.txt	173241	0x1525C800	34	0x06B8C
event/e680/e686/scr/temp.txt	173242	0x1525D000	34	0x06BA4
event/e680/e688/effect/temp.txt	173243	0x1525D800	34	0x06BE0
event/e680/e688/scr/temp.txt	173244	0x1525E000	34	0x06BF8
event/e680/e689/effect/temp.txt	173245	0x1525E800	34	0x06C34
event/e680/e689/scr/temp.txt	173246	0x1525F000	34	0x06C4C
event/e690/e693/e693_001/temp.txt	173247	0x1525F800	34	0x06CD0
event/e690/e693/effect/temp.txt	173248	0x15260000	34	0x06CE8
event/e690/e693/scr/temp.txt	173249	0x15260800	34	0x06D00
event/e690/e694/effect/temp.txt	173250	0x15261000	34	0x06D3C
event/e690/e694/scr/temp.txt	173251	0x15261800	34	0x06D54
event/e690/e697/scr/e697.be	173252	0x15262000	2962752	0x06D7C
event/e690/e697/scr/e697.bf	174699	0x15535800	12531	0x06D88
event/e690/e697/scr/temp.txt	174706	0x15539000	34	0x06D94
event/e700/e700/scr/e700.bf	174707	0x15539800	652	0x06E44
event/e700/e701/readme.txt	174708	0x1553A000	6	0x06E58
event/e700/e701/scr/e701.bf	174709	0x1553A800	560	0x06E80
event/e700/e702/scr/e702.bf	174710	0x1553B000	536	0x06EA4
event/e700/e703/readme.txt	174711	0x1553B800	6	0x06EB8
event/e700/e703/scr/e703.be	174712	0x1553C000	3278496	0x06EE0
event/e700/e703/scr/e703.bf	176313	0x1585C800	3931	0x06EEC
event/e700/e703/scr/readme.txt	176315	0x1585D800	6	0x06EF8
event/e700/e704/readme.txt	176316	0x1585E000	6	0x06F20
event/e700/e704/scr/e704.bf	176317	0x1585E800	5450	0x06F48
event/e700/e704/scr/readme.txt	176320	0x15860000	6	0x06F54
event/e700/e705/readme.txt	176321	0x15860800	6	0x06F74
event/e700/e705/scr/e705.be	176322	0x15861000	2956128	0x06F9C
event/e700/e705/scr/e705.bf	177766	0x15B33000	11800	0x06FA8
event/e700/e705/scr/readme.txt	177772	0x15B36000	6	0x06FB4
event/e700/e799/readme.txt	177773	0x15B36800	6	0x06FDC
event/e700/e799/scr/readme.txt	177774	0x15B37000	6	0x07004
event/e710/e710/scr/e710.bf	177775	0x15B37800	987	0x07050
event/e710/e710/scr/readme.txt	177776	0x15B38000	6	0x0705C
event/e710/e711/scr/readme.txt	177777	0x15B38800	6	0x0708C
event/e790/e799/scr/e799.bf	177778	0x15B39000	1463	0x070C8
event/e790/e799/scr/temp.txt	177779	0x15B39800	34	0x070D4
event/e800/e800/effect/temp.txt	177780	0x15B3A000	34	0x071A4
event/e800/e801/effect/temp.txt	177781	0x15B3A800	34	0x071E0
event/e800/e801/scr/temp.txt	177782	0x15B3B000	34	0x071F8
event/e800/e802/e802_001/E802_001.PM1	177783	0x15B3B800	2344896	0x07248
event/e800/e802/e802_001/E802_001.PM2	178928	0x15D78000	5656	0x07254
event/e800/e802/e802_001/E802_001.PM3	178931	0x15D79800	92	0x07260
event/e800/e802/effect/temp.txt	178932	0x15D7A000	34	0x07294
event/e800/e802/scr/e802.be	178933	0x15D7A800	2362768	0x072AC
event/e800/e802/scr/e802.bf	180087	0x15FBB800	1136	0x072B8
event/e800/e802/scr/temp.txt	180088	0x15FBC000	34	0x072C4
event/e800/e803/e803_001/E803_001.PM1	180089	0x15FBC800	2867952	0x07324
event/e800/e803/e803_001/E803_001.PM2	181490	0x16279000	4368	0x07330
event/e800/e803/e803_001/E803_001.PM3	181493	0x1627A800	92	0x0733C
event/e800/e803/effect/temp.txt	181494	0x1627B000	34	0x07370
event/e800/e803/scr/e803.be	181495	0x1627B800	2917792	0x07388
event/e800/e803/scr/e803.bf	182920	0x16544000	2230	0x07394
event/e800/e803/scr/temp.txt	182922	0x16545000	34	0x073A0
event/e800/e804/e804_010/readme.txt	182923	0x16545800	6	0x07494
event/e800/e804/e804_011/readme.txt	182924	0x16546000	6	0x074AC
event/e800/e804/e804_012/readme.txt	182925	0x16546800	6	0x074C4
event/e800/e804/e804_020/readme.txt	182926	0x16547000	6	0x074DC
event/e800/e804/e804_021/readme.txt	182927	0x16547800	6	0x074F4
event/e800/e804/e804_030/readme.txt	182928	0x16548000	6	0x0750C
event/e800/e804/e804_050/readme.txt	182929	0x16548800	6	0x07524
event/e800/e804/e804_060/readme.txt	182930	0x16549000	6	0x0753C
event/e800/e804/effect/temp.txt	182931	0x16549800	34	0x07554
event/e800/e804/scr/temp.txt	182932	0x1654A000	34	0x0756C
event/e800/e805/effect/readme.txt	182933	0x1654A800	6	0x075A8
event/e800/e805/scr/readme.txt	182934	0x1654B000	6	0x075C0
event/e800/e806/e806_010/E806_010.PM1	182935	0x1654B800	943232	0x07628
event/e800/e806/e806_010/E806_010.PM2	183396	0x16632000	808	0x07634
event/e800/e806/e806_020/E806_020.PM1	183397	0x16632800	2370064	0x0765C
event/e800/e806/e806_020/E806_020.PM2	184555	0x16875800	1320	0x07668
event/e800/e806/e806_030/E806_030.PM1	184556	0x16876000	941040	0x07690
event/e800/e806/e806_030/E806_030.PM2	185016	0x1695C000	748	0x0769C
event/e800/e806/scr/e806.be	185017	0x1695C800	968032	0x076C4
event/e800/e806/scr/e806.bf	185490	0x16A49000	1861	0x076D0
event/e800/e807/scr/e807.be	185491	0x16A49800	1985760	0x076FC
event/e800/e807/scr/e807.bf	186461	0x16C2E800	2974	0x07708
event/e800/e809/scr/e809.be	186463	0x16C2F800	461008	0x07734
event/e800/e809/scr/e809.bf	186689	0x16CA0800	3411	0x07740
event/e900/e901/scr/e901.be	186691	0x16CA1800	265424	0x07808
event/e900/e901/scr/e901.bf	186821	0x16CE2800	606	0x07814
event/e900/e902/scr/e902.be	186822	0x16CE3000	7648	0x07840
event/e900/e902/scr/e902.bf	186826	0x16CE5000	606	0x0784C
event/e900/e903/scr/e903.be	186827	0x16CE5800	16896	0x07878
event/e900/e903/scr/e903.bf	186836	0x16CEA000	630	0x07884
event/e900/e904/scr/e904.be	186837	0x16CEA800	9632	0x078B0
event/e900/e904/scr/e904.bf	186842	0x16CED000	606	0x078BC
event/e900/e905/scr/e905.be	186843	0x16CED800	28048	0x078E8
event/e900/e905/scr/e905.bf	186857	0x16CF4800	1152	0x078F4
event/e900/e906/scr/e906.be	186858	0x16CF5000	71472	0x07920
event/e900/e906/scr/e906.bf	186893	0x16D06800	742	0x0792C
event/e900/e907/scr/e907.be	186894	0x16D07000	11184	0x07958
event/e900/e907/scr/e907.bf	186900	0x16D0A000	761	0x07964
event/e900/e908/scr/e908.be	186901	0x16D0A800	26800	0x07990
event/e900/e908/scr/e908.bf	186915	0x16D11800	606	0x0799C
event/e900/e909/scr/e909.be	186916	0x16D12000	19152	0x079C8
event/e900/e909/scr/e909.bf	186926	0x16D17000	7988	0x079D4
event/e910/e910/scr/e910.be	186930	0x16D19000	20016	0x07AAC
event/e910/e910/scr/e910.bf	186940	0x16D1E000	691	0x07AB8
event/e910/e911/scr/e911.be	186941	0x16D1E800	368528	0x07AE4
event/e910/e911/scr/e911.bf	187121	0x16D78800	1273	0x07AF0
event/e910/e912/scr/e912.be	187122	0x16D79000	400256	0x07B1C
event/e910/e912/scr/e912.bf	187318	0x16DDB000	854	0x07B28
event/e910/e913/scr/e913.be	187319	0x16DDB800	78368	0x07B54
event/e910/e914/scr/e914.be	187358	0x16DEF000	28048	0x07B78
event/e910/e914/scr/e914.bf	187372	0x16DF6000	1168	0x07B84
event/e910/e915/scr/e915.be	187373	0x16DF6800	157440	0x07BB0
event/e910/e915/scr/e915.bf	187450	0x16E1D000	611	0x07BBC
event/e910/e916/scr/e916.be	187451	0x16E1D800	24432	0x07BE8
event/e910/e916/scr/e916.bf	187463	0x16E23800	523	0x07BF4
event/e910/e917/scr/e917.be	187464	0x16E24000	7040	0x07C20
event/e910/e917/scr/e917.bf	187468	0x16E26000	527	0x07C2C
event/e910/e918/scr/e918.be	187469	0x16E26800	5008	0x07C58
event/e910/e918/scr/e918.bf	187472	0x16E28000	527	0x07C64
event/e910/e919/scr/e919.be	187473	0x16E28800	4928	0x07C90
event/e910/e919/scr/e919.bf	187476	0x16E2A000	527	0x07C9C
event/e920/e920/scr/e920.be	187477	0x16E2A800	13680	0x07CDC
event/e920/e920/scr/e920.bf	187484	0x16E2E000	523	0x07CE8
event/pmvtool/A.PMD	187485	0x16E2E800	720	0x07D04
event/pmvtool/E602_001.PM2	187486	0x16E2F000	6452	0x07D10
event/pmvtool/E602_001.PM3	187490	0x16E31000	48	0x07D1C
event/pmvtool/E607_001.PM2	187491	0x16E31800	2808	0x07D28
event/pmvtool/E607_001.PM3	187493	0x16E32800	48	0x07D34
event/pmvtool/E608_001.PM2	187494	0x16E33000	3336	0x07D40
event/pmvtool/E608_001.PM3	187496	0x16E34000	92	0x07D4C
event/pmvtool/E613_001.PM2	187497	0x16E34800	4296	0x07D58
event/pmvtool/E613_001.PM3	187500	0x16E36000	48	0x07D64
event/pmvtool/E615_001.PM2	187501	0x16E36800	1180	0x07D70
event/pmvtool/E615_001.PM3	187502	0x16E37000	48	0x07D7C
event/pmvtool/E626_001.PM2	187503	0x16E37800	2244	0x07D88
event/pmvtool/E626_001.PM3	187505	0x16E38800	48	0x07D94
event/pmvtool/E627_001.PM2	187506	0x16E39000	6132	0x07DA0
event/pmvtool/E627_001.PM3	187509	0x16E3A800	92	0x07DAC
event/pmvtool/E629_001.PM2	187510	0x16E3B000	10964	0x07DB8
event/pmvtool/E629_001.PM3	187516	0x16E3E000	92	0x07DC4
event/pmvtool/E631_001.PM2	187517	0x16E3E800	5988	0x07DD0
event/pmvtool/E631_001.PM3	187520	0x16E40000	92	0x07DDC
event/pmvtool/E632_001.PM2	187521	0x16E40800	2336	0x07DE8
event/pmvtool/E632_001.PM3	187523	0x16E41800	48	0x07DF4
event/pmvtool/E633_002.PM2	187524	0x16E42000	4180	0x07E00
event/pmvtool/E633_002.PM3	187527	0x16E43800	48	0x07E0C
event/pmvtool/E636_002.PM2	187528	0x16E44000	9268	0x07E18
event/pmvtool/E636_002.PM3	187533	0x16E46800	92	0x07E24
event/pmvtool/E638_001.PM2	187534	0x16E47000	10340	0x07E30
event/pmvtool/E638_001.PM3	187540	0x16E4A000	92	0x07E3C
event/pmvtool/E640_001.PM2	187541	0x16E4A800	1440	0x07E48
event/pmvtool/E640_001.PM3	187542	0x16E4B000	48	0x07E54
event/pmvtool/E645_001.PM2	187543	0x16E4B800	15016	0x07E60
event/pmvtool/E645_001.PM3	187551	0x16E4F800	92	0x07E6C
event/pmvtool/E647_001.PM2	187552	0x16E50000	13112	0x07E78
event/pmvtool/E647_001.PM3	187559	0x16E53800	136	0x07E84
event/pmvtool/E648_002.PM2	187560	0x16E54000	960	0x07E90
event/pmvtool/E648_002.PM3	187561	0x16E54800	48	0x07E9C
event/pmvtool/E651_001.PM2	187562	0x16E55000	8624	0x07EA8
event/pmvtool/E651_001.PM3	187567	0x16E57800	92	0x07EB4
event/pmvtool/E654_002.PM2	187568	0x16E58000	1708	0x07EC0
event/pmvtool/E654_002.PM3	187569	0x16E58800	48	0x07ECC
event/pmvtool/E654_003.PM2	187570	0x16E59000	1752	0x07ED8
event/pmvtool/E654_003.PM3	187571	0x16E59800	48	0x07EE4
event/pmvtool/E656_001.PM2	187572	0x16E5A000	1312	0x07EF0
event/pmvtool/E656_001.PM3	187573	0x16E5A800	48	0x07EFC
event/pmvtool/E657_001.PM2	187574	0x16E5B000	2060	0x07F08
event/pmvtool/E657_001.PM3	187576	0x16E5C000	48	0x07F14
event/scr/ctest01.bf	187577	0x16E5C800	380	0x08164
event/scr/ctest02.bf	187578	0x16E5D000	452	0x08170
event/scr/ctest07.bf	187579	0x16E5D800	384	0x0817C
event/scr/gameover.bf	187580	0x16E5E000	1153	0x08188
event/scr/scene01.bf	187581	0x16E5E800	1956	0x08194
event/scr/scene02.bf	187582	0x16E5F000	4050	0x081A0
event/scr/scene03.bf	187584	0x16E60000	1535	0x081AC
event/scr/scene04.bf	187585	0x16E60800	1944	0x081B8
event/scr/scene05.bf	187586	0x16E61000	2680	0x081C4
event/scr/scene06.bf	187588	0x16E62000	1178	0x081D0
event/scr/scene07.bf	187589	0x16E62800	1528	0x081DC
event/scr/scene08.bf	187590	0x16E63000	2445	0x081E8
event/scr/scene09.bf	187592	0x16E64000	2085	0x081F4
event/scr/scene11.bf	187594	0x16E65000	499	0x08200
facility/msg/church/mes_data.bmd	187595	0x16E65800	610	0x08314
facility/msg/church/person_info.bmd	187596	0x16E66000	3009	0x08320
facility/msg/church/word_info.bmd	187598	0x16E67000	3601	0x0832C
facility/msg/mantra/mes_data.bmd	187600	0x16E68000	848	0x08364
facility/msg/mantra/mes_data_2.bmd	187601	0x16E68800	249	0x08370
facility/msg/shop/mes_data.bmd	187602	0x16E69000	2852	0x08398
facility/msg/terminal/mes_data.bmd	187604	0x16E6A000	1640	0x083B4
facility/spr/mantra/m_and_l.spr	187605	0x16E6A800	4208	0x0840C
facility/spr/mantra/m_csl_a.spr	187608	0x16E6C000	88864	0x08418
facility/spr/mantra/m_pty_01.spr	187652	0x16E82000	399712	0x08424
facility/spr/mantra/m_zen_bg.spr	187848	0x16EE4000	274320	0x08430
facility/spr/mantra/mantr_01.spr	187982	0x16F27000	189424	0x0843C
facility/spr/mantra/mantr_bg.spr	188075	0x16F55800	561936	0x08448
facility/spr/mantra/mnt_icn.spr	188350	0x16FDF000	119904	0x08454
facility/spr/mantra/mnt_lne.spr	188409	0x16FFC800	45328	0x08460
facility/spr/mantra/np_arujir.spr	188432	0x17008000	34048	0x0846C
facility/spr/mantra/np_geil.spr	188449	0x17010800	34048	0x08478
facility/spr/mantra/np_hirt.spr	188466	0x17019000	34048	0x08484
facility/spr/mantra/np_roard.spr	188483	0x17021800	34048	0x08490
facility/spr/mantra/np_sarf.spr	188500	0x1702A000	34048	0x0849C
facility/spr/mantra/np_seraf.spr	188517	0x17032800	34048	0x084A8
facility/spr/mantra/np_siero.spr	188534	0x1703B000	34048	0x084B4
facility/spr/mantra/s_bustup.spr	188551	0x17043800	26752	0x084C0
facility/spr/shop/shop_spr.spr	188565	0x1704A800	865440	0x08598
facility/spr/terminal/karma_01.spr	188988	0x1711E000	752304	0x085B4
facility/spr/terminal/karma_bg.spr	189356	0x171D6000	282304	0x085C0
facility/spr/terminal/s_k_f_bg.spr	189494	0x1721B000	549120	0x085CC
fld/b/f222/f222_001.LB	189763	0x172A1800	250624	0x086F8
fld/b/f222/f222_001f.tmx	189886	0x172DF000	17472	0x08704
fld/b/f222/f222_001s.tmx	189895	0x172E3800	17472	0x08710
fld/b/f222/f222_002.LB	189904	0x172E8000	210048	0x0871C
fld/b/f222/f222_002f.tmx	190007	0x1731B800	17472	0x08728
fld/b/f222/f222_002s.tmx	190016	0x17320000	17472	0x08734
fld/b/f222/f222_003.LB	190025	0x17324800	252352	0x08740
fld/b/f222/f222_003f.tmx	190149	0x17362800	17472	0x0874C
fld/b/f222/f222_003s.tmx	190158	0x17367000	17472	0x08758
fld/b/f222/f222_004.LB	190167	0x1736B800	232960	0x08764
fld/b/f222/f222_004f.tmx	190281	0x173A4800	17472	0x08770
fld/b/f222/f222_004s.tmx	190290	0x173A9000	17472	0x0877C
fld/b/f222/f222_005.LB	190299	0x173AD800	246400	0x08788
fld/b/f222/f222_005f.tmx	190420	0x173EA000	17472	0x08794
fld/b/f222/f222_005s.tmx	190429	0x173EE800	17472	0x087A0
fld/b/f223/f223_001.LB	190438	0x173F3000	211392	0x08874
fld/b/f223/f223_001f.tmx	190542	0x17427000	17472	0x08880
fld/b/f223/f223_001s.tmx	190551	0x1742B800	17472	0x0888C
fld/b/f223/f223_002.LB	190560	0x17430000	242560	0x08898
fld/b/f223/f223_002f.tmx	190679	0x1746B800	17472	0x088A4
fld/b/f223/f223_002s.tmx	190688	0x17470000	17472	0x088B0
fld/b/f223/f223_003.LB	190697	0x17474800	268864	0x088BC
fld/b/f223/f223_003f.tmx	190829	0x174B6800	17472	0x088C8
fld/b/f223/f223_003s.tmx	190838	0x174BB000	17472	0x088D4
fld/b/f223/f223_004.LB	190847	0x174BF800	278656	0x088E0
fld/b/f223/f223_004f.tmx	190984	0x17504000	17472	0x088EC
fld/b/f223/f223_004s.tmx	190993	0x17508800	17472	0x088F8
fld/b/f224/f224_001.LB	191002	0x1750D000	291648	0x089A4
fld/b/f224/f224_001f.tmx	191145	0x17554800	17472	0x089B0
fld/b/f224/f224_001s.tmx	191154	0x17559000	17472	0x089BC
fld/b/f224/f224_002.LB	191163	0x1755D800	361216	0x089C8
fld/b/f224/f224_002f.tmx	191340	0x175B6000	17472	0x089D4
fld/b/f224/f224_002s.tmx	191349	0x175BA800	17472	0x089E0
fld/b/f224/f224_003.LB	191358	0x175BF000	210304	0x089EC
fld/b/f224/f224_003f.tmx	191461	0x175F2800	17472	0x089F8
fld/b/f224/f224_003s.tmx	191470	0x175F7000	17472	0x08A04
fld/b/f224/f224_004.LB	191479	0x175FB800	314816	0x08A10
fld/b/f224/f224_004f.tmx	191633	0x17648800	17472	0x08A1C
fld/b/f224/f224_004s.tmx	191642	0x1764D000	17472	0x08A28
fld/b/f224/f224_005.LB	191651	0x17651800	337280	0x08A34
fld/b/f224/f224_005f.tmx	191816	0x176A4000	17472	0x08A40
fld/b/f224/f224_005s.tmx	191825	0x176A8800	17472	0x08A4C
fld/b/f224/f224_006.LB	191834	0x176AD000	201280	0x08A58
fld/b/f224/f224_006f.tmx	191933	0x176DE800	17472	0x08A64
fld/b/f224/f224_006s.tmx	191942	0x176E3000	17472	0x08A70
fld/b/f225/f225_001.LB	191951	0x176E7800	347712	0x08B6C
fld/b/f225/f225_001f.tmx	192121	0x1773C800	17472	0x08B78
fld/b/f225/f225_001s.tmx	192130	0x17741000	17472	0x08B84
fld/b/f225/f225_002.LB	192139	0x17745800	313920	0x08B90
fld/b/f225/f225_002f.tmx	192293	0x17792800	17472	0x08B9C
fld/b/f225/f225_002s.tmx	192302	0x17797000	17472	0x08BA8
fld/b/f225/f225_003.LB	192311	0x1779B800	250176	0x08BB4
fld/b/f225/f225_003f.tmx	192434	0x177D9000	17472	0x08BC0
fld/b/f225/f225_003s.tmx	192443	0x177DD800	17472	0x08BCC
fld/b/f225/f225_004.LB	192452	0x177E2000	277120	0x08BD8
fld/b/f225/f225_004f.tmx	192588	0x17826000	17472	0x08BE4
fld/b/f225/f225_004s.tmx	192597	0x1782A800	17472	0x08BF0
fld/b/f225/f225_005.LB	192606	0x1782F000	257920	0x08BFC
fld/b/f225/f225_005f.tmx	192732	0x1786E000	17472	0x08C08
fld/b/f225/f225_005s.tmx	192741	0x17872800	17472	0x08C14
fld/b/f225/f225_006.LB	192750	0x17877000	281984	0x08C20
fld/b/f225/f225_006f.tmx	192888	0x178BC000	17472	0x08C2C
fld/b/f225/f225_006s.tmx	192897	0x178C0800	17472	0x08C38
fld/b/f225/f225_007.LB	192906	0x178C5000	182528	0x08C44
fld/b/f225/f225_007f.tmx	192996	0x178F2000	17472	0x08C50
fld/b/f225/f225_007s.tmx	193005	0x178F6800	17472	0x08C5C
fld/b/f225/f225_008.LB	193014	0x178FB000	171072	0x08C68
fld/b/f226/f226_001.LB	193098	0x17925000	248704	0x08D98
fld/b/f226/f226_001f.tmx	193220	0x17962000	17472	0x08DA4
fld/b/f226/f226_001s.tmx	193229	0x17966800	17472	0x08DB0
fld/b/f226/f226_002.LB	193238	0x1796B000	252160	0x08DBC
fld/b/f226/f226_002f.tmx	193362	0x179A9000	17472	0x08DC8
fld/b/f226/f226_002s.tmx	193371	0x179AD800	17472	0x08DD4
fld/b/f226/f226_003.LB	193380	0x179B2000	329792	0x08DE0
fld/b/f226/f226_003f.tmx	193542	0x17A03000	17472	0x08DEC
fld/b/f226/f226_003s.tmx	193551	0x17A07800	17472	0x08DF8
fld/b/f226/f226_004.LB	193560	0x17A0C000	291520	0x08E04
fld/b/f226/f226_004f.tmx	193703	0x17A53800	17472	0x08E10
fld/b/f226/f226_004s.tmx	193712	0x17A58000	17472	0x08E1C
fld/b/f227/f227_001.LB	193721	0x17A5C800	250048	0x08EC8
fld/b/f227/f227_001f.tmx	193844	0x17A9A000	17472	0x08ED4
fld/b/f227/f227_001s.tmx	193853	0x17A9E800	17472	0x08EE0
fld/b/f227/f227_002.LB	193862	0x17AA3000	285632	0x08EEC
fld/b/f227/f227_002f.tmx	194002	0x17AE9000	17472	0x08EF8
fld/b/f227/f227_002s.tmx	194011	0x17AED800	17472	0x08F04
fld/b/f227/f227_003.LB	194020	0x17AF2000	301184	0x08F10
fld/b/f227/f227_003f.tmx	194168	0x17B3C000	17472	0x08F1C
fld/b/f227/f227_003s.tmx	194177	0x17B40800	17472	0x08F28
fld/b/f227/f227_004.LB	194186	0x17B45000	278656	0x08F34
fld/b/f227/f227_004f.tmx	194323	0x17B89800	17472	0x08F40
fld/b/f227/f227_004s.tmx	194332	0x17B8E000	17472	0x08F4C
fld/b/f227/f227_005.LB	194341	0x17B92800	276032	0x08F58
fld/b/f227/f227_005f.tmx	194476	0x17BD6000	17472	0x08F64
fld/b/f227/f227_005s.tmx	194485	0x17BDA800	17472	0x08F70
fld/b/f227/f227_006.LB	194494	0x17BDF000	299712	0x08F7C
fld/b/f227/f227_006f.tmx	194641	0x17C28800	17472	0x08F88
fld/b/f227/f227_006s.tmx	194650	0x17C2D000	17472	0x08F94
fld/b/f227/f227_007.LB	194659	0x17C31800	233728	0x08FA0
fld/b/f227/f227_007f.tmx	194774	0x17C6B000	17472	0x08FAC
fld/b/f227/f227_007s.tmx	194783	0x17C6F800	17472	0x08FB8
fld/b/f228/f228_001.LB	194792	0x17C74000	232896	0x090DC
fld/b/f228/f228_001f.tmx	194906	0x17CAD000	17472	0x090E8
fld/b/f228/f228_001s.tmx	194915	0x17CB1800	17472	0x090F4
fld/b/f228/f228_002.LB	194924	0x17CB6000	232832	0x09100
fld/b/f228/f228_002f.tmx	195038	0x17CEF000	17472	0x0910C
fld/b/f228/f228_002s.tmx	195047	0x17CF3800	17472	0x09118
fld/b/f228/f228_003.LB	195056	0x17CF8000	254400	0x09124
fld/b/f228/f228_003f.tmx	195181	0x17D36800	17472	0x09130
fld/b/f228/f228_003s.tmx	195190	0x17D3B000	17472	0x0913C
fld/b/f228/f228_004.LB	195199	0x17D3F800	233280	0x09148
fld/b/f228/f228_004f.tmx	195313	0x17D78800	17472	0x09154
fld/b/f228/f228_004s.tmx	195322	0x17D7D000	17472	0x09160
fld/b/f228/f228_005.LB	195331	0x17D81800	268608	0x0916C
fld/b/f228/f228_005f.tmx	195463	0x17DC3800	17472	0x09178
fld/b/f228/f228_005s.tmx	195472	0x17DC8000	17472	0x09184
fld/b/f228/f228_006.LB	195481	0x17DCC800	309568	0x09190
fld/b/f228/f228_006f.tmx	195633	0x17E18800	17472	0x0919C
fld/b/f228/f228_006s.tmx	195642	0x17E1D000	17472	0x091A8
fld/b/f228/f228_007.LB	195651	0x17E21800	282304	0x091B4
fld/b/f228/f228_007f.tmx	195789	0x17E66800	17472	0x091C0
fld/b/f228/f228_007s.tmx	195798	0x17E6B000	17472	0x091CC
fld/b/f230/f230_001.LB	195807	0x17E6F800	217408	0x092F0
fld/b/f230/f230_001f.tmx	195914	0x17EA5000	17472	0x092FC
fld/b/f230/f230_001s.tmx	195923	0x17EA9800	17472	0x09308
fld/b/f230/f230_002.LB	195932	0x17EAE000	245888	0x09314
fld/b/f230/f230_002f.tmx	196053	0x17EEA800	17472	0x09320
fld/b/f230/f230_002s.tmx	196062	0x17EEF000	17472	0x0932C
fld/b/f230/f230_003.LB	196071	0x17EF3800	278976	0x09338
fld/b/f230/f230_003f.tmx	196208	0x17F38000	17472	0x09344
fld/b/f230/f230_003s.tmx	196217	0x17F3C800	17472	0x09350
fld/b/f230/f230_004.LB	196226	0x17F41000	264128	0x0935C
fld/b/f230/f230_004f.tmx	196355	0x17F81800	17472	0x09368
fld/b/f230/f230_004s.tmx	196364	0x17F86000	17472	0x09374
fld/b/f230/f230_005.LB	196373	0x17F8A800	274880	0x09380
fld/b/f230/f230_005f.tmx	196508	0x17FCE000	17472	0x0938C
fld/b/f230/f230_005s.tmx	196517	0x17FD2800	17472	0x09398
fld/b/f230/f230_006.LB	196526	0x17FD7000	280768	0x093A4
fld/b/f230/f230_006f.tmx	196664	0x1801C000	17472	0x093B0
fld/b/f230/f230_006s.tmx	196673	0x18020800	17472	0x093BC
fld/b/f230/f230_007.LB	196682	0x18025000	303168	0x093C8
fld/b/f230/f230_007f.tmx	196831	0x1806F800	17472	0x093D4
fld/b/f230/f230_007s.tmx	196840	0x18074000	17472	0x093E0
fld/b/f230/f230_008.LB	196849	0x18078800	303424	0x093EC
fld/b/f230/f230_008f.tmx	196998	0x180C3000	17472	0x093F8
fld/b/f230/f230_008s.tmx	197007	0x180C7800	17472	0x09404
fld/b/f230/f230_009.LB	197016	0x180CC000	279168	0x09410
fld/b/f230/f230_009f.tmx	197153	0x18110800	17472	0x0941C
fld/b/f230/f230_009s.tmx	197162	0x18115000	17472	0x09428
fld/b/f230/f230_010.LB	197171	0x18119800	377984	0x09434
fld/b/f230/f230_010f.tmx	197356	0x18176000	17472	0x09440
fld/b/f230/f230_010s.tmx	197365	0x1817A800	17472	0x0944C
fld/b/f230/f230_011.LB	197374	0x1817F000	320000	0x09458
fld/b/f230/f230_011f.tmx	197531	0x181CD800	17472	0x09464
fld/b/f230/f230_011s.tmx	197540	0x181D2000	17472	0x09470
fld/b/f230/f230_012.LB	197549	0x181D6800	261248	0x0947C
fld/b/f230/f230_012f.tmx	197677	0x18216800	17472	0x09488
fld/b/f230/f230_012s.tmx	197686	0x1821B000	17472	0x09494
fld/b/f230/f230_013.LB	197695	0x1821F800	276800	0x094A0
fld/b/f230/f230_013f.tmx	197831	0x18263800	17472	0x094AC
fld/b/f230/f230_013s.tmx	197840	0x18268000	17472	0x094B8
fld/b/f230/f230_014.LB	197849	0x1826C800	276800	0x094C4
fld/b/f230/f230_014f.tmx	197985	0x182B0800	17472	0x094D0
fld/b/f230/f230_014s.tmx	197994	0x182B5000	17472	0x094DC
fld/b/f231/f231_001.LB	198003	0x182B9800	217408	0x09718
fld/b/f231/f231_001f.tmx	198110	0x182EF000	17472	0x09724
fld/b/f231/f231_001s.tmx	198119	0x182F3800	17472	0x09730
fld/b/f231/f231_002.LB	198128	0x182F8000	245888	0x0973C
fld/b/f231/f231_002f.tmx	198249	0x18334800	17472	0x09748
fld/b/f231/f231_002s.tmx	198258	0x18339000	17472	0x09754
fld/b/f231/f231_003.LB	198267	0x1833D800	278976	0x09760
fld/b/f231/f231_003f.tmx	198404	0x18382000	17472	0x0976C
fld/b/f231/f231_003s.tmx	198413	0x18386800	17472	0x09778
fld/b/f231/f231_004.LB	198422	0x1838B000	264128	0x09784
fld/b/f231/f231_004f.tmx	198551	0x183CB800	17472	0x09790
fld/b/f231/f231_004s.tmx	198560	0x183D0000	17472	0x0979C
fld/b/f231/f231_005.LB	198569	0x183D4800	274880	0x097A8
fld/b/f231/f231_005f.tmx	198704	0x18418000	17472	0x097B4
fld/b/f231/f231_005s.tmx	198713	0x1841C800	17472	0x097C0
fld/b/f231/f231_006.LB	198722	0x18421000	280768	0x097CC
fld/b/f231/f231_006f.tmx	198860	0x18466000	17472	0x097D8
fld/b/f231/f231_006s.tmx	198869	0x1846A800	17472	0x097E4
fld/b/f231/f231_007.LB	198878	0x1846F000	303168	0x097F0
fld/b/f231/f231_007f.tmx	199027	0x184B9800	17472	0x097FC
fld/b/f231/f231_007s.tmx	199036	0x184BE000	17472	0x09808
fld/b/f231/f231_008.LB	199045	0x184C2800	303424	0x09814
fld/b/f231/f231_008f.tmx	199194	0x1850D000	17472	0x09820
fld/b/f231/f231_008s.tmx	199203	0x18511800	17472	0x0982C
fld/b/f231/f231_009.LB	199212	0x18516000	279168	0x09838
fld/b/f231/f231_009f.tmx	199349	0x1855A800	17472	0x09844
fld/b/f231/f231_009s.tmx	199358	0x1855F000	17472	0x09850
fld/b/f231/f231_010.LB	199367	0x18563800	377984	0x0985C
fld/b/f231/f231_010f.tmx	199552	0x185C0000	17472	0x09868
fld/b/f231/f231_010s.tmx	199561	0x185C4800	17472	0x09874
fld/b/f231/f231_011.LB	199570	0x185C9000	320000	0x09880
fld/b/f231/f231_011f.tmx	199727	0x18617800	17472	0x0988C
fld/b/f231/f231_011s.tmx	199736	0x1861C000	17472	0x09898
fld/b/f231/f231_012.LB	199745	0x18620800	261248	0x098A4
fld/b/f231/f231_012f.tmx	199873	0x18660800	17472	0x098B0
fld/b/f231/f231_012s.tmx	199882	0x18665000	17472	0x098BC
fld/b/f231/f231_013.LB	199891	0x18669800	276800	0x098C8
fld/b/f231/f231_013f.tmx	200027	0x186AD800	17472	0x098D4
fld/b/f231/f231_013s.tmx	200036	0x186B2000	17472	0x098E0
fld/b/f231/f231_014.LB	200045	0x186B6800	276800	0x098EC
fld/b/f231/f231_014f.tmx	200181	0x186FA800	17472	0x098F8
fld/b/f231/f231_014s.tmx	200190	0x186FF000	17472	0x09904
fld/b/f232/f232_001.LB	200199	0x18703800	250048	0x09B40
fld/b/f232/f232_001f.tmx	200322	0x18741000	17472	0x09B4C
fld/b/f232/f232_001s.tmx	200331	0x18745800	17472	0x09B58
fld/b/f232/f232_002.LB	200340	0x1874A000	285632	0x09B64
fld/b/f232/f232_002f.tmx	200480	0x18790000	17472	0x09B70
fld/b/f232/f232_002s.tmx	200489	0x18794800	17472	0x09B7C
fld/b/f232/f232_003.LB	200498	0x18799000	301184	0x09B88
fld/b/f232/f232_003f.tmx	200646	0x187E3000	17472	0x09B94
fld/b/f232/f232_003s.tmx	200655	0x187E7800	17472	0x09BA0
fld/b/f232/f232_004.LB	200664	0x187EC000	278656	0x09BAC
fld/b/f232/f232_004f.tmx	200801	0x18830800	17472	0x09BB8
fld/b/f232/f232_004s.tmx	200810	0x18835000	17472	0x09BC4
fld/b/f232/f232_005.LB	200819	0x18839800	276032	0x09BD0
fld/b/f232/f232_005f.tmx	200954	0x1887D000	17472	0x09BDC
fld/b/f232/f232_005s.tmx	200963	0x18881800	17472	0x09BE8
fld/b/f232/f232_006.LB	200972	0x18886000	299712	0x09BF4
fld/b/f232/f232_006f.tmx	201119	0x188CF800	17472	0x09C00
fld/b/f232/f232_006s.tmx	201128	0x188D4000	17472	0x09C0C
fld/b/f232/f232_007.LB	201137	0x188D8800	233728	0x09C18
fld/b/f232/f232_007f.tmx	201252	0x18912000	17472	0x09C24
fld/b/f232/f232_007s.tmx	201261	0x18916800	17472	0x09C30
fld/b/f233/f233_001.LB	201270	0x1891B000	250048	0x09D54
fld/b/f233/f233_001f.tmx	201393	0x18958800	17472	0x09D60
fld/b/f233/f233_001s.tmx	201402	0x1895D000	17472	0x09D6C
fld/b/f233/f233_002.LB	201411	0x18961800	285632	0x09D78
fld/b/f233/f233_002f.tmx	201551	0x189A7800	17472	0x09D84
fld/b/f233/f233_002s.tmx	201560	0x189AC000	17472	0x09D90
fld/b/f233/f233_003.LB	201569	0x189B0800	301184	0x09D9C
fld/b/f233/f233_003f.tmx	201717	0x189FA800	17472	0x09DA8
fld/b/f233/f233_003s.tmx	201726	0x189FF000	17472	0x09DB4
fld/b/f233/f233_004.LB	201735	0x18A03800	278656	0x09DC0
fld/b/f233/f233_004f.tmx	201872	0x18A48000	17472	0x09DCC
fld/b/f233/f233_004s.tmx	201881	0x18A4C800	17472	0x09DD8
fld/b/f233/f233_005.LB	201890	0x18A51000	276032	0x09DE4
fld/b/f233/f233_005f.tmx	202025	0x18A94800	17472	0x09DF0
fld/b/f233/f233_005s.tmx	202034	0x18A99000	17472	0x09DFC
fld/b/f233/f233_006.LB	202043	0x18A9D800	299712	0x09E08
fld/b/f233/f233_006f.tmx	202190	0x18AE7000	17472	0x09E14
fld/b/f233/f233_006s.tmx	202199	0x18AEB800	17472	0x09E20
fld/b/f233/f233_007.LB	202208	0x18AF0000	233728	0x09E2C
fld/b/f233/f233_007f.tmx	202323	0x18B29800	17472	0x09E38
fld/b/f233/f233_007s.tmx	202332	0x18B2E000	17472	0x09E44
fld/b/f240/f240_001.LB	202341	0x18B32800	214976	0x09F68
fld/b/f240/f240_001f.tmx	202446	0x18B67000	17472	0x09F74
fld/b/f240/f240_001s.tmx	202455	0x18B6B800	17472	0x09F80
fld/e/f500/f500_001.TB	202464	0x18B70000	591168	0x0A00C
fld/e/f500/f500_001.f1	202753	0x18C00800	541052	0x0A018
fld/e/f500/f500_001.f2	203018	0x18C85000	533	0x0A024
fld/e/f801/f801_001.TB	203019	0x18C85800	525184	0x0A054
fld/e/f801/f801_001.f1	203276	0x18D06000	516349	0x0A060
fld/e/f801/f801_001.f2	203529	0x18D84800	766	0x0A06C
fld/e/f801/temp.txt	203530	0x18D85000	34	0x0A078
fld/e/f802/converr.txt	203531	0x18D85800	0	0x0A0B4
fld/e/f802/f802_001.TB	203531	0x18D85800	603776	0x0A0C0
fld/e/f802/f802_001.dbg	203826	0x18E19000	0	0x0A0CC
fld/e/f802/f802_001.f1	203826	0x18E19000	584278	0x0A0D8
fld/e/f802/f802_001.f2	204112	0x18EA8000	827	0x0A0E4
fld/e/f803/f803_001.TB	204113	0x18EA8800	532416	0x0A130
fld/e/f803/f803_001.f1	204373	0x18F2A800	333698	0x0A13C
fld/e/f803/f803_001.f2	204536	0x18F7C000	15796	0x0A148
fld/e/f810/810.xls	204544	0x18F80000	36352	0x0A178
fld/e/f810/effect/CT01.BED	204603	0x18F9D800	3152	0x0A1FC
fld/e/f810/effect/CT02.BED	204605	0x18F9E800	3152	0x0A208
fld/e/f810/effect/S1.D3P	204607	0x18F9F800	416	0x0A214
fld/e/f810/effect/S2.D3P	204608	0x18FA0000	416	0x0A220
fld/e/f810/effect/S4.D3P	204609	0x18FA0800	416	0x0A22C
fld/e/f810/effect/SS1.D3P	204610	0x18FA1000	16864	0x0A238
fld/e/f810/effect/ZIOSPA06.D3P	204619	0x18FA5800	416	0x0A244
fld/e/f810/effect/biri.BED	204620	0x18FA6000	3264	0x0A250
fld/e/f810/effect/temp.txt	204622	0x18FA7000	34	0x0A25C
fld/e/f810/f810_001.TB	204562	0x18F89000	9344	0x0A190
fld/e/f810/f810_001.f1	204567	0x18F8B800	67526	0x0A19C
fld/e/f810/f810_001.f2	204600	0x18F9C000	3397	0x0A1A8
fld/e/f810/temp.txt	204602	0x18F9D000	34	0x0A1B4
fld/f/bin/ASI_2HZ.EPL	204623	0x18FA7800	1136	0x0A470
fld/f/bin/ASI_2MZ.EPL	204624	0x18FA8000	1136	0x0A47C
fld/f/bin/BATTLEBG.SKY	204625	0x18FA8800	57344	0x0A488
fld/f/bin/DVILIZE.BED	204653	0x18FB6800	6128	0x0A494
fld/f/bin/DVILIZE1.BED	204656	0x18FB8000	5632	0x0A4A0
fld/f/bin/DVILIZE1_B.BED	204659	0x18FB9800	3776	0x0A4AC
fld/f/bin/FH_DAM_2.EPL	204661	0x18FBA800	51440	0x0A4B8
fld/f/bin/FILTER.FLD	204687	0x18FC7800	74752	0x0A4C4
fld/f/bin/FLDALL.TBL	204724	0x18FDA000	79184	0x0A4D0
fld/f/bin/F_SMOKE.D3P	204763	0x18FED800	432	0x0A4DC
fld/f/bin/HAMON.EPL	204764	0x18FEE000	3616	0x0A4E8
fld/f/bin/ICE.BED	204766	0x18FEF000	75360	0x0A4F4
fld/f/bin/ICE_b.BED	204803	0x19001800	90560	0x0A500
fld/f/bin/ICE_r.BED	204848	0x19018000	90560	0x0A50C
fld/f/bin/ICE_y.BED	204893	0x1902E800	90560	0x0A518
fld/f/bin/KUT_3Z.EPL	204938	0x19045000	3728	0x0A524
fld/f/bin/MAN_2Z.EPL	204940	0x19046000	6304	0x0A530
fld/f/bin/NPC01.D3P	204944	0x19048000	352	0x0A53C
fld/f/bin/SKYTBL.DAT	204945	0x19048800	53248	0x0A548
fld/f/bin/WATER.D3P	204971	0x19055800	416	0x0A554
fld/f/bin/YUK_2.EPL	204972	0x19056000	2432	0x0A560
fld/f/bin/fldmix.LB	204974	0x19057000	43328	0x0A56C
fld/f/bin/limit_00.tmx	204996	0x19062000	4224	0x0A578
fld/f/bin/n_fild01.tmx	204999	0x19063800	17472	0x0A584
fld/f/bin/n_fild02.tmx	205008	0x19068000	17472	0x0A590
fld/f/bin/n_fild03.tmx	205017	0x1906C800	17472	0x0A59C
fld/f/bin/rain.tmx	205026	0x19071000	8320	0x0A5A8
fld/f/f001/F001.INF	205031	0x19073800	15232	0x0A6E8
fld/f/f001/F001.NPL	205039	0x19077800	512	0x0A6F4
fld/f/f001/F001.SKY	205040	0x19078000	57344	0x0A700
fld/f/f001/F001.WAP	205068	0x19086000	27808	0x0A70C
fld/f/f001/F001EF01.D3P	205082	0x1908D000	416	0x0A718
fld/f/f001/f001.amb	205083	0x1908D800	39990	0x0A724
fld/f/f001/f001.bf	205103	0x19097800	17081	0x0A730
fld/f/f001/f001_000.LB	205112	0x1909C000	22528	0x0A73C
fld/f/f001/f001_001.LB	205123	0x190A1800	1119680	0x0A748
fld/f/f001/f001_002.LB	205670	0x191B3000	1134208	0x0A754
fld/f/f002/F002.INF	206224	0x192C8000	15232	0x0A7C8
fld/f/f002/F002.NPL	206232	0x192CC000	512	0x0A7D4
fld/f/f002/F002.SKY	206233	0x192CC800	57344	0x0A7E0
fld/f/f002/F002.WAP	206261	0x192DA800	27808	0x0A7EC
fld/f/f002/F002YF1.D3P	206275	0x192E1800	416	0x0A7F8
fld/f/f002/F002YG1.D3P	206276	0x192E2000	416	0x0A804
fld/f/f002/F002YG2.D3P	206277	0x192E2800	416	0x0A810
fld/f/f002/F002YO1.D3P	206278	0x192E3000	416	0x0A81C
fld/f/f002/f002.amb	206279	0x192E3800	39990	0x0A828
fld/f/f002/f002.bf	206299	0x192ED800	60322	0x0A834
fld/f/f002/f002_000.LB	206329	0x192FC800	41792	0x0A840
fld/f/f002/f002_001.LB	206350	0x19307000	768320	0x0A84C
fld/f/f002/f002_002.LB	206726	0x193C3000	880768	0x0A858
fld/f/f002/f002_003.LB	207157	0x1949A800	761280	0x0A864
fld/f/f002/k002_001.f2	207529	0x19554800	6467	0x0A870
fld/f/f002/k002_002.f2	207533	0x19556800	26260	0x0A87C
fld/f/f003/F002YO1.D3P	207546	0x1955D000	416	0x0A938
fld/f/f003/F003.INF	207547	0x1955D800	15232	0x0A944
fld/f/f003/F003.NPL	207555	0x19561800	512	0x0A950
fld/f/f003/F003.SKY	207556	0x19562000	57344	0x0A95C
fld/f/f003/F003.WAP	207584	0x19570000	27808	0x0A968
fld/f/f003/F003LT.D3P	207598	0x19577000	5552	0x0A974
fld/f/f003/f003.amb	207601	0x19578800	39990	0x0A980
fld/f/f003/f003.bf	207621	0x19582800	64524	0x0A98C
fld/f/f003/f003_000.LB	207653	0x19592800	42304	0x0A998
fld/f/f003/f003_001.LB	207674	0x1959D000	1096576	0x0A9A4
fld/f/f003/f003_003.LB	208210	0x196A9000	691200	0x0A9B0
fld/f/f003/k003_001.f2	208548	0x19752000	12045	0x0A9BC
fld/f/f003/k003_002.f2	208554	0x19755000	2163	0x0A9C8
fld/f/f003/k003_003.f2	208556	0x19756000	16031	0x0A9D4
fld/f/f004/F004.INF	208564	0x1975A000	15232	0x0AA74
fld/f/f004/F004.NPL	208572	0x1975E000	512	0x0AA80
fld/f/f004/F004.SKY	208573	0x1975E800	57344	0x0AA8C
fld/f/f004/F004.WAP	208601	0x1976C800	27808	0x0AA98
fld/f/f004/F00400.D3P	208615	0x19773800	416	0x0AAA4
fld/f/f004/F00401.D3P	208616	0x19774000	416	0x0AAB0
fld/f/f004/F004_light01.D3P	208617	0x19774800	5552	0x0AABC
fld/f/f004/F004_light02.D3P	208620	0x19776000	5552	0x0AAC8
fld/f/f004/F004_rain01.D3P	208623	0x19777800	416	0x0AAD4
fld/f/f004/KOKUEN1.D3P	208624	0x19778000	656	0x0AAE0
fld/f/f004/f004.amb	208625	0x19778800	39990	0x0AAEC
fld/f/f004/f004.bf	208645	0x19782800	45972	0x0AAF8
fld/f/f004/f004_000.LB	208668	0x1978E000	35072	0x0AB04
fld/f/f004/f004_001.LB	208686	0x19797000	1068992	0x0AB10
fld/f/f004/f004_002.LB	209208	0x1989C000	810688	0x0AB1C
fld/f/f004/f004_003.LB	209604	0x19962000	1118272	0x0AB28
fld/f/f004/k004_001.f2	210151	0x19A73800	10576	0x0AB34
fld/f/f004/k004_002.f2	210157	0x19A76800	7122	0x0AB40
fld/f/f004/k004_003.f2	210161	0x19A78800	16578	0x0AB4C
fld/f/f005/F005.INF	210170	0x19A7D000	15232	0x0AC38
fld/f/f005/F005.NPL	210178	0x19A81000	512	0x0AC44
fld/f/f005/F005.SKY	210179	0x19A81800	57344	0x0AC50
fld/f/f005/F005.WAP	210207	0x19A8F800	27808	0x0AC5C
fld/f/f005/F005HAM.D3P	210221	0x19A96800	416	0x0AC68
fld/f/f005/F005LT.D3P	210222	0x19A97000	416	0x0AC74
fld/f/f005/F008HAM.D3P	210223	0x19A97800	416	0x0AC80
fld/f/f005/f005.amb	210224	0x19A98000	39990	0x0AC8C
fld/f/f005/f005.bf	210244	0x19AA2000	42248	0x0AC98
fld/f/f005/f005_000.LB	210265	0x19AAC800	33408	0x0ACA4
fld/f/f005/f005_001.LB	210282	0x19AB5000	912640	0x0ACB0
fld/f/f005/f005_002.LB	210728	0x19B94000	974080	0x0ACBC
fld/f/f005/k005_001.f2	211204	0x19C82000	25323	0x0ACC8
fld/f/f005/k005_002.f2	211217	0x19C88800	20274	0x0ACD4
fld/f/f006/F006.INF	211227	0x19C8D800	15232	0x0AD74
fld/f/f006/F006.NPL	211235	0x19C91800	512	0x0AD80
fld/f/f006/F006.SKY	211236	0x19C92000	57344	0x0AD8C
fld/f/f006/F006.WAP	211264	0x19CA0000	27808	0x0AD98
fld/f/f006/F006EFFE.D3P	211278	0x19CA7000	656	0x0ADA4
fld/f/f006/F006GAS.D3P	211279	0x19CA7800	416	0x0ADB0
fld/f/f006/F006LT.D3P	211280	0x19CA8000	416	0x0ADBC
fld/f/f006/F006LT02.D3P	211281	0x19CA8800	416	0x0ADC8
fld/f/f006/F006SIZ.D3P	211282	0x19CA9000	416	0x0ADD4
fld/f/f006/F008HAM.D3P	211283	0x19CA9800	416	0x0ADE0
fld/f/f006/f006.amb	211284	0x19CAA000	39990	0x0ADEC
fld/f/f006/f006.bf	211304	0x19CB4000	39214	0x0ADF8
fld/f/f006/f006_000.LB	211324	0x19CBE000	33216	0x0AE04
fld/f/f006/f006_001.LB	211341	0x19CC6800	1283840	0x0AE10
fld/f/f006/f006_002.LB	211968	0x19E00000	1368320	0x0AE1C
fld/f/f006/f006_003.LB	212637	0x19F4E800	855232	0x0AE28
fld/f/f006/f006_004.LB	213055	0x1A01F800	202176	0x0AE34
fld/f/f006/f006_005.LB	213154	0x1A051000	202176	0x0AE40
fld/f/f006/f006_e001.D3P	213253	0x1A082800	352	0x0AE4C
fld/f/f006/f006_fire_01.P2A	213254	0x1A083000	8864	0x0AE58
fld/f/f006/f006_fire_02.D3P	213259	0x1A085800	352	0x0AE64
fld/f/f006/f006_flame_01.D3P	213260	0x1A086000	36192	0x0AE70
fld/f/f006/f006_smoke.D3P	213278	0x1A08F000	416	0x0AE7C
fld/f/f006/k006_001.f2	213279	0x1A08F800	9011	0x0AE88
fld/f/f006/k006_002.f2	213284	0x1A092000	13174	0x0AE94
fld/f/f006/k006_003.f2	213291	0x1A095800	3892	0x0AEA0
fld/f/f007/F002YO1.D3P	213293	0x1A096800	416	0x0AFE8
fld/f/f007/F007.INF	213294	0x1A097000	15232	0x0AFF4
fld/f/f007/F007.NPL	213302	0x1A09B000	512	0x0B000
fld/f/f007/F007.SKY	213303	0x1A09B800	57344	0x0B00C
fld/f/f007/F007.WAP	213331	0x1A0A9800	27808	0x0B018
fld/f/f007/F007F1.D3P	213345	0x1A0B0800	416	0x0B024
fld/f/f007/F007F2.D3P	213346	0x1A0B1000	416	0x0B030
fld/f/f007/F007L1.D3P	213347	0x1A0B1800	352	0x0B03C
fld/f/f007/F007L2.D3P	213348	0x1A0B2000	352	0x0B048
fld/f/f007/f007.amb	213349	0x1A0B2800	39990	0x0B054
fld/f/f007/f007.bf	213369	0x1A0BC800	56438	0x0B060
fld/f/f007/f007_000.LB	213397	0x1A0CA800	39936	0x0B06C
fld/f/f007/f007_001.LB	213417	0x1A0D4800	484800	0x0B078
fld/f/f007/f007_002.LB	213654	0x1A14B000	696704	0x0B084
fld/f/f007/k007_001.f2	213995	0x1A1F5800	7219	0x0B090
fld/f/f007/k007_002.f2	213999	0x1A1F7800	19816	0x0B09C
fld/f/f008/F008.INF	214009	0x1A1FC800	15232	0x0B154
fld/f/f008/F008.NPL	214017	0x1A200800	512	0x0B160
fld/f/f008/F008.SKY	214018	0x1A201000	57344	0x0B16C
fld/f/f008/F008.WAP	214046	0x1A20F000	27808	0x0B178
fld/f/f008/F008HAM.D3P	214060	0x1A216000	416	0x0B184
fld/f/f008/f008.amb	214061	0x1A216800	39990	0x0B190
fld/f/f008/f008.bf	214081	0x1A220800	28362	0x0B19C
fld/f/f008/f008_000.LB	214095	0x1A227800	27456	0x0B1A8
fld/f/f008/f008_001.LB	214109	0x1A22E800	1126336	0x0B1B4
fld/f/f008/k008_001.f2	214659	0x1A341800	24695	0x0B1C0
fld/f/f009/F009.INF	214672	0x1A348000	15232	0x0B234
fld/f/f009/F009.NPL	214680	0x1A34C000	256	0x0B240
fld/f/f009/F009.SKY	214681	0x1A34C800	57344	0x0B24C
fld/f/f009/F009.WAP	214709	0x1A35A800	25760	0x0B258
fld/f/f009/dot_ps2cdimg	214722	0x1A361000	2703	0x0B264
fld/f/f009/f009.amb	214724	0x1A362000	39990	0x0B270
fld/f/f009/f009.bf	214744	0x1A36C000	15466	0x0B27C
fld/f/f009/f009_000.txt	214752	0x1A370000	89	0x0B288
fld/f/f009/f009_001.TB	214753	0x1A370800	107776	0x0B294
fld/f/f009/f009_001.f1	214806	0x1A38B000	40846	0x0B2A0
fld/f/f009/f009_001.f2	214826	0x1A395000	1174	0x0B2AC
fld/f/f009/f009_001.txt	214827	0x1A395800	43	0x0B2B8
fld/f/f010/F010.INF	214828	0x1A396000	15232	0x0B344
fld/f/f010/F010.NPL	214836	0x1A39A000	512	0x0B350
fld/f/f010/F010.SKY	214837	0x1A39A800	57344	0x0B35C
fld/f/f010/F010.WAP	214865	0x1A3A8800	27808	0x0B368
fld/f/f010/F01000.D3P	214879	0x1A3AF800	416	0x0B374
fld/f/f010/f010.amb	214880	0x1A3B0000	39990	0x0B380
fld/f/f010/f010.bf	214900	0x1A3BA000	23703	0x0B38C
fld/f/f010/f010_000.LB	214912	0x1A3C0000	25728	0x0B398
fld/f/f010/f010_001.LB	214925	0x1A3C6800	558720	0x0B3A4
fld/f/f010/f010_002.LB	215198	0x1A44F000	1067648	0x0B3B0
fld/f/f010/k010_001.f2	215720	0x1A554000	14885	0x0B3BC
fld/f/f011/F008HAM.D3P	215728	0x1A558000	416	0x0B438
fld/f/f011/F011.INF	215729	0x1A558800	15232	0x0B444
fld/f/f011/F011.NPL	215737	0x1A55C800	512	0x0B450
fld/f/f011/F011.SKY	215738	0x1A55D000	57344	0x0B45C
fld/f/f011/F011.WAP	215766	0x1A56B000	27808	0x0B468
fld/f/f011/f011.amb	215780	0x1A572000	2432	0x0B474
fld/f/f011/f011.bf	215782	0x1A573000	41318	0x0B480
fld/f/f011/f011_000.LB	215803	0x1A57D800	20672	0x0B48C
fld/f/f011/f011_001.LB	215814	0x1A583000	1006272	0x0B498
fld/f/f011/f011_002.LB	216306	0x1A679000	1211648	0x0B4A4
fld/f/f011/f011_003.LB	216898	0x1A7A1000	587584	0x0B4B0
fld/f/f011/k011_001.f2	217185	0x1A830800	16449	0x0B4BC
fld/f/f011/k011_002.f2	217194	0x1A835000	5313	0x0B4C8
fld/f/f011/k011_003.f2	217197	0x1A836800	3605	0x0B4D4
fld/f/f012/F012.INF	217199	0x1A837800	15232	0x0B578
fld/f/f012/F012.NPL	217207	0x1A83B800	512	0x0B584
fld/f/f012/F012.SKY	217208	0x1A83C000	57344	0x0B590
fld/f/f012/F012.WAP	217236	0x1A84A000	27808	0x0B59C
fld/f/f012/f012.amb	217250	0x1A851000	1141	0x0B5A8
fld/f/f012/f012.bf	217251	0x1A851800	32730	0x0B5B4
fld/f/f012/f012_000.LB	217267	0x1A859800	16064	0x0B5C0
fld/f/f012/f012_001.LB	217275	0x1A85D800	966720	0x0B5CC
fld/f/f012/k012_001.f2	217748	0x1A94A000	7682	0x0B5D8
fld/f/f021/F002YG1.D3P	217752	0x1A94C000	416	0x0B640
fld/f/f021/F002YG2.D3P	217753	0x1A94C800	416	0x0B64C
fld/f/f021/F021.INF	217754	0x1A94D000	15232	0x0B658
fld/f/f021/F021.NPL	217762	0x1A951000	512	0x0B664
fld/f/f021/F021.SKY	217763	0x1A951800	57344	0x0B670
fld/f/f021/F021.WAP	217791	0x1A95F800	27808	0x0B67C
fld/f/f021/F021HI.D3P	217805	0x1A966800	416	0x0B688
fld/f/f021/F021ST.D3P	217806	0x1A967000	416	0x0B694
fld/f/f021/F021ST02.D3P	217807	0x1A967800	416	0x0B6A0
fld/f/f021/SEALD.D3P	217808	0x1A968000	416	0x0B6AC
fld/f/f021/f021.amb	217809	0x1A968800	23098	0x0B6B8
fld/f/f021/f021.bf	217821	0x1A96E800	48837	0x0B6C4
fld/f/f021/f021_000.LB	217845	0x1A97A800	31488	0x0B6D0
fld/f/f021/f021_001.LB	217861	0x1A982800	1184256	0x0B6DC
fld/f/f021/f021_003.LB	218440	0x1AAA4000	444928	0x0B6E8
fld/f/f021/f021_004.LB	218658	0x1AB11000	607104	0x0B6F4
fld/f/f021/f021_006.LB	218955	0x1ABA5800	445056	0x0B700
fld/f/f021/f021_007.LB	219173	0x1AC12800	506880	0x0B70C
fld/f/f021/f021_008.LB	219421	0x1AC8E800	829312	0x0B718
fld/f/f021/f021_009.LB	219826	0x1AD59000	467904	0x0B724
fld/f/f021/f021_010.LB	220055	0x1ADCB800	467968	0x0B730
fld/f/f021/f021_011.LB	220284	0x1AE3E000	468096	0x0B73C
fld/f/f021/f021_012.LB	220513	0x1AEB0800	468096	0x0B748
fld/f/f021/f021_013.LB	220742	0x1AF23000	660032	0x0B754
fld/f/f021/f021_014.LB	221065	0x1AFC4800	785024	0x0B760
fld/f/f021/f021_015.LB	221449	0x1B084800	766272	0x0B76C
fld/f/f021/f021_016.LB	221824	0x1B140000	772416	0x0B778
fld/f/f021/f021_017.LB	222202	0x1B1FD000	524224	0x0B784
fld/f/f021/f021_018.LB	222458	0x1B27D000	524288	0x0B790
fld/f/f021/f021_019.LB	222714	0x1B2FD000	524288	0x0B79C
fld/f/f021/f021_021.LB	222970	0x1B37D000	1217664	0x0B7A8
fld/f/f021/f021_023.LB	223565	0x1B4A6800	444992	0x0B7B4
fld/f/f021/f021_024.LB	223783	0x1B513800	605056	0x0B7C0
fld/f/f021/f021_026.LB	224079	0x1B5A7800	445056	0x0B7CC
fld/f/f021/f021_027.LB	224297	0x1B614800	617216	0x0B7D8
fld/f/f021/k021_001.f2	224599	0x1B6AB800	8337	0x0B7E4
fld/f/f021/k021_004.f2	224604	0x1B6AE000	4525	0x0B7F0
fld/f/f021/k021_007.f2	224607	0x1B6AF800	8962	0x0B7FC
fld/f/f021/k021_008.f2	224612	0x1B6B2000	2902	0x0B808
fld/f/f021/k021_021.f2	224614	0x1B6B3000	8119	0x0B814
fld/f/f021/k021_027.f2	224618	0x1B6B5000	5863	0x0B820
fld/f/f022/F022.INF	224621	0x1B6B6800	15232	0x0BA04
fld/f/f022/F022.NPL	224629	0x1B6BA800	512	0x0BA10
fld/f/f022/F022.SKY	224630	0x1B6BB000	57344	0x0BA1C
fld/f/f022/F022.WAP	224658	0x1B6C9000	27808	0x0BA28
fld/f/f022/F022_FOG01.D3P	224672	0x1B6D0000	416	0x0BA34
fld/f/f022/f022.amb	224673	0x1B6D0800	74410	0x0BA40
fld/f/f022/f022.bf	224710	0x1B6E3000	51679	0x0BA4C
fld/f/f022/f022_000.LB	224736	0x1B6F0000	53312	0x0BA58
fld/f/f022/f022_001.LB	224763	0x1B6FD800	1048320	0x0BA64
fld/f/f022/f022_002.LB	225275	0x1B7FD800	998656	0x0BA70
fld/f/f022/f022_003.LB	225763	0x1B8F1800	870272	0x0BA7C
fld/f/f022/f022_004.LB	226188	0x1B9C6000	786112	0x0BA88
fld/f/f022/f022_005.LB	226572	0x1BA86000	585088	0x0BA94
fld/f/f022/f022_006.LB	226858	0x1BB15000	903744	0x0BAA0
fld/f/f022/f022_008.LB	227300	0x1BBF2000	886336	0x0BAAC
fld/f/f022/f022_009.LB	227733	0x1BCCA800	701568	0x0BAB8
fld/f/f022/f022_010.LB	228076	0x1BD76000	904448	0x0BAC4
fld/f/f022/f022_011.LB	228518	0x1BE53000	1179200	0x0BAD0
fld/f/f022/f022_012.LB	229094	0x1BF73000	637504	0x0BADC
fld/f/f022/f022_013.LB	229406	0x1C00F000	848064	0x0BAE8
fld/f/f022/f022_014.LB	229821	0x1C0DE800	1044608	0x0BAF4
fld/f/f022/f022_015.LB	230332	0x1C1DE000	876224	0x0BB00
fld/f/f022/f022_016.LB	230760	0x1C2B4000	648640	0x0BB0C
fld/f/f022/f022_017.LB	231077	0x1C352800	1003072	0x0BB18
fld/f/f022/f022_018.LB	231567	0x1C447800	1096448	0x0BB24
fld/f/f022/f022_020.LB	232103	0x1C553800	891904	0x0BB30
fld/f/f022/f022_021.LB	232539	0x1C62D800	697024	0x0BB3C
fld/f/f022/f022_022.LB	232880	0x1C6D8000	805056	0x0BB48
fld/f/f022/f022_023.LB	233274	0x1C79D000	661952	0x0BB54
fld/f/f022/f022_025.LB	233598	0x1C83F000	828672	0x0BB60
fld/f/f022/f022_026.LB	234003	0x1C909800	1045376	0x0BB6C
fld/f/f022/f022_027.LB	234514	0x1CA09000	883392	0x0BB78
fld/f/f022/f022_028.LB	234946	0x1CAE1000	709632	0x0BB84
fld/f/f022/f022_029.LB	235293	0x1CB8E800	905472	0x0BB90
fld/f/f022/f022_030.LB	235736	0x1CC6C000	888384	0x0BB9C
fld/f/f022/f022_031.LB	236170	0x1CD45000	617600	0x0BBA8
fld/f/f022/f022_032.LB	236472	0x1CDDC000	690752	0x0BBB4
fld/f/f022/f022_033.LB	236810	0x1CE85000	681920	0x0BBC0
fld/f/f022/f022_034.LB	237143	0x1CF2B800	1034688	0x0BBCC
fld/f/f022/f022_035.LB	237649	0x1D028800	877632	0x0BBD8
fld/f/f022/f022_036.LB	238078	0x1D0FF000	935488	0x0BBE4
fld/f/f022/f022_037.LB	238535	0x1D1E3800	618496	0x0BBF0
fld/f/f022/f022_038.LB	238837	0x1D27A800	907520	0x0BBFC
fld/f/f022/f022_039.LB	239281	0x1D358800	908160	0x0BC08
fld/f/f022/f022_040.LB	239725	0x1D436800	775680	0x0BC14
fld/f/f022/f022_041.LB	240104	0x1D4F4000	750336	0x0BC20
fld/f/f022/f022_042.LB	240471	0x1D5AB800	992128	0x0BC2C
fld/f/f022/f022_043.LB	240956	0x1D69E000	908736	0x0BC38
fld/f/f022/f022_044.LB	241400	0x1D77C000	723904	0x0BC44
fld/f/f022/f022_045.LB	241754	0x1D82D000	939968	0x0BC50
fld/f/f022/k022_008.f2	242213	0x1D912800	3494	0x0BC5C
fld/f/f022/k022_018.f2	242215	0x1D913800	3940	0x0BC68
fld/f/f023/F004_light01.D3P	242217	0x1D914800	5552	0x0BED4
fld/f/f023/F023.INF	242220	0x1D916000	15232	0x0BEE0
fld/f/f023/F023.NPL	242228	0x1D91A000	512	0x0BEEC
fld/f/f023/F023.SKY	242229	0x1D91A800	57344	0x0BEF8
fld/f/f023/F023.WAP	242257	0x1D928800	27808	0x0BF04
fld/f/f023/F02300.D3P	242271	0x1D92F800	416	0x0BF10
fld/f/f023/F02301.D3P	242272	0x1D930000	416	0x0BF1C
fld/f/f023/F02302.D3P	242273	0x1D930800	384	0x0BF28
fld/f/f023/f023.amb	242274	0x1D931000	59558	0x0BF34
fld/f/f023/f023.bf	242304	0x1D940000	49769	0x0BF40
fld/f/f023/f023_000.LB	242329	0x1D94C800	46656	0x0BF4C
fld/f/f023/f023_001.LB	242352	0x1D958000	1124096	0x0BF58
fld/f/f023/f023_002.LB	242901	0x1DA6A800	1039168	0x0BF64
fld/f/f023/f023_003.LB	243409	0x1DB68800	720192	0x0BF70
fld/f/f023/f023_004.LB	243761	0x1DC18800	898496	0x0BF7C
fld/f/f023/f023_005.LB	244200	0x1DCF4000	905728	0x0BF88
fld/f/f023/f023_006.LB	244643	0x1DDD1800	1074112	0x0BF94
fld/f/f023/f023_008.LB	245168	0x1DED8000	1243968	0x0BFA0
fld/f/f023/f023_009.LB	245776	0x1E008000	973888	0x0BFAC
fld/f/f023/f023_010.LB	246252	0x1E0F6000	872640	0x0BFB8
fld/f/f023/f023_011.LB	246679	0x1E1CB800	811200	0x0BFC4
fld/f/f023/f023_012.LB	247076	0x1E292000	1087488	0x0BFD0
fld/f/f023/f023_013.LB	247607	0x1E39B800	701952	0x0BFDC
fld/f/f023/f023_014.LB	247950	0x1E447000	805824	0x0BFE8
fld/f/f023/f023_015.LB	248344	0x1E50C000	963008	0x0BFF4
fld/f/f023/f023_016.LB	248815	0x1E5F7800	693376	0x0C000
fld/f/f023/f023_017.LB	249154	0x1E6A1000	779136	0x0C00C
fld/f/f023/f023_018.LB	249535	0x1E75F800	492864	0x0C018
fld/f/f023/f023_019.LB	249776	0x1E7D8000	819392	0x0C024
fld/f/f023/f023_020.LB	250177	0x1E8A0800	732992	0x0C030
fld/f/f023/f023_021.LB	250535	0x1E953800	759168	0x0C03C
fld/f/f023/f023_022.LB	250906	0x1EA0D000	484480	0x0C048
fld/f/f023/f023_023.LB	251143	0x1EA83800	525248	0x0C054
fld/f/f023/f023_024.LB	251400	0x1EB04000	813056	0x0C060
fld/f/f023/f023_025.LB	251797	0x1EBCA800	546176	0x0C06C
fld/f/f023/f023_026.LB	252064	0x1EC50000	682048	0x0C078
fld/f/f023/f023_027.LB	252398	0x1ECF7000	679168	0x0C084
fld/f/f024/024LIGHT.D3P	252730	0x1ED9D000	368	0x0C23C
fld/f/f024/DOOR024.D3P	252731	0x1ED9D800	2544	0x0C248
fld/f/f024/F024.INF	252733	0x1ED9E800	15232	0x0C254
fld/f/f024/F024.NPL	252741	0x1EDA2800	512	0x0C260
fld/f/f024/F024.SKY	252742	0x1EDA3000	57344	0x0C26C
fld/f/f024/F024.WAP	252770	0x1EDB1000	27808	0x0C278
fld/f/f024/F024LT.D3P	252784	0x1EDB8000	2544	0x0C284
fld/f/f024/f024.amb	252786	0x1EDB9000	109209	0x0C290
fld/f/f024/f024.bf	252840	0x1EDD4000	54337	0x0C29C
fld/f/f024/f024_000.LB	252867	0x1EDE1800	70464	0x0C2A8
fld/f/f024/f024_001.LB	252902	0x1EDF3000	642368	0x0C2B4
fld/f/f024/f024_002.LB	253216	0x1EE90000	489472	0x0C2C0
fld/f/f024/f024_003.LB	253455	0x1EF07800	541184	0x0C2CC
fld/f/f024/f024_004.LB	253720	0x1EF8C000	754240	0x0C2D8
fld/f/f024/f024_005.LB	254089	0x1F044800	995264	0x0C2E4
fld/f/f024/f024_006.LB	254575	0x1F137800	780032	0x0C2F0
fld/f/f024/f024_007.LB	254956	0x1F1F6000	1040896	0x0C2FC
fld/f/f024/f024_008.LB	255465	0x1F2F4800	436416	0x0C308
fld/f/f024/f024_009.LB	255679	0x1F35F800	1309888	0x0C314
fld/f/f024/f024_010.LB	256319	0x1F49F800	895872	0x0C320
fld/f/f024/f024_011.LB	256757	0x1F57A800	801024	0x0C32C
fld/f/f024/f024_012.LB	257149	0x1F63E800	1033216	0x0C338
fld/f/f024/f024_013.LB	257654	0x1F73B000	997120	0x0C344
fld/f/f024/f024_014.LB	258141	0x1F82E800	1155968	0x0C350
fld/f/f024/f024_015.LB	258706	0x1F949000	1024576	0x0C35C
fld/f/f024/f024_016.LB	259207	0x1FA43800	1131968	0x0C368
fld/f/f024/f024_017.LB	259760	0x1FB58000	895552	0x0C374
fld/f/f024/f024_018.LB	260198	0x1FC33000	1077824	0x0C380
fld/f/f024/f024_019.LB	260725	0x1FD3A800	890304	0x0C38C
fld/f/f024/f024_020.LB	261160	0x1FE14000	473024	0x0C398
fld/f/f024/f024_021.LB	261391	0x1FE87800	409664	0x0C3A4
fld/f/f024/f024_022.LB	261592	0x1FEEC000	367680	0x0C3B0
fld/f/f024/f024_023.LB	261772	0x1FF46000	326912	0x0C3BC
fld/f/f024/f024_024.LB	261932	0x1FF96000	362048	0x0C3C8
fld/f/f024/f024_025.LB	262109	0x1FFEE800	416000	0x0C3D4
fld/f/f024/f024_026.LB	262313	0x20054800	358784	0x0C3E0
fld/f/f024/f024_027.LB	262489	0x200AC800	335808	0x0C3EC
fld/f/f024/f024_028.LB	262653	0x200FE800	522176	0x0C3F8
fld/f/f024/f024_029.LB	262908	0x2017E000	717120	0x0C404
fld/f/f024/f024_030.LB	263259	0x2022D800	889728	0x0C410
fld/f/f024/f024_030_LIGHT.D3P	263694	0x20307000	368	0x0C41C
fld/f/f024/f024_031.LB	263695	0x20307800	786560	0x0C428
fld/f/f024/f024_031_LIGHT.D3P	264080	0x203C8000	368	0x0C434
fld/f/f024/f024_032.LB	264081	0x203C8800	441216	0x0C440
fld/f/f024/f024_033.LB	264297	0x20434800	622208	0x0C44C
fld/f/f024/f024_034.LB	264601	0x204CC800	939776	0x0C458
fld/f/f024/f024_035.LB	265060	0x205B2000	545344	0x0C464
fld/f/f024/f024_036.LB	265327	0x20637800	627712	0x0C470
fld/f/f024/f024_037.LB	265634	0x206D1000	772672	0x0C47C
fld/f/f024/f024_038.LB	266012	0x2078E000	414912	0x0C488
fld/f/f024/f024_039.LB	266215	0x207F3800	492928	0x0C494
fld/f/f024/f024_040.LB	266456	0x2086C000	332480	0x0C4A0
fld/f/f024/f024_041.LB	266619	0x208BD800	656896	0x0C4AC
fld/f/f024/k024_031.f2	266940	0x2095E000	1740	0x0C4B8
fld/f/f025/F002YO1.D3P	266941	0x2095E800	416	0x0C748
fld/f/f025/F025.INF	266942	0x2095F000	15232	0x0C754
fld/f/f025/F025.NPL	266950	0x20963000	512	0x0C760
fld/f/f025/F025.SKY	266951	0x20963800	57344	0x0C76C
fld/f/f025/F025.WAP	266979	0x20971800	27808	0x0C778
fld/f/f025/F025L1.D3P	266993	0x20978800	352	0x0C784
fld/f/f025/F025Y1.D3P	266994	0x20979000	352	0x0C790
fld/f/f025/F025Y2.D3P	266995	0x20979800	400	0x0C79C
fld/f/f025/FIER1.D3P	266996	0x2097A000	1280	0x0C7A8
fld/f/f025/HIBI.D3P	266997	0x2097A800	11392	0x0C7B4
fld/f/f025/PIX.D3P	267003	0x2097D800	400	0x0C7C0
fld/f/f025/f025.amb	267004	0x2097E000	110244	0x0C7CC
fld/f/f025/f025.bf	267058	0x20999000	214504	0x0C7D8
fld/f/f025/f025_000.LB	267163	0x209CD800	115840	0x0C7E4
fld/f/f025/f025_001.LB	267220	0x209EA000	1388864	0x0C7F0
fld/f/f025/f025_002.LB	267899	0x20B3D800	1180416	0x0C7FC
fld/f/f025/f025_003.LB	268476	0x20C5E000	802368	0x0C808
fld/f/f025/f025_004.LB	268868	0x20D22000	1096768	0x0C814
fld/f/f025/f025_005.LB	269404	0x20E2E000	805440	0x0C820
fld/f/f025/f025_006.LB	269798	0x20EF3000	1841984	0x0C82C
fld/f/f025/f025_007.LB	270698	0x210B5000	664768	0x0C838
fld/f/f025/f025_008.LB	271023	0x21157800	997952	0x0C844
fld/f/f025/f025_009.LB	271511	0x2124B800	530368	0x0C850
fld/f/f025/f025_010.LB	271770	0x212CD000	628928	0x0C85C
fld/f/f025/f025_011.LB	272078	0x21367000	829312	0x0C868
fld/f/f025/f025_012.LB	272483	0x21431800	831104	0x0C874
fld/f/f025/f025_013.LB	272889	0x214FC800	613248	0x0C880
fld/f/f025/f025_014.LB	273189	0x21592800	614336	0x0C88C
fld/f/f025/f025_015.LB	273489	0x21628800	1155776	0x0C898
fld/f/f025/f025_016.LB	274054	0x21743000	705344	0x0C8A4
fld/f/f025/f025_017.LB	274399	0x217EF800	1109824	0x0C8B0
fld/f/f025/f025_018.LB	274941	0x218FE800	1130432	0x0C8BC
fld/f/f025/f025_019.LB	275493	0x21A12800	1303936	0x0C8C8
fld/f/f025/f025_020.LB	276130	0x21B51000	1384000	0x0C8D4
fld/f/f025/f025_021.LB	276806	0x21CA3000	995840	0x0C8E0
fld/f/f025/f025_022.LB	277293	0x21D96800	895424	0x0C8EC
fld/f/f025/f025_023.LB	277731	0x21E71800	1025472	0x0C8F8
fld/f/f025/f025_024.LB	278232	0x21F6C000	886976	0x0C904
fld/f/f025/f025_025.LB	278666	0x22045000	969024	0x0C910
fld/f/f025/f025_026.LB	279140	0x22132000	589056	0x0C91C
fld/f/f025/f025_027.LB	279428	0x221C2000	694336	0x0C928
fld/f/f025/f025_028.LB	279768	0x2226C000	628288	0x0C934
fld/f/f025/f025_029.LB	280075	0x22305800	712832	0x0C940
fld/f/f025/f025_030.LB	280424	0x223B4000	1129600	0x0C94C
fld/f/f025/f025_031.LB	280976	0x224C8000	967552	0x0C958
fld/f/f025/f025_032.LB	281449	0x225B4800	677888	0x0C964
fld/f/f025/f025_033.LB	281780	0x2265A000	706624	0x0C970
fld/f/f025/f025_034.LB	282126	0x22707000	706432	0x0C97C
fld/f/f025/f025_035.LB	282471	0x227B3800	669632	0x0C988
fld/f/f025/f025_036.LB	282798	0x22857000	792128	0x0C994
fld/f/f025/f025_037.LB	283185	0x22918800	632128	0x0C9A0
fld/f/f025/f025_038.LB	283494	0x229B3000	665600	0x0C9AC
fld/f/f025/f025_039.LB	283819	0x22A55800	632704	0x0C9B8
fld/f/f025/f025_040.LB	284128	0x22AF0000	632768	0x0C9C4
fld/f/f025/f025_041.LB	284437	0x22B8A800	632128	0x0C9D0
fld/f/f025/f025_042.LB	284746	0x22C25000	632000	0x0C9DC
fld/f/f025/f025_043.LB	285055	0x22CBF800	665216	0x0C9E8
fld/f/f025/f025_044.LB	285380	0x22D62000	632256	0x0C9F4
fld/f/f025/f025_045.LB	285689	0x22DFC800	632000	0x0CA00
fld/f/f025/f025_046.LB	285998	0x22E97000	704704	0x0CA0C
fld/f/f025/f025_047.LB	286343	0x22F43800	706432	0x0CA18
fld/f/f025/f025_048.LB	286688	0x22FF0000	481216	0x0CA24
fld/f/f025/f025_049.LB	286923	0x23065800	608128	0x0CA30
fld/f/f025/f025_050.LB	287220	0x230FA000	822016	0x0CA3C
fld/f/f025/f025_051.LB	287622	0x231C3000	895872	0x0CA48
fld/f/f025/f025_052.LB	288060	0x2329E000	691200	0x0CA54
fld/f/f025/f025_053.LB	288398	0x23347000	729280	0x0CA60
fld/f/f025/f025_054.LB	288755	0x233F9800	715072	0x0CA6C
fld/f/f025/f025_fire_01.P2A	289105	0x234A8800	8864	0x0CA78
fld/f/f026/026ROOM1.D3P	289110	0x234AB000	368	0x0CDA8
fld/f/f026/F026.INF	289111	0x234AB800	15232	0x0CDB4
fld/f/f026/F026.NPL	289119	0x234AF800	512	0x0CDC0
fld/f/f026/F026.SKY	289120	0x234B0000	57344	0x0CDCC
fld/f/f026/F026.WAP	289148	0x234BE000	27808	0x0CDD8
fld/f/f026/f026.amb	289162	0x234C5000	72856	0x0CDE4
fld/f/f026/f026.bf	289198	0x234D7000	61704	0x0CDF0
fld/f/f026/f026_000.LB	289229	0x234E6800	54848	0x0CDFC
fld/f/f026/f026_001.LB	289256	0x234F4000	1166208	0x0CE08
fld/f/f026/f026_002.LB	289826	0x23611000	782720	0x0CE14
fld/f/f026/f026_003.LB	290209	0x236D0800	662592	0x0CE20
fld/f/f026/f026_004.LB	290533	0x23772800	664256	0x0CE2C
fld/f/f026/f026_005.LB	290858	0x23815000	391296	0x0CE38
fld/f/f026/f026_006.LB	291050	0x23875000	744256	0x0CE44
fld/f/f026/f026_007.LB	291414	0x2392B000	331328	0x0CE50
fld/f/f026/f026_008.LB	291576	0x2397C000	453248	0x0CE5C
fld/f/f026/f026_009.LB	291798	0x239EB000	846528	0x0CE68
fld/f/f026/f026_010.LB	292212	0x23ABA000	371456	0x0CE74
fld/f/f026/f026_011.LB	292394	0x23B15000	763136	0x0CE80
fld/f/f026/f026_012.LB	292767	0x23BCF800	413632	0x0CE8C
fld/f/f026/f026_013.LB	292969	0x23C34800	680896	0x0CE98
fld/f/f026/f026_014.LB	293302	0x23CDB000	592448	0x0CEA4
fld/f/f026/f026_015.LB	293592	0x23D6C000	344960	0x0CEB0
fld/f/f026/f026_016.LB	293761	0x23DC0800	518784	0x0CEBC
fld/f/f026/f026_017.LB	294015	0x23E3F800	273088	0x0CEC8
fld/f/f026/f026_018.LB	294149	0x23E82800	655808	0x0CED4
fld/f/f026/f026_019.LB	294470	0x23F23000	772224	0x0CEE0
fld/f/f026/f026_020.LB	294848	0x23FE0000	273664	0x0CEEC
fld/f/f026/f026_021.LB	294982	0x24023000	311104	0x0CEF8
fld/f/f026/f026_022.LB	295134	0x2406F000	388928	0x0CF04
fld/f/f026/f026_023.LB	295324	0x240CE000	608128	0x0CF10
fld/f/f026/f026_024.LB	295621	0x24162800	273728	0x0CF1C
fld/f/f026/f026_025.LB	295755	0x241A5800	366656	0x0CF28
fld/f/f026/f026_026.LB	295935	0x241FF800	752000	0x0CF34
fld/f/f026/f026_027.LB	296303	0x242B7800	290240	0x0CF40
fld/f/f026/f026_028.LB	296445	0x242FE800	405376	0x0CF4C
fld/f/f026/f026_029.LB	296643	0x24361800	598144	0x0CF58
fld/f/f026/f026_030.LB	296936	0x243F4000	598336	0x0CF64
fld/f/f026/f026_031.LB	297229	0x24486800	598080	0x0CF70
fld/f/f026/f026_032.LB	297522	0x24519000	772352	0x0CF7C
fld/f/f026/f026_033.LB	297900	0x245D6000	598336	0x0CF88
fld/f/f026/f026_034.LB	298193	0x24668800	680512	0x0CF94
fld/f/f026/f026_035.LB	298526	0x2470F000	781568	0x0CFA0
fld/f/f026/f026_036.LB	298908	0x247CE000	805760	0x0CFAC
fld/f/f026/f026_037.LB	299302	0x24893000	564352	0x0CFB8
fld/f/f026/f026_038.LB	299578	0x2491D000	239616	0x0CFC4
fld/f/f026/f026_039.LB	299695	0x24957800	598144	0x0CFD0
fld/f/f026/f026_040.LB	299988	0x249EA000	772032	0x0CFDC
fld/f/f026/f026_041.LB	300365	0x24AA6800	772352	0x0CFE8
fld/f/f026/f026_042.LB	300743	0x24B63800	317184	0x0CFF4
fld/f/f026/f026_043.LB	300898	0x24BB1000	478208	0x0D000
fld/f/f026/f026_044.LB	301132	0x24C26000	241472	0x0D00C
fld/f/f026/f026_045.LB	301250	0x24C61000	489408	0x0D018
fld/f/f026/f026_046.LB	301489	0x24CD8800	489536	0x0D024
fld/f/f026/f026_047.LB	301729	0x24D50800	489664	0x0D030
fld/f/f026/f026_048.LB	301969	0x24DC8800	489664	0x0D03C
fld/f/f026/f026_049.LB	302209	0x24E40800	489536	0x0D048
fld/f/f026/f026_050.LB	302449	0x24EB8800	489792	0x0D054
fld/f/f026/f026_051.LB	302689	0x24F30800	489408	0x0D060
fld/f/f026/f026_052.LB	302928	0x24FA8000	246336	0x0D06C
fld/f/f027/BUBLE01.D3P	303049	0x24FE4800	416	0x0D338
fld/f/f027/BUBLE02.D3P	303050	0x24FE5000	416	0x0D344
fld/f/f027/F027.INF	303051	0x24FE5800	15232	0x0D350
fld/f/f027/F027.NPL	303059	0x24FE9800	512	0x0D35C
fld/f/f027/F027.SKY	303060	0x24FEA000	57344	0x0D368
fld/f/f027/F027.WAP	303088	0x24FF8000	27808	0x0D374
fld/f/f027/F032MIS.D3P	303102	0x24FFF000	416	0x0D380
fld/f/f027/F032SIB.D3P	303103	0x24FFF800	416	0x0D38C
fld/f/f027/LIGHTOB2.D3P	303104	0x25000000	368	0x0D398
fld/f/f027/LIGHTOBJ.D3P	303105	0x25000800	2544	0x0D3A4
fld/f/f027/SIBKI.D3P	303107	0x25001800	416	0x0D3B0
fld/f/f027/SIBUKI01.D3P	303108	0x25002000	400	0x0D3BC
fld/f/f027/SIBUKI02.D3P	303109	0x25002800	400	0x0D3C8
fld/f/f027/SIBUKI03.D3P	303110	0x25003000	416	0x0D3D4
fld/f/f027/SUIRYU01.D3P	303111	0x25003800	2592	0x0D3E0
fld/f/f027/SUIRYU02.D3P	303113	0x25004800	2592	0x0D3EC
fld/f/f027/SUIRYU03.D3P	303115	0x25005800	2592	0x0D3F8
fld/f/f027/SUIRYU04.D3P	303117	0x25006800	2592	0x0D404
fld/f/f027/TAKI01.D3P	303119	0x25007800	416	0x0D410
fld/f/f027/TAKI02.D3P	303120	0x25008000	416	0x0D41C
fld/f/f027/f027.amb	303121	0x25008800	27798	0x0D428
fld/f/f027/f027.bf	303135	0x2500F800	141715	0x0D434
fld/f/f027/f027_000.LB	303205	0x25032800	59520	0x0D440
fld/f/f027/f027_001.LB	303235	0x25041800	971712	0x0D44C
fld/f/f027/f027_002.LB	303710	0x2512F000	1030080	0x0D458
fld/f/f027/f027_003.LB	304213	0x2522A800	1079552	0x0D464
fld/f/f027/f027_004.LB	304741	0x25332800	747072	0x0D470
fld/f/f027/f027_005.LB	305106	0x253E9000	688832	0x0D47C
fld/f/f027/f027_006.LB	305443	0x25491800	755072	0x0D488
fld/f/f027/f027_007.LB	305812	0x2554A000	556416	0x0D494
fld/f/f027/f027_008.LB	306084	0x255D2000	859776	0x0D4A0
fld/f/f027/f027_009.LB	306504	0x256A4000	896576	0x0D4AC
fld/f/f027/f027_00a.LB	306942	0x2577F000	66624	0x0D4B8
fld/f/f027/f027_00b.LB	306975	0x2578F800	56704	0x0D4C4
fld/f/f027/f027_00c.LB	307003	0x2579D800	64768	0x0D4D0
fld/f/f027/f027_00d.LB	307035	0x257AD800	65216	0x0D4DC
fld/f/f027/f027_010.LB	307067	0x257BD800	1195072	0x0D4E8
fld/f/f027/f027_011.LB	307651	0x258E1800	679872	0x0D4F4
fld/f/f027/f027_012.LB	307983	0x25987800	1158912	0x0D500
fld/f/f027/f027_013.LB	308549	0x25AA2800	605568	0x0D50C
fld/f/f027/f027_014.LB	308845	0x25B36800	927680	0x0D518
fld/f/f027/f027_015.LB	309298	0x25C19000	973056	0x0D524
fld/f/f027/f027_016.LB	309774	0x25D07000	1137856	0x0D530
fld/f/f027/f027_017.LB	310330	0x25E1D000	825920	0x0D53C
fld/f/f027/f027_018.LB	310734	0x25EE7000	773248	0x0D548
fld/f/f027/f027_019.LB	311112	0x25FA4000	646464	0x0D554
fld/f/f027/f027_020.LB	311428	0x26042000	780416	0x0D560
fld/f/f027/f027_021.LB	311810	0x26101000	811584	0x0D56C
fld/f/f027/f027_022.LB	312207	0x261C7800	1045568	0x0D578
fld/f/f027/f027_023.LB	312718	0x262C7000	890432	0x0D584
fld/f/f027/f027_024.LB	313153	0x263A0800	699136	0x0D590
fld/f/f027/f027_027.LB	313495	0x2644B800	833088	0x0D59C
fld/f/f027/f027_028.LB	313902	0x26517000	799168	0x0D5A8
fld/f/f027/f027_029.LB	314293	0x265DA800	589184	0x0D5B4
fld/f/f027/f027_030.LB	314581	0x2666A800	700864	0x0D5C0
fld/f/f027/f027a.amb	314924	0x26716000	44666	0x0D5CC
fld/f/f027/f027b.amb	314946	0x26721000	22563	0x0D5D8
fld/f/f027/f027c.amb	314958	0x26727000	49950	0x0D5E4
fld/f/f027/f027d.amb	314983	0x26733800	49950	0x0D5F0
fld/f/f027/k027_001.f2	315008	0x26740000	5700	0x0D5FC
fld/f/f028/A001.D3P	315011	0x26741800	400	0x0D8C4
fld/f/f028/A002.D3P	315012	0x26742000	400	0x0D8D0
fld/f/f028/F008HAM.D3P	315013	0x26742800	416	0x0D8DC
fld/f/f028/F028.INF	315014	0x26743000	15232	0x0D8E8
fld/f/f028/F028.NPL	315022	0x26747000	512	0x0D8F4
fld/f/f028/F028.SKY	315023	0x26747800	57344	0x0D900
fld/f/f028/F028.WAP	315051	0x26755800	27808	0x0D90C
fld/f/f028/FIRE.D3P	315065	0x2675C800	1280	0x0D918
fld/f/f028/FIRE2.D3P	315066	0x2675D000	1280	0x0D924
fld/f/f028/LIGHT.D3P	315067	0x2675D800	368	0x0D930
fld/f/f028/RING01.D3P	315068	0x2675E000	272	0x0D93C
fld/f/f028/RING02.D3P	315069	0x2675E800	272	0x0D948
fld/f/f028/RING03.D3P	315070	0x2675F000	272	0x0D954
fld/f/f028/RING04.D3P	315071	0x2675F800	272	0x0D960
fld/f/f028/f006_flame_01.D3P	315072	0x26760000	36192	0x0D96C
fld/f/f028/f028.amb	315090	0x26769000	20539	0x0D978
fld/f/f028/f028.bf	315101	0x2676E800	43939	0x0D984
fld/f/f028/f028_000.LB	315123	0x26779800	31040	0x0D990
fld/f/f028/f028_001.LB	315139	0x26781800	1219776	0x0D99C
fld/f/f028/f028_002.LB	315735	0x268AB800	1087424	0x0D9A8
fld/f/f028/f028_003.LB	316266	0x269B5000	766016	0x0D9B4
fld/f/f028/f028_004.LB	316641	0x26A70800	1213312	0x0D9C0
fld/f/f028/f028_005.LB	317234	0x26B99000	1027456	0x0D9CC
fld/f/f028/f028_006.LB	317736	0x26C94000	420992	0x0D9D8
fld/f/f028/f028_007.LB	317942	0x26CFB000	783680	0x0D9E4
fld/f/f028/f028_008.LB	318325	0x26DBA800	1258368	0x0D9F0
fld/f/f028/f028_009.LB	318940	0x26EEE000	1198592	0x0D9FC
fld/f/f028/f028_00a.LB	319526	0x27013000	30784	0x0DA08
fld/f/f028/f028_00b.LB	319542	0x2701B000	33664	0x0DA14
fld/f/f028/f028_00c.LB	319559	0x27023800	33536	0x0DA20
fld/f/f028/f028_00d.LB	319576	0x2702C000	33536	0x0DA2C
fld/f/f028/f028_010.LB	319593	0x27034800	1146112	0x0DA38
fld/f/f028/f028_011.LB	320153	0x2714C800	1011776	0x0DA44
fld/f/f028/f028_012.LB	320648	0x27244000	988352	0x0DA50
fld/f/f028/f028_013.LB	321131	0x27335800	1090496	0x0DA5C
fld/f/f028/f028_014.LB	321664	0x27440000	1113024	0x0DA68
fld/f/f028/f028_015.LB	322208	0x27550000	780736	0x0DA74
fld/f/f028/f028_016.LB	322590	0x2760F000	831872	0x0DA80
fld/f/f028/f028_017.LB	322997	0x276DA800	830784	0x0DA8C
fld/f/f028/f028_018.LB	323403	0x277A5800	702144	0x0DA98
fld/f/f028/f028_019.LB	323746	0x27851000	1032640	0x0DAA4
fld/f/f028/f028_020.LB	324251	0x2794D800	696832	0x0DAB0
fld/f/f028/f028_021.LB	324592	0x279F8000	877440	0x0DABC
fld/f/f028/f028_022.LB	325021	0x27ACE800	697088	0x0DAC8
fld/f/f028/f028_023.LB	325362	0x27B79000	1189952	0x0DAD4
fld/f/f028/f028_024.LB	325944	0x27C9C000	696960	0x0DAE0
fld/f/f028/f028_025.LB	326285	0x27D46800	988800	0x0DAEC
fld/f/f028/f028_026.LB	326768	0x27E38000	989440	0x0DAF8
fld/f/f028/f028_027.LB	327252	0x27F2A000	902272	0x0DB04
fld/f/f028/f028_028.LB	327693	0x28006800	1126528	0x0DB10
fld/f/f028/f028_029.LB	328244	0x2811A000	1211072	0x0DB1C
fld/f/f028/f028_030.LB	328836	0x28242000	1212608	0x0DB28
fld/f/f028/f028_031.LB	329429	0x2836A800	1212032	0x0DB34
fld/f/f028/f028_032.LB	330021	0x28492800	1233728	0x0DB40
fld/f/f028/f028_033.LB	330624	0x285C0000	895552	0x0DB4C
fld/f/f028/f028_034.LB	331062	0x2869B000	1128128	0x0DB58
fld/f/f028/f028_035.LB	331613	0x287AE800	760768	0x0DB64
fld/f/f028/f028_036.LB	331985	0x28868800	760320	0x0DB70
fld/f/f028/f028_037.LB	332357	0x28922800	760512	0x0DB7C
fld/f/f028/f028_038.LB	332729	0x289DC800	402368	0x0DB88
fld/f/f028/f028_039.LB	332926	0x28A3F000	674304	0x0DB94
fld/f/f028/f028_040.LB	333256	0x28AE4000	674304	0x0DBA0
fld/f/f028/f028_041.LB	333586	0x28B89000	674304	0x0DBAC
fld/f/f028/f028_042.LB	333916	0x28C2E000	693824	0x0DBB8
fld/f/f028/f028_043.LB	334255	0x28CD7800	596672	0x0DBC4
fld/f/f028/f028_044.LB	334547	0x28D69800	596480	0x0DBD0
fld/f/f028/f028_045.LB	334839	0x28DFB800	790528	0x0DBDC
fld/f/f028/f028_046.LB	335225	0x28EBC800	420992	0x0DBE8
fld/f/f028/f028a.amb	335431	0x28F23800	19800	0x0DBF4
fld/f/f028/f028b.amb	335441	0x28F28800	27634	0x0DC00
fld/f/f028/f028c.amb	335455	0x28F2F800	27476	0x0DC0C
fld/f/f028/f028d.amb	335469	0x28F36800	24140	0x0DC18
fld/f/f028/k028_002.f2	335481	0x28F3C800	11689	0x0DC24
fld/f/f030/F007L1.D3P	335487	0x28F3F800	352	0x0DF78
fld/f/f030/F007L2.D3P	335488	0x28F40000	352	0x0DF84
fld/f/f030/F030.INF	335489	0x28F40800	15232	0x0DF90
fld/f/f030/F030.NPL	335497	0x28F44800	512	0x0DF9C
fld/f/f030/F030.SKY	335498	0x28F45000	57344	0x0DFA8
fld/f/f030/F030.WAP	335526	0x28F53000	27808	0x0DFB4
fld/f/f030/F030EFFE.D3P	335540	0x28F5A000	592	0x0DFC0
fld/f/f030/F030L1.D3P	335541	0x28F5A800	352	0x0DFCC
fld/f/f030/F030L2.D3P	335542	0x28F5B000	352	0x0DFD8
fld/f/f030/F030LT.D3P	335543	0x28F5B800	416	0x0DFE4
fld/f/f030/VAS_1.D3P	335544	0x28F5C000	92096	0x0DFF0
fld/f/f030/VAS_2.D3P	335589	0x28F72800	110032	0x0DFFC
fld/f/f030/f030.amb	335643	0x28F8D800	119235	0x0E008
fld/f/f030/f030.bf	335702	0x28FAB000	61740	0x0E014
fld/f/f030/f030_000.LB	335733	0x28FBA800	80192	0x0E020
fld/f/f030/f030_001.LB	335773	0x28FCE800	1264128	0x0E02C
fld/f/f030/f030_002.LB	336391	0x29103800	901696	0x0E038
fld/f/f030/f030_003.LB	336832	0x291E0000	1503232	0x0E044
fld/f/f030/f030_004.LB	337566	0x2934F000	1270656	0x0E050
fld/f/f030/f030_005.LB	338187	0x29485800	771968	0x0E05C
fld/f/f030/f030_006.LB	338564	0x29542000	663232	0x0E068
fld/f/f030/f030_007.LB	338888	0x295E4000	629632	0x0E074
fld/f/f030/f030_008.LB	339196	0x2967E000	694784	0x0E080
fld/f/f030/f030_009.LB	339536	0x29728000	252800	0x0E08C
fld/f/f030/f030_010.LB	339660	0x29766000	1264384	0x0E098
fld/f/f030/f030_011.LB	340278	0x2989B000	916160	0x0E0A4
fld/f/f030/f030_012.LB	340726	0x2997B000	939904	0x0E0B0
fld/f/f030/f030_013.LB	341185	0x29A60800	986560	0x0E0BC
fld/f/f030/f030_015.LB	341667	0x29B51800	613888	0x0E0C8
fld/f/f030/f030_016.LB	341967	0x29BE7800	850368	0x0E0D4
fld/f/f030/f030_017.LB	342383	0x29CB7800	806912	0x0E0E0
fld/f/f030/f030_018.LB	342777	0x29D7C800	836800	0x0E0EC
fld/f/f030/f030_019.LB	343186	0x29E49000	490496	0x0E0F8
fld/f/f030/f030_020.LB	343426	0x29EC1000	868224	0x0E104
fld/f/f030/f030_021.LB	343850	0x29F95000	492672	0x0E110
fld/f/f030/f030_022.LB	344091	0x2A00D800	669888	0x0E11C
fld/f/f030/f030_023.LB	344419	0x2A0B1800	728512	0x0E128
fld/f/f030/f030_025.LB	344775	0x2A163800	770048	0x0E134
fld/f/f030/f030_026.LB	345151	0x2A21F800	1018368	0x0E140
fld/f/f030/f030_027.LB	345649	0x2A318800	915840	0x0E14C
fld/f/f030/f030_028.LB	346097	0x2A3F8800	748352	0x0E158
fld/f/f030/f030_029.LB	346463	0x2A4AF800	494080	0x0E164
fld/f/f030/f030_030.LB	346705	0x2A528800	564224	0x0E170
fld/f/f030/f030_031.LB	346981	0x2A5B2800	574400	0x0E17C
fld/f/f030/f030_032.LB	347262	0x2A63F000	621376	0x0E188
fld/f/f030/f030_033.LB	347566	0x2A6D7000	713728	0x0E194
fld/f/f030/f030_034.LB	347915	0x2A785800	463104	0x0E1A0
fld/f/f030/f030_035.LB	348142	0x2A7F7000	581120	0x0E1AC
fld/f/f030/f030_036.LB	348426	0x2A885000	979008	0x0E1B8
fld/f/f030/f030_037.LB	348905	0x2A974800	653376	0x0E1C4
fld/f/f030/f030_038.LB	349225	0x2AA14800	494144	0x0E1D0
fld/f/f030/f030_039.LB	349467	0x2AA8D800	919360	0x0E1DC
fld/f/f030/f030_040.LB	349916	0x2AB6E000	789952	0x0E1E8
fld/f/f030/f030_041.LB	350302	0x2AC2F000	414400	0x0E1F4
fld/f/f030/f030_042.LB	350505	0x2AC94800	462336	0x0E200
fld/f/f030/f030_043.LB	350731	0x2AD05800	580928	0x0E20C
fld/f/f030/f030_044.LB	351015	0x2AD93800	522624	0x0E218
fld/f/f030/f030_045.LB	351271	0x2AE13800	1054528	0x0E224
fld/f/f030/f030_046.LB	351786	0x2AF15000	500992	0x0E230
fld/f/f030/f030_047.LB	352031	0x2AF8F800	970176	0x0E23C
fld/f/f030/f030_048.LB	352505	0x2B07C800	462784	0x0E248
fld/f/f030/f030_049.LB	352731	0x2B0ED800	583552	0x0E254
fld/f/f030/f030_050.LB	353016	0x2B17C000	510784	0x0E260
fld/f/f030/f030_051.LB	353266	0x2B1F9000	744128	0x0E26C
fld/f/f030/f030_052.LB	353630	0x2B2AF000	1070016	0x0E278
fld/f/f030/f030_053.LB	354153	0x2B3B4800	749440	0x0E284
fld/f/f030/f030_054.LB	354519	0x2B46B800	950592	0x0E290
fld/f/f030/f030_055.LB	354984	0x2B554000	677696	0x0E29C
fld/f/f030/f030_056.LB	355315	0x2B5F9800	768128	0x0E2A8
fld/f/f030/k030_002.f2	355691	0x2B6B5800	12547	0x0E2B4
fld/f/f030/k030_010.f2	355698	0x2B6B9000	15371	0x0E2C0
fld/f/f030/k030_011.f2	355706	0x2B6BD000	4528	0x0E2CC
fld/f/f030/skyF030_d	355709	0x2B6BE800	57344	0x0E2D8
fld/f/f031/F007L2.D3P	355737	0x2B6CC800	352	0x0E634
fld/f/f031/F030LT.D3P	355738	0x2B6CD000	416	0x0E640
fld/f/f031/F031.INF	355739	0x2B6CD800	15232	0x0E64C
fld/f/f031/F031.NPL	355747	0x2B6D1800	512	0x0E658
fld/f/f031/F031.SKY	355748	0x2B6D2000	57344	0x0E664
fld/f/f031/F031.WAP	355776	0x2B6E0000	27808	0x0E670
fld/f/f031/f031.amb	355790	0x2B6E7000	83867	0x0E67C
fld/f/f031/f031.bf	355831	0x2B6FB800	38563	0x0E688
fld/f/f031/f031_000.LB	355850	0x2B705000	52928	0x0E694
fld/f/f031/f031_001.LB	355876	0x2B712000	1440896	0x0E6A0
fld/f/f031/f031_002.LB	356580	0x2B872000	610880	0x0E6AC
fld/f/f031/f031_003.LB	356879	0x2B907800	1243776	0x0E6B8
fld/f/f031/f031_004.LB	357487	0x2BA37800	942272	0x0E6C4
fld/f/f031/f031_005.LB	357948	0x2BB1E000	615872	0x0E6D0
fld/f/f031/f031_006.LB	358249	0x2BBB4800	923072	0x0E6DC
fld/f/f031/f031_007.LB	358700	0x2BC96000	811904	0x0E6E8
fld/f/f031/f031_008.LB	359097	0x2BD5C800	1402496	0x0E6F4
fld/f/f031/f031_009.LB	359782	0x2BEB3000	788288	0x0E700
fld/f/f031/f031_010.LB	360167	0x2BF73800	624512	0x0E70C
fld/f/f031/f031_011.LB	360472	0x2C00C000	1439744	0x0E718
fld/f/f031/f031_012.LB	361175	0x2C16B800	1355264	0x0E724
fld/f/f031/f031_013.LB	361837	0x2C2B6800	537920	0x0E730
fld/f/f031/f031_014.LB	362100	0x2C33A000	1156800	0x0E73C
fld/f/f031/f031_015.LB	362665	0x2C454800	791104	0x0E748
fld/f/f031/f031_016.LB	363052	0x2C516000	727552	0x0E754
fld/f/f031/f031_017.LB	363408	0x2C5C8000	730688	0x0E760
fld/f/f031/f031_018.LB	363765	0x2C67A800	1489600	0x0E76C
fld/f/f031/f031_019.LB	364493	0x2C7E6800	656896	0x0E778
fld/f/f031/f031_020.LB	364814	0x2C887000	1484096	0x0E784
fld/f/f031/f031_021.LB	365539	0x2C9F1800	1126016	0x0E790
fld/f/f031/f031_022.LB	366089	0x2CB04800	940032	0x0E79C
fld/f/f031/f031_023.LB	366548	0x2CBEA000	1574592	0x0E7A8
fld/f/f031/f031_024.LB	367317	0x2CD6A800	786304	0x0E7B4
fld/f/f031/f031_025.LB	367701	0x2CE2A800	1147648	0x0E7C0
fld/f/f031/f031_026.LB	368262	0x2CF43000	518016	0x0E7CC
fld/f/f031/f031_027.LB	368515	0x2CFC1800	1203264	0x0E7D8
fld/f/f031/f031_028.LB	369103	0x2D0E7800	717504	0x0E7E4
fld/f/f031/f031_029.LB	369454	0x2D197000	1391808	0x0E7F0
fld/f/f031/f031_030.LB	370134	0x2D2EB000	982528	0x0E7FC
fld/f/f031/f031_031.LB	370614	0x2D3DB000	1095040	0x0E808
fld/f/f031/f031_032.LB	371149	0x2D4E6800	1033152	0x0E814
fld/f/f031/f031_033.LB	371654	0x2D5E3000	1053184	0x0E820
fld/f/f031/f031_034.LB	372169	0x2D6E4800	1241408	0x0E82C
fld/f/f031/f031_035.LB	372776	0x2D814000	1135936	0x0E838
fld/f/f031/f031_036.LB	373331	0x2D929800	1343872	0x0E844
fld/f/f031/f031_037.LB	373988	0x2DA72000	986240	0x0E850
fld/f/f031/f031_038.LB	374470	0x2DB63000	826560	0x0E85C
fld/f/f031/f031_039.LB	374874	0x2DC2D000	1250304	0x0E868
fld/f/f031/f031_040.LB	375485	0x2DD5E800	618880	0x0E874
fld/f/f031/f031_041.LB	375788	0x2DDF6000	633152	0x0E880
fld/f/f031/k031_038.f2	376098	0x2DE91000	15558	0x0E88C
fld/f/f031/k031_039.f2	376106	0x2DE95000	19825	0x0E898
fld/f/f032/F007L2.D3P	376116	0x2DE9A000	352	0x0EB00
fld/f/f032/F030LT.D3P	376117	0x2DE9A800	416	0x0EB0C
fld/f/f032/F032.INF	376118	0x2DE9B000	15232	0x0EB18
fld/f/f032/F032.NPL	376126	0x2DE9F000	512	0x0EB24
fld/f/f032/F032.SKY	376127	0x2DE9F800	57344	0x0EB30
fld/f/f032/F032.WAP	376155	0x2DEAD800	27808	0x0EB3C
fld/f/f032/F032MIS.D3P	376169	0x2DEB4800	416	0x0EB48
fld/f/f032/F032SIB.D3P	376170	0x2DEB5000	416	0x0EB54
fld/f/f032/LIGHTOB2.D3P	376171	0x2DEB5800	368	0x0EB60
fld/f/f032/LIGHTOBJ.D3P	376172	0x2DEB6000	2544	0x0EB6C
fld/f/f032/SIBKI.D3P	376174	0x2DEB7000	416	0x0EB78
fld/f/f032/SUIRYU01.D3P	376175	0x2DEB7800	2592	0x0EB84
fld/f/f032/SUIRYU02.D3P	376177	0x2DEB8800	2592	0x0EB90
fld/f/f032/SUIRYU03.D3P	376179	0x2DEB9800	2592	0x0EB9C
fld/f/f032/SUIRYU04.D3P	376181	0x2DEBA800	2592	0x0EBA8
fld/f/f032/f032.amb	376183	0x2DEBB800	90909	0x0EBB4
fld/f/f032/f032.bf	376228	0x2DED2000	69120	0x0EBC0
fld/f/f032/f032_000.LB	376262	0x2DEE3000	56704	0x0EBCC
fld/f/f032/f032_001.LB	376290	0x2DEF1000	1038912	0x0EBD8
fld/f/f032/f032_004.LB	376798	0x2DFEF000	870272	0x0EBE4
fld/f/f032/f032_005.LB	377223	0x2E0C3800	781440	0x0EBF0
fld/f/f032/f032_006.LB	377605	0x2E182800	809792	0x0EBFC
fld/f/f032/f032_008.LB	378001	0x2E248800	462208	0x0EC08
fld/f/f032/f032_009.LB	378227	0x2E2B9800	912704	0x0EC14
fld/f/f032/f032_011.LB	378673	0x2E398800	645952	0x0EC20
fld/f/f032/f032_012.LB	378989	0x2E436800	367872	0x0EC2C
fld/f/f032/f032_013.LB	379169	0x2E490800	423296	0x0EC38
fld/f/f032/f032_014.LB	379376	0x2E4F8000	324608	0x0EC44
fld/f/f032/f032_015.LB	379535	0x2E547800	555584	0x0EC50
fld/f/f032/f032_016.LB	379807	0x2E5CF800	898624	0x0EC5C
fld/f/f032/f032_018.LB	380246	0x2E6AB000	465152	0x0EC68
fld/f/f032/f032_019.LB	380474	0x2E71D000	512000	0x0EC74
fld/f/f032/f032_020.LB	380724	0x2E79A000	631040	0x0EC80
fld/f/f033/F032MIS.D3P	381033	0x2E834800	416	0x0EE08
fld/f/f033/F033.INF	381034	0x2E835000	15232	0x0EE14
fld/f/f033/F033.NPL	381042	0x2E839000	512	0x0EE20
fld/f/f033/F033.SKY	381043	0x2E839800	57344	0x0EE2C
fld/f/f033/F033.WAP	381071	0x2E847800	27808	0x0EE38
fld/f/f033/LIGHTOB2.D3P	381085	0x2E84E800	368	0x0EE44
fld/f/f033/LIGHTOBJ.D3P	381086	0x2E84F000	2544	0x0EE50
fld/f/f033/SIBKI.D3P	381088	0x2E850000	416	0x0EE5C
fld/f/f033/SUIRYU01.D3P	381089	0x2E850800	2592	0x0EE68
fld/f/f033/SUIRYU02.D3P	381091	0x2E851800	2592	0x0EE74
fld/f/f033/SUIRYU03.D3P	381093	0x2E852800	2592	0x0EE80
fld/f/f033/SUIRYU04.D3P	381095	0x2E853800	2592	0x0EE8C
fld/f/f033/f033.amb	381097	0x2E854800	55596	0x0EE98
fld/f/f033/f033.bf	381125	0x2E862800	25424	0x0EEA4
fld/f/f033/f033_000.LB	381138	0x2E869000	38464	0x0EEB0
fld/f/f033/f033_001.LB	381157	0x2E872800	913856	0x0EEBC
fld/f/f033/f033_002.LB	381604	0x2E952000	1125952	0x0EEC8
fld/f/f033/f033_003.LB	382154	0x2EA65000	946880	0x0EED4
fld/f/f033/f033_004.LB	382617	0x2EB4C800	723584	0x0EEE0
fld/f/f033/f033_005.LB	382971	0x2EBFD800	884544	0x0EEEC
fld/f/f033/f033_006.LB	383403	0x2ECD5800	750848	0x0EEF8
fld/f/f033/f033_007.LB	383770	0x2ED8D000	1139520	0x0EF04
fld/f/f033/f033_008.LB	384327	0x2EEA3800	701504	0x0EF10
fld/f/f033/f033_014.LB	384670	0x2EF4F000	970432	0x0EF1C
fld/f/f033/f033_015.LB	385144	0x2F03C000	761856	0x0EF28
fld/f/f033/f033_016.LB	385516	0x2F0F6000	1141632	0x0EF34
fld/f/f033/f033_017.LB	386074	0x2F20D000	806976	0x0EF40
fld/f/f033/f033_019.LB	386469	0x2F2D2800	604288	0x0EF4C
fld/f/f033/f033_020.LB	386765	0x2F366800	777088	0x0EF58
fld/f/f033/f033_022.LB	387145	0x2F424800	541696	0x0EF64
fld/f/f033/f033_023.LB	387410	0x2F4A9000	443904	0x0EF70
fld/f/f033/f033_024.LB	387627	0x2F515800	441984	0x0EF7C
fld/f/f033/f033_025.LB	387843	0x2F581800	216960	0x0EF88
fld/f/f033/f033_026.LB	387949	0x2F5B6800	223936	0x0EF94
fld/f/f033/f033_027.LB	388059	0x2F5ED800	257152	0x0EFA0
fld/f/pnl/df002.tmx	388185	0x2F62C800	17472	0x0F144
fld/f/pnl/df003.tmx	388194	0x2F631000	17472	0x0F150
fld/f/pnl/df004.tmx	388203	0x2F635800	17472	0x0F15C
fld/f/pnl/df005.tmx	388212	0x2F63A000	17472	0x0F168
fld/f/pnl/df006.tmx	388221	0x2F63E800	17472	0x0F174
fld/f/pnl/df007.tmx	388230	0x2F643000	17472	0x0F180
fld/f/pnl/df008.tmx	388239	0x2F647800	17472	0x0F18C
fld/f/pnl/df010.tmx	388248	0x2F64C000	17472	0x0F198
fld/f/pnl/df011.tmx	388257	0x2F650800	17472	0x0F1A4
fld/f/pnl/df012.tmx	388266	0x2F655000	17472	0x0F1B0
fld/f/pnl/df021.tmx	388275	0x2F659800	17472	0x0F1BC
fld/f/pnl/df022.tmx	388284	0x2F65E000	17472	0x0F1C8
fld/f/pnl/df023.tmx	388293	0x2F662800	17472	0x0F1D4
fld/f/pnl/df024.tmx	388302	0x2F667000	17472	0x0F1E0
fld/f/pnl/df025.tmx	388311	0x2F66B800	17472	0x0F1EC
fld/f/pnl/df026.tmx	388320	0x2F670000	17472	0x0F1F8
fld/f/pnl/df027.tmx	388329	0x2F674800	17472	0x0F204
fld/f/pnl/df028.tmx	388338	0x2F679000	17472	0x0F210
fld/f/pnl/df030.tmx	388347	0x2F67D800	17472	0x0F21C
fld/f/pnl/ds002.tmx	388356	0x2F682000	17472	0x0F228
fld/f/pnl/ds003.tmx	388365	0x2F686800	17472	0x0F234
fld/f/pnl/ds004.tmx	388374	0x2F68B000	17472	0x0F240
fld/f/pnl/ds005.tmx	388383	0x2F68F800	17472	0x0F24C
fld/f/pnl/ds006.tmx	388392	0x2F694000	17472	0x0F258
fld/f/pnl/ds007.tmx	388401	0x2F698800	17472	0x0F264
fld/f/pnl/ds008.tmx	388410	0x2F69D000	17472	0x0F270
fld/f/pnl/ds010.tmx	388419	0x2F6A1800	17472	0x0F27C
fld/f/pnl/ds011.tmx	388428	0x2F6A6000	17472	0x0F288
fld/f/pnl/ds012.tmx	388437	0x2F6AA800	17472	0x0F294
fld/f/pnl/ds021.tmx	388446	0x2F6AF000	17472	0x0F2A0
fld/f/pnl/ds022.tmx	388455	0x2F6B3800	17472	0x0F2AC
fld/f/pnl/ds023.tmx	388464	0x2F6B8000	17472	0x0F2B8
fld/f/pnl/ds024.tmx	388473	0x2F6BC800	17472	0x0F2C4
fld/f/pnl/ds025.tmx	388482	0x2F6C1000	17472	0x0F2D0
fld/f/pnl/ds026.tmx	388491	0x2F6C5800	17472	0x0F2DC
fld/f/pnl/ds027.tmx	388500	0x2F6CA000	17472	0x0F2E8
fld/f/pnl/ds028.tmx	388509	0x2F6CE800	17472	0x0F2F4
fld/f/pnl/ds030.tmx	388518	0x2F6D3000	17472	0x0F300
font/backup/font0.fnt	388906	0x2F795000	436119	0x0F5F4
font/backup/font1.fnt	389119	0x2F7FF800	195554	0x0F600
font/backup/font2.fnt	389215	0x2F82F800	17296	0x0F60C
font/backup/font3.fnt	389224	0x2F834000	18553	0x0F618
font/backup/name_ent.fnt	389234	0x2F839000	630445	0x0F624
font/backup/staff1.fnt	389542	0x2F8D3000	21432	0x0F630
font/backup/staff2.fnt	389553	0x2F8D8800	20672	0x0F63C
font/font0.fnt	388527	0x2F6D7800	20854	0x0F494
font/font0.log	388538	0x2F6DD000	1871	0x0F4A0
font/font1.fnt	388539	0x2F6DD800	20584	0x0F4AC
font/font1.log	388550	0x2F6E3000	4968	0x0F4B8
font/font2.fnt	388553	0x2F6E4800	17296	0x0F4C4
font/font2.log	388562	0x2F6E9000	1424	0x0F4D0
font/font3.fnt	388563	0x2F6E9800	18553	0x0F4DC
font/font3.log	388573	0x2F6EE800	1424	0x0F4E8
font/name_ent.fnt	388574	0x2F6EF000	630445	0x0F4F4
font/ndw	63124	0x07B4A000	0	0x0F500
font/new/font0.fnt	389564	0x2F8DE000	20854	0x0F694
font/new/font0.log	389575	0x2F8E3800	1871	0x0F6A0
font/new/font1.fnt	389576	0x2F8E4000	20584	0x0F6AC
font/new/font1.log	389587	0x2F8E9800	4968	0x0F6B8
font/new/font2.fnt	389590	0x2F8EB000	17296	0x0F6C4
font/new/font2.log	389599	0x2F8EF800	1424	0x0F6D0
font/new/font3.fnt	389600	0x2F8F0000	18553	0x0F6DC
font/new/font3.log	389610	0x2F8F5000	1424	0x0F6E8
font/new/name_ent.fnt	389611	0x2F8F5800	630445	0x0F6F4
font/new/staff1.fnt	389919	0x2F98F800	21432	0x0F700
font/new/staff1.log	389930	0x2F995000	1424	0x0F70C
font/new/staff2.fnt	389931	0x2F995800	20672	0x0F718
font/new/staff2.log	389942	0x2F99B000	1424	0x0F724
font/sample/bg00.tmx	389943	0x2F99B800	263232	0x0F7BC
font/sample/bg01.tmx	390072	0x2F9DC000	263232	0x0F7C8
font/sample/bg02.tmx	390201	0x2FA1C800	263232	0x0F7D4
font/staff1.fnt	388882	0x2F789000	21432	0x0F524
font/staff1.log	388893	0x2F78E800	1424	0x0F530
font/staff2.fnt	388894	0x2F78F000	20672	0x0F53C
font/staff2.log	388905	0x2F794800	1424	0x0F548
itf/MESWIN.TMX	390330	0x2FA5D000	9280	0x0F7FC
itf/solarnoise.spr	390335	0x2FA5F800	37600	0x0F808
lmap/1006.tmx	390354	0x2FA69000	2112	0x0F830
lmap/l_map00.tmx	390356	0x2FA6A000	132160	0x0F83C
lmap/lmpmsg.bmd	390421	0x2FA8A800	296	0x0F848
lmap/sname_01.tmx	390422	0x2FA8B000	66624	0x0F854
lmap/sname_02.tmx	390455	0x2FA9B800	66624	0x0F860
lmap/sname_03.tmx	390488	0x2FAAC000	66624	0x0F86C
lmap/sname_04.tmx	390521	0x2FABC800	66624	0x0F878
lmap/sname_05.tmx	390554	0x2FACD000	66624	0x0F884
lmap/sname_06.tmx	390587	0x2FADD800	66624	0x0F890
lmap/sname_07.tmx	390620	0x2FAEE000	66624	0x0F89C
lmap/sname_08.tmx	390653	0x2FAFE800	66624	0x0F8A8
lmap/sname_09.tmx	390686	0x2FB0F000	66624	0x0F8B4
lmap/sname_10.tmx	390719	0x2FB1F800	66624	0x0F8C0
mc/icon.ico	390752	0x2FB30000	96246	0x0F970
mc/mcpack.LB	390799	0x2FB47800	731840	0x0F97C
mc/sl_arjr.tmx	391157	0x2FBFA800	5184	0x0F988
mc/sl_geil.tmx	391160	0x2FBFC000	5184	0x0F994
mc/sl_hirt.tmx	391163	0x2FBFD800	5184	0x0F9A0
mc/sl_sarf.tmx	391166	0x2FBFF000	5184	0x0F9AC
mc/sl_siero.tmx	391169	0x2FC00800	5184	0x0F9B8
model/devil/000.PB	391172	0x2FC02000	438976	0x0FA7C
model/devil/000_ms.LB	391387	0x2FC6D800	64	0x0FA88
model/devil/000_ms.ls	391388	0x2FC6E000	8	0x0FA94
model/devil/001.PB	391389	0x2FC6E800	655936	0x0FAA0
model/devil/001_ms.LB	391710	0x2FD0F000	70976	0x0FAAC
model/devil/001_ms.ls	391745	0x2FD20800	108	0x0FAB8
model/devil/002.PB	391746	0x2FD21000	557184	0x0FAC4
model/devil/002_ms.LB	392019	0x2FDA9800	74560	0x0FAD0
model/devil/002_ms.ls	392056	0x2FDBC000	108	0x0FADC
model/devil/003.PB	392057	0x2FDBC800	852608	0x0FAE8
model/devil/003_ms.LB	392474	0x2FE8D000	56448	0x0FAF4
model/devil/003_ms.ls	392502	0x2FE9B000	108	0x0FB00
model/devil/004.PB	392503	0x2FE9B800	476224	0x0FB0C
model/devil/004_ms.LB	392736	0x2FF10000	81856	0x0FB18
model/devil/004_ms.ls	392776	0x2FF24000	108	0x0FB24
model/devil/005.PB	392777	0x2FF24800	590912	0x0FB30
model/devil/005_ms.LB	393066	0x2FFB5000	76800	0x0FB3C
model/devil/005_ms.ls	393104	0x2FFC8000	108	0x0FB48
model/devil/006.PB	393105	0x2FFC8800	688064	0x0FB54
model/devil/006_ms.LB	393441	0x30070800	134272	0x0FB60
model/devil/006_ms.ls	393507	0x30091800	108	0x0FB6C
model/devil/007.PB	393508	0x30092000	729472	0x0FB78
model/devil/007_ms.LB	393865	0x30144800	105536	0x0FB84
model/devil/007_ms.ls	393917	0x3015E800	108	0x0FB90
model/devil/008.PB	393918	0x3015F000	518848	0x0FB9C
model/devil/008_ms.LB	394172	0x301DE000	238912	0x0FBA8
model/devil/008_ms.ls	394289	0x30218800	158	0x0FBB4
model/devil/009.PB	394290	0x30219000	698176	0x0FBC0
model/devil/009_ms.LB	394631	0x302C3800	197952	0x0FBCC
model/devil/009_ms.ls	394728	0x302F4000	183	0x0FBD8
model/devil/00A.PB	394729	0x302F4800	755136	0x0FBE4
model/devil/00A_ms.LB	395098	0x303AD000	148992	0x0FBF0
model/devil/00A_ms.ls	395171	0x303D1800	183	0x0FBFC
model/devil/00B.PB	395172	0x303D2000	415808	0x0FC08
model/devil/00B_ms.LB	395376	0x30438000	168320	0x0FC14
model/devil/00B_ms.ls	395459	0x30461800	158	0x0FC20
model/devil/00C.PB	395460	0x30462000	957632	0x0FC2C
model/devil/00C_ms.LB	395928	0x3054C000	153280	0x0FC38
model/devil/00C_ms.ls	396003	0x30571800	183	0x0FC44
model/devil/00D.PB	396004	0x30572000	947520	0x0FC50
model/devil/00D_ms.LB	396467	0x30659800	220928	0x0FC5C
model/devil/00D_ms.ls	396575	0x3068F800	183	0x0FC68
model/devil/00E.PB	396576	0x30690000	745600	0x0FC74
model/devil/00E_ms.LB	396941	0x30746800	211200	0x0FC80
model/devil/00E_ms.ls	397045	0x3077A800	183	0x0FC8C
model/devil/00F.PB	397046	0x3077B000	764800	0x0FC98
model/devil/00F_ms.LB	397420	0x30836000	157440	0x0FCA4
model/devil/00F_ms.ls	397497	0x3085C800	183	0x0FCB0
model/devil/010.PB	397498	0x3085D000	676928	0x0FCBC
model/devil/010_ms.LB	397829	0x30902800	120896	0x0FCC8
model/devil/010_ms.ls	397889	0x30920800	158	0x0FCD4
model/devil/011.PB	397890	0x30921000	732800	0x0FCE0
model/devil/011_ms.LB	398248	0x309D4000	190272	0x0FCEC
model/devil/011_ms.ls	398341	0x30A02800	158	0x0FCF8
model/devil/012.PB	398342	0x30A03000	752576	0x0FD04
model/devil/012_ms.LB	398710	0x30ABB000	116032	0x0FD10
model/devil/012_ms.ls	398767	0x30AD7800	158	0x0FD1C
model/devil/013.PB	398768	0x30AD8000	596416	0x0FD28
model/devil/013_ms.LB	399060	0x30B6A000	61376	0x0FD34
model/devil/013_ms.ls	399090	0x30B79000	133	0x0FD40
model/devil/014.PB	399091	0x30B79800	479808	0x0FD4C
model/devil/014_ms.LB	399326	0x30BEF000	149184	0x0FD58
model/devil/014_ms.ls	399399	0x30C13800	158	0x0FD64
model/devil/015.PB	399400	0x30C14000	244608	0x0FD70
model/devil/015_ms.LB	399520	0x30C50000	201472	0x0FD7C
model/devil/015_ms.ls	399619	0x30C81800	158	0x0FD88
model/devil/016.PB	399620	0x30C82000	594240	0x0FD94
model/devil/016_ms.LB	399911	0x30D13800	241216	0x0FDA0
model/devil/016_ms.ls	400029	0x30D4E800	183	0x0FDAC
model/devil/017.PB	400030	0x30D4F000	302976	0x0FDB8
model/devil/017_ms.LB	400178	0x30D99000	20224	0x0FDC4
model/devil/017_ms.ls	400188	0x30D9E000	58	0x0FDD0
model/devil/018.PB	400189	0x30D9E800	605376	0x0FDDC
model/devil/018_ms.LB	400485	0x30E32800	105920	0x0FDE8
model/devil/018_ms.ls	400537	0x30E4C800	158	0x0FDF4
model/devil/019.PB	400538	0x30E4D000	615616	0x0FE00
model/devil/019_ms.LB	400839	0x30EE3800	80000	0x0FE0C
model/devil/019_ms.ls	400879	0x30EF7800	133	0x0FE18
model/devil/01A.PB	400880	0x30EF8000	438976	0x0FE24
model/devil/01A_ms.LB	401095	0x30F63800	207680	0x0FE30
model/devil/01A_ms.ls	401197	0x30F96800	158	0x0FE3C
model/devil/01B.PB	401198	0x30F97000	618880	0x0FE48
model/devil/01B_ms.LB	401501	0x3102E800	165696	0x0FE54
model/devil/01B_ms.ls	401582	0x31057000	158	0x0FE60
model/devil/01C.PB	401583	0x31057800	896192	0x0FE6C
model/devil/01C_ms.LB	402021	0x31132800	89152	0x0FE78
model/devil/01C_ms.ls	402065	0x31148800	158	0x0FE84
model/devil/01D.PB	402066	0x31149000	766592	0x0FE90
model/devil/01D_ms.LB	402441	0x31204800	161344	0x0FE9C
model/devil/01D_ms.ls	402520	0x3122C000	158	0x0FEA8
model/devil/01E.PB	402521	0x3122C800	609408	0x0FEB4
model/devil/01E_ms.LB	402819	0x312C1800	184128	0x0FEC0
model/devil/01E_ms.ls	402909	0x312EE800	158	0x0FECC
model/devil/01F.PB	402910	0x312EF000	438976	0x0FED8
model/devil/01F_ms.LB	403125	0x3135A800	134080	0x0FEE4
model/devil/01F_ms.ls	403191	0x3137B800	158	0x0FEF0
model/devil/020.PB	403192	0x3137C000	447168	0x0FEFC
model/devil/020_ms.LB	403411	0x313E9800	158656	0x0FF08
model/devil/020_ms.ls	403489	0x31410800	133	0x0FF14
model/devil/021.PB	403490	0x31411000	438976	0x0FF20
model/devil/021_ms.LB	403705	0x3147C800	215296	0x0FF2C
model/devil/021_ms.ls	403811	0x314B1800	183	0x0FF38
model/devil/022.PB	403812	0x314B2000	712576	0x0FF44
model/devil/022_ms.LB	404160	0x31560000	215232	0x0FF50
model/devil/022_ms.ls	404266	0x31595000	158	0x0FF5C
model/devil/023.PB	404267	0x31595800	438976	0x0FF68
model/devil/023_ms.LB	404482	0x31601000	64	0x0FF74
model/devil/023_ms.ls	404483	0x31601800	8	0x0FF80
model/devil/024.PB	404484	0x31602000	599808	0x0FF8C
model/devil/024_ms.LB	404777	0x31694800	203840	0x0FF98
model/devil/024_ms.ls	404877	0x316C6800	158	0x0FFA4
model/devil/025.PB	404878	0x316C7000	255296	0x0FFB0
model/devil/025_ms.LB	405003	0x31705800	211776	0x0FFBC
model/devil/025_ms.ls	405107	0x31739800	133	0x0FFC8
model/devil/026.PB	405108	0x3173A000	409408	0x0FFD4
model/devil/026_ms.LB	405308	0x3179E000	189184	0x0FFE0
model/devil/026_ms.ls	405401	0x317CC800	158	0x0FFEC
model/devil/027.PB	405402	0x317CD000	545856	0x0FFF8
model/devil/027_ms.LB	405669	0x31852800	185216	0x10004
model/devil/027_ms.ls	405760	0x31880000	158	0x10010
model/devil/028.PB	405761	0x31880800	826880	0x1001C
model/devil/028_ms.LB	406165	0x3194A800	186880	0x10028
model/devil/028_ms.ls	406257	0x31978800	158	0x10034
model/devil/029.PB	406258	0x31979000	397312	0x10040
model/devil/029_ms.LB	406452	0x319DA000	35328	0x1004C
model/devil/029_ms.ls	406470	0x319E3000	133	0x10058
model/devil/02A.PB	406471	0x319E3800	535552	0x10064
model/devil/02A_ms.LB	406733	0x31A66800	238848	0x10070
model/devil/02A_ms.ls	406850	0x31AA1000	158	0x1007C
model/devil/02B.PB	406851	0x31AA1800	656384	0x10088
model/devil/02B_ms.LB	407172	0x31B42000	67392	0x10094
model/devil/02B_ms.ls	407205	0x31B52800	108	0x100A0
model/devil/02C.PB	407206	0x31B53000	696576	0x100AC
model/devil/02C_ms.LB	407547	0x31BFD800	69376	0x100B8
model/devil/02C_ms.ls	407581	0x31C0E800	108	0x100C4
model/devil/02D.PB	407582	0x31C0F000	999168	0x100D0
model/devil/02D_ms.LB	408070	0x31D03000	139008	0x100DC
model/devil/02D_ms.ls	408138	0x31D25000	158	0x100E8
model/devil/02E.PB	408139	0x31D25800	699008	0x100F4
model/devil/02E_ms.LB	408481	0x31DD0800	126272	0x10100
model/devil/02E_ms.ls	408543	0x31DEF800	158	0x1010C
model/devil/02F.PB	408544	0x31DF0000	519232	0x10118
model/devil/02F_ms.LB	408798	0x31E6F000	118720	0x10124
model/devil/02F_ms.ls	408856	0x31E8C000	108	0x10130
model/devil/030.PB	408857	0x31E8C800	796224	0x1013C
model/devil/030_ms.LB	409246	0x31F4F000	187712	0x10148
model/devil/030_ms.ls	409338	0x31F7D000	158	0x10154
model/devil/031.PB	409339	0x31F7D800	611904	0x10160
model/devil/031_ms.LB	409638	0x32013000	220928	0x1016C
model/devil/031_ms.ls	409746	0x32049000	183	0x10178
model/devil/032.PB	409747	0x32049800	415488	0x10184
model/devil/032_ms.LB	409950	0x320AF000	179200	0x10190
model/devil/032_ms.ls	410038	0x320DB000	158	0x1019C
model/devil/033.PB	410039	0x320DB800	245632	0x101A8
model/devil/033_ms.LB	410159	0x32117800	201472	0x101B4
model/devil/033_ms.ls	410258	0x32149000	158	0x101C0
model/devil/034.PB	410259	0x32149800	637120	0x101CC
model/devil/034_ms.LB	410571	0x321E5800	41664	0x101D8
model/devil/034_ms.ls	410592	0x321F0000	108	0x101E4
model/devil/035.PB	410593	0x321F0800	469312	0x101F0
model/devil/035_ms.LB	410823	0x32263800	64896	0x101FC
model/devil/035_ms.ls	410855	0x32273800	108	0x10208
model/devil/036.PB	410856	0x32274000	307776	0x10214
model/devil/036_ms.LB	411007	0x322BF800	148608	0x10220
model/devil/036_ms.ls	411080	0x322E4000	158	0x1022C
model/devil/037.PB	411081	0x322E4800	624384	0x10238
model/devil/037_ms.LB	411386	0x3237D000	82240	0x10244
model/devil/037_ms.ls	411427	0x32391800	108	0x10250
model/devil/038.PB	411428	0x32392000	245376	0x1025C
model/devil/038_ms.LB	411548	0x323CE000	201472	0x10268
model/devil/038_ms.ls	411647	0x323FF800	158	0x10274
model/devil/039.PB	411648	0x32400000	475200	0x10280
model/devil/039_ms.LB	411881	0x32474800	73600	0x1028C
model/devil/039_ms.ls	411917	0x32486800	108	0x10298
model/devil/03A.PB	411918	0x32487000	594752	0x102A4
model/devil/03A_ms.LB	412209	0x32518800	184384	0x102B0
model/devil/03A_ms.ls	412300	0x32546000	133	0x102BC
model/devil/03B.PB	412301	0x32546800	565888	0x102C8
model/devil/03B_ms.LB	412578	0x325D1000	172736	0x102D4
model/devil/03B_ms.ls	412663	0x325FB800	158	0x102E0
model/devil/03C.PB	412664	0x325FC000	438976	0x102EC
model/devil/03C_ms.LB	412879	0x32667800	64	0x102F8
model/devil/03C_ms.ls	412880	0x32668000	8	0x10304
model/devil/03D.PB	412881	0x32668800	521664	0x10310
model/devil/03D_ms.LB	413136	0x326E8000	121728	0x1031C
model/devil/03D_ms.ls	413196	0x32706000	133	0x10328
model/devil/03E.PB	413197	0x32706800	571264	0x10334
model/devil/03E_ms.LB	413476	0x32792000	240192	0x10340
model/devil/03E_ms.ls	413594	0x327CD000	158	0x1034C
model/devil/03F.PB	413595	0x327CD800	611328	0x10358
model/devil/03F_ms.LB	413894	0x32863000	165248	0x10364
model/devil/03F_ms.ls	413975	0x3288B800	158	0x10370
model/devil/040.PB	413976	0x3288C000	519808	0x1037C
model/devil/040_ms.LB	414230	0x3290B000	226688	0x10388
model/devil/040_ms.ls	414341	0x32942800	183	0x10394
model/devil/041.PB	414342	0x32943000	441984	0x103A0
model/devil/041_ms.LB	414558	0x329AF000	168896	0x103AC
model/devil/041_ms.ls	414641	0x329D8800	158	0x103B8
model/devil/042.PB	414642	0x329D9000	427520	0x103C4
model/devil/042_ms.LB	414851	0x32A41800	150912	0x103D0
model/devil/042_ms.ls	414925	0x32A66800	158	0x103DC
model/devil/043.PB	414926	0x32A67000	403584	0x103E8
model/devil/043_ms.LB	415124	0x32ACA000	114688	0x103F4
model/devil/043_ms.ls	415180	0x32AE6000	158	0x10400
model/devil/044.PB	415181	0x32AE6800	502144	0x1040C
model/devil/044_ms.LB	415427	0x32B61800	102464	0x10418
model/devil/044_ms.ls	415478	0x32B7B000	158	0x10424
model/devil/045.PB	415479	0x32B7B800	558272	0x10430
model/devil/045_ms.LB	415752	0x32C04000	118080	0x1043C
model/devil/045_ms.ls	415810	0x32C21000	158	0x10448
model/devil/046.PB	415811	0x32C21800	464576	0x10454
model/devil/046_ms.LB	416038	0x32C93000	174528	0x10460
model/devil/046_ms.ls	416124	0x32CBE000	158	0x1046C
model/devil/047.PB	416125	0x32CBE800	488192	0x10478
model/devil/047_ms.LB	416364	0x32D36000	150912	0x10484
model/devil/047_ms.ls	416438	0x32D5B000	158	0x10490
model/devil/048.PB	416439	0x32D5B800	566720	0x1049C
model/devil/048_ms.LB	416716	0x32DE6000	185216	0x104A8
model/devil/048_ms.ls	416807	0x32E13800	158	0x104B4
model/devil/049.PB	416808	0x32E14000	432256	0x104C0
model/devil/049_ms.LB	417020	0x32E7E000	238848	0x104CC
model/devil/049_ms.ls	417137	0x32EB8800	158	0x104D8
model/devil/04A.PB	417138	0x32EB9000	509824	0x104E4
model/devil/04A_ms.LB	417387	0x32F35800	70784	0x104F0
model/devil/04A_ms.ls	417422	0x32F47000	108	0x104FC
model/devil/04B.PB	417423	0x32F47800	484480	0x10508
model/devil/04B_ms.LB	417660	0x32FBE000	173056	0x10514
model/devil/04B_ms.ls	417745	0x32FE8800	183	0x10520
model/devil/04C.PB	417746	0x32FE9000	243008	0x1052C
model/devil/04C_ms.LB	417865	0x33024800	110144	0x10538
model/devil/04C_ms.ls	417919	0x3303F800	133	0x10544
model/devil/04D.PB	417920	0x33040000	785280	0x10550
model/devil/04D_ms.LB	418304	0x33100000	197952	0x1055C
model/devil/04D_ms.ls	418401	0x33130800	183	0x10568
model/devil/04E.PB	418402	0x33131000	865344	0x10574
model/devil/04E_ms.LB	418825	0x33204800	197952	0x10580
model/devil/04E_ms.ls	418922	0x33235000	183	0x1058C
model/devil/04F.PB	418923	0x33235800	486912	0x10598
model/devil/04F_ms.LB	419161	0x332AC800	200064	0x105A4
model/devil/04F_ms.ls	419259	0x332DD800	183	0x105B0
model/devil/050.PB	419260	0x332DE000	94528	0x105BC
model/devil/050_ms.LB	419307	0x332F5800	120128	0x105C8
model/devil/050_ms.ls	419366	0x33313000	133	0x105D4
model/devil/051.PB	419367	0x33313800	509696	0x105E0
model/devil/051_ms.LB	419616	0x33390000	187008	0x105EC
model/devil/051_ms.ls	419708	0x333BE000	183	0x105F8
model/devil/052.PB	419709	0x333BE800	518784	0x10604
model/devil/052_ms.LB	419963	0x3343D800	148352	0x10610
model/devil/052_ms.ls	420036	0x33462000	183	0x1061C
model/devil/053.PB	420037	0x33462800	484416	0x10628
model/devil/053_ms.LB	420274	0x334D9000	227520	0x10634
model/devil/053_ms.ls	420386	0x33511000	183	0x10640
model/devil/054.PB	420387	0x33511800	529728	0x1064C
model/devil/054_ms.LB	420646	0x33593000	183040	0x10658
model/devil/054_ms.ls	420736	0x335C0000	158	0x10664
model/devil/055.PB	420737	0x335C0800	561536	0x10670
model/devil/055_ms.LB	421012	0x3364A000	148096	0x1067C
model/devil/055_ms.ls	421085	0x3366E800	158	0x10688
model/devil/056.PB	421086	0x3366F000	225024	0x10694
model/devil/056_ms.LB	421196	0x336A6000	95872	0x106A0
model/devil/056_ms.ls	421243	0x336BD800	158	0x106AC
model/devil/057.PB	421244	0x336BE000	559872	0x106B8
model/devil/057_ms.LB	421518	0x33747000	230720	0x106C4
model/devil/057_ms.ls	421631	0x3377F800	158	0x106D0
model/devil/058.PB	421632	0x33780000	96704	0x106DC
model/devil/058_ms.LB	421680	0x33798000	120128	0x106E8
model/devil/058_ms.ls	421739	0x337B5800	133	0x106F4
model/devil/059.PB	421740	0x337B6000	407296	0x10700
model/devil/059_ms.LB	421939	0x33819800	97024	0x1070C
model/devil/059_ms.ls	421987	0x33831800	133	0x10718
model/devil/05A.PB	421988	0x33832000	414592	0x10724
model/devil/05A_ms.LB	422191	0x33897800	185280	0x10730
model/devil/05A_ms.ls	422282	0x338C5000	158	0x1073C
model/devil/05B.PB	422283	0x338C5800	487872	0x10748
model/devil/05B_ms.LB	422522	0x3393D000	39744	0x10754
model/devil/05B_ms.ls	422542	0x33947000	108	0x10760
model/devil/05C.PB	422543	0x33947800	613056	0x1076C
model/devil/05C_ms.LB	422843	0x339DD800	87488	0x10778
model/devil/05C_ms.ls	422886	0x339F3000	108	0x10784
model/devil/05D.PB	422887	0x339F3800	887040	0x10790
model/devil/05D_ms.LB	423321	0x33ACC800	119936	0x1079C
model/devil/05D_ms.ls	423380	0x33AEA000	183	0x107A8
model/devil/05E.PB	423381	0x33AEA800	164352	0x107B4
model/devil/05E_ms.LB	423462	0x33B13000	62592	0x107C0
model/devil/05E_ms.ls	423493	0x33B22800	83	0x107CC
model/devil/05F.PB	423494	0x33B23000	232448	0x107D8
model/devil/05F_ms.LB	423608	0x33B5C000	62592	0x107E4
model/devil/05F_ms.ls	423639	0x33B6B800	83	0x107F0
model/devil/060.PB	423640	0x33B6C000	218816	0x107FC
model/devil/060_ms.LB	423747	0x33BA1800	62592	0x10808
model/devil/060_ms.ls	423778	0x33BB1000	83	0x10814
model/devil/061.PB	423779	0x33BB1800	214528	0x10820
model/devil/061_ms.LB	423884	0x33BE6000	62592	0x1082C
model/devil/061_ms.ls	423915	0x33BF5800	83	0x10838
model/devil/062.PB	423916	0x33BF6000	565952	0x10844
model/devil/062_ms.LB	424193	0x33C80800	25536	0x10850
model/devil/062_ms.ls	424206	0x33C87000	133	0x1085C
model/devil/063.PB	424207	0x33C87800	398400	0x10868
model/devil/063_ms.LB	424402	0x33CE9000	104448	0x10874
model/devil/063_ms.ls	424453	0x33D02800	158	0x10880
model/devil/064.PB	424454	0x33D03000	460224	0x1088C
model/devil/064_ms.LB	424679	0x33D73800	148928	0x10898
model/devil/064_ms.ls	424752	0x33D98000	133	0x108A4
model/devil/065.PB	424753	0x33D98800	438976	0x108B0
model/devil/065_ms.LB	424968	0x33E04000	64	0x108BC
model/devil/065_ms.ls	424969	0x33E04800	8	0x108C8
model/devil/066.PB	424970	0x33E05000	415744	0x108D4
model/devil/066_ms.LB	425173	0x33E6A800	185344	0x108E0
model/devil/066_ms.ls	425264	0x33E98000	158	0x108EC
model/devil/067.PB	425265	0x33E98800	438976	0x108F8
model/devil/067_ms.LB	425480	0x33F04000	64	0x10904
model/devil/067_ms.ls	425481	0x33F04800	8	0x10910
model/devil/068.PB	425482	0x33F05000	438976	0x1091C
model/devil/068_ms.LB	425697	0x33F70800	64	0x10928
model/devil/068_ms.ls	425698	0x33F71000	8	0x10934
model/devil/069.PB	425699	0x33F71800	438976	0x10940
model/devil/069_ms.LB	425914	0x33FDD000	64	0x1094C
model/devil/069_ms.ls	425915	0x33FDD800	8	0x10958
model/devil/06A.PB	425916	0x33FDE000	438976	0x10964
model/devil/06A_ms.LB	426131	0x34049800	64	0x10970
model/devil/06A_ms.ls	426132	0x3404A000	8	0x1097C
model/devil/06B.PB	426133	0x3404A800	438976	0x10988
model/devil/06B_ms.LB	426348	0x340B6000	64	0x10994
model/devil/06B_ms.ls	426349	0x340B6800	8	0x109A0
model/devil/06C.PB	426350	0x340B7000	438976	0x109AC
model/devil/06C_ms.LB	426565	0x34122800	64	0x109B8
model/devil/06C_ms.ls	426566	0x34123000	8	0x109C4
model/devil/06D.PB	426567	0x34123800	438976	0x109D0
model/devil/06D_ms.LB	426782	0x3418F000	64	0x109DC
model/devil/06D_ms.ls	426783	0x3418F800	8	0x109E8
model/devil/06E.PB	426784	0x34190000	438976	0x109F4
model/devil/06E_ms.LB	426999	0x341FB800	64	0x10A00
model/devil/06E_ms.ls	427000	0x341FC000	8	0x10A0C
model/devil/06F.PB	427001	0x341FC800	438976	0x10A18
model/devil/06F_ms.LB	427216	0x34268000	64	0x10A24
model/devil/06F_ms.ls	427217	0x34268800	8	0x10A30
model/devil/070.PB	427218	0x34269000	438976	0x10A3C
model/devil/070_ms.LB	427433	0x342D4800	64	0x10A48
model/devil/070_ms.ls	427434	0x342D5000	8	0x10A54
model/devil/071.PB	427435	0x342D5800	438976	0x10A60
model/devil/071_ms.LB	427650	0x34341000	64	0x10A6C
model/devil/071_ms.ls	427651	0x34341800	8	0x10A78
model/devil/072.PB	427652	0x34342000	438976	0x10A84
model/devil/072_ms.LB	427867	0x343AD800	64	0x10A90
model/devil/072_ms.ls	427868	0x343AE000	8	0x10A9C
model/devil/073.PB	427869	0x343AE800	438976	0x10AA8
model/devil/073_ms.LB	428084	0x3441A000	64	0x10AB4
model/devil/073_ms.ls	428085	0x3441A800	8	0x10AC0
model/devil/074.PB	428086	0x3441B000	438976	0x10ACC
model/devil/074_ms.LB	428301	0x34486800	64	0x10AD8
model/devil/074_ms.ls	428302	0x34487000	8	0x10AE4
model/devil/075.PB	428303	0x34487800	438976	0x10AF0
model/devil/075_ms.LB	428518	0x344F3000	64	0x10AFC
model/devil/075_ms.ls	428519	0x344F3800	8	0x10B08
model/devil/076.PB	428520	0x344F4000	438976	0x10B14
model/devil/076_ms.LB	428735	0x3455F800	64	0x10B20
model/devil/076_ms.ls	428736	0x34560000	8	0x10B2C
model/devil/077.PB	428737	0x34560800	438976	0x10B38
model/devil/077_ms.LB	428952	0x345CC000	64	0x10B44
model/devil/077_ms.ls	428953	0x345CC800	8	0x10B50
model/devil/078.PB	428954	0x345CD000	438976	0x10B5C
model/devil/078_ms.LB	429169	0x34638800	64	0x10B68
model/devil/078_ms.ls	429170	0x34639000	8	0x10B74
model/devil/079.PB	429171	0x34639800	438976	0x10B80
model/devil/079_ms.LB	429386	0x346A5000	64	0x10B8C
model/devil/079_ms.ls	429387	0x346A5800	8	0x10B98
model/devil/07A.PB	429388	0x346A6000	438976	0x10BA4
model/devil/07A_ms.LB	429603	0x34711800	64	0x10BB0
model/devil/07A_ms.ls	429604	0x34712000	8	0x10BBC
model/devil/07B.PB	429605	0x34712800	438976	0x10BC8
model/devil/07B_ms.LB	429820	0x3477E000	64	0x10BD4
model/devil/07B_ms.ls	429821	0x3477E800	8	0x10BE0
model/devil/07C.PB	429822	0x3477F000	438976	0x10BEC
model/devil/07C_ms.LB	430037	0x347EA800	64	0x10BF8
model/devil/07C_ms.ls	430038	0x347EB000	8	0x10C04
model/devil/07D.PB	430039	0x347EB800	438976	0x10C10
model/devil/07D_ms.LB	430254	0x34857000	64	0x10C1C
model/devil/07D_ms.ls	430255	0x34857800	8	0x10C28
model/devil/07E.PB	430256	0x34858000	438976	0x10C34
model/devil/07E_ms.LB	430471	0x348C3800	64	0x10C40
model/devil/07E_ms.ls	430472	0x348C4000	8	0x10C4C
model/devil/07F.PB	430473	0x348C4800	438976	0x10C58
model/devil/07F_ms.LB	430688	0x34930000	64	0x10C64
model/devil/07F_ms.ls	430689	0x34930800	8	0x10C70
model/devil/080.PB	430690	0x34931000	438976	0x10C7C
model/devil/080_ms.LB	430905	0x3499C800	64	0x10C88
model/devil/080_ms.ls	430906	0x3499D000	8	0x10C94
model/devil/081.PB	430907	0x3499D800	438976	0x10CA0
model/devil/081_ms.LB	431122	0x34A09000	64	0x10CAC
model/devil/081_ms.ls	431123	0x34A09800	8	0x10CB8
model/devil/082.PB	431124	0x34A0A000	438976	0x10CC4
model/devil/082_ms.LB	431339	0x34A75800	64	0x10CD0
model/devil/082_ms.ls	431340	0x34A76000	8	0x10CDC
model/devil/083.PB	431341	0x34A76800	438976	0x10CE8
model/devil/083_ms.LB	431556	0x34AE2000	64	0x10CF4
model/devil/083_ms.ls	431557	0x34AE2800	8	0x10D00
model/devil/084.PB	431558	0x34AE3000	438976	0x10D0C
model/devil/084_ms.LB	431773	0x34B4E800	64	0x10D18
model/devil/084_ms.ls	431774	0x34B4F000	8	0x10D24
model/devil/085.PB	431775	0x34B4F800	438976	0x10D30
model/devil/085_ms.LB	431990	0x34BBB000	64	0x10D3C
model/devil/085_ms.ls	431991	0x34BBB800	8	0x10D48
model/devil/086.PB	431992	0x34BBC000	438976	0x10D54
model/devil/086_ms.LB	432207	0x34C27800	64	0x10D60
model/devil/086_ms.ls	432208	0x34C28000	8	0x10D6C
model/devil/087.PB	432209	0x34C28800	438976	0x10D78
model/devil/087_ms.LB	432424	0x34C94000	64	0x10D84
model/devil/087_ms.ls	432425	0x34C94800	8	0x10D90
model/devil/088.PB	432426	0x34C95000	438976	0x10D9C
model/devil/088_ms.LB	432641	0x34D00800	64	0x10DA8
model/devil/088_ms.ls	432642	0x34D01000	8	0x10DB4
model/devil/089.PB	432643	0x34D01800	438976	0x10DC0
model/devil/089_ms.LB	432858	0x34D6D000	64	0x10DCC
model/devil/089_ms.ls	432859	0x34D6D800	8	0x10DD8
model/devil/08A.PB	432860	0x34D6E000	438976	0x10DE4
model/devil/08A_ms.LB	433075	0x34DD9800	64	0x10DF0
model/devil/08A_ms.ls	433076	0x34DDA000	8	0x10DFC
model/devil/08B.PB	433077	0x34DDA800	438976	0x10E08
model/devil/08B_ms.LB	433292	0x34E46000	64	0x10E14
model/devil/08B_ms.ls	433293	0x34E46800	8	0x10E20
model/devil/08C.PB	433294	0x34E47000	438976	0x10E2C
model/devil/08C_ms.LB	433509	0x34EB2800	64	0x10E38
model/devil/08C_ms.ls	433510	0x34EB3000	8	0x10E44
model/devil/08D.PB	433511	0x34EB3800	438976	0x10E50
model/devil/08D_ms.LB	433726	0x34F1F000	64	0x10E5C
model/devil/08D_ms.ls	433727	0x34F1F800	8	0x10E68
model/devil/08E.PB	433728	0x34F20000	438976	0x10E74
model/devil/08E_ms.LB	433943	0x34F8B800	64	0x10E80
model/devil/08E_ms.ls	433944	0x34F8C000	8	0x10E8C
model/devil/08F.PB	433945	0x34F8C800	438976	0x10E98
model/devil/08F_ms.LB	434160	0x34FF8000	64	0x10EA4
model/devil/08F_ms.ls	434161	0x34FF8800	8	0x10EB0
model/devil/090.PB	434162	0x34FF9000	438976	0x10EBC
model/devil/090_ms.LB	434377	0x35064800	64	0x10EC8
model/devil/090_ms.ls	434378	0x35065000	8	0x10ED4
model/devil/091.PB	434379	0x35065800	438976	0x10EE0
model/devil/091_ms.LB	434594	0x350D1000	64	0x10EEC
model/devil/091_ms.ls	434595	0x350D1800	8	0x10EF8
model/devil/092.PB	434596	0x350D2000	438976	0x10F04
model/devil/092_ms.LB	434811	0x3513D800	64	0x10F10
model/devil/092_ms.ls	434812	0x3513E000	8	0x10F1C
model/devil/093.PB	434813	0x3513E800	438976	0x10F28
model/devil/093_ms.LB	435028	0x351AA000	64	0x10F34
model/devil/093_ms.ls	435029	0x351AA800	8	0x10F40
model/devil/094.PB	435030	0x351AB000	438976	0x10F4C
model/devil/094_ms.LB	435245	0x35216800	64	0x10F58
model/devil/094_ms.ls	435246	0x35217000	8	0x10F64
model/devil/095.PB	435247	0x35217800	438976	0x10F70
model/devil/095_ms.LB	435462	0x35283000	64	0x10F7C
model/devil/095_ms.ls	435463	0x35283800	8	0x10F88
model/devil/096.PB	435464	0x35284000	438976	0x10F94
model/devil/096_ms.LB	435679	0x352EF800	64	0x10FA0
model/devil/096_ms.ls	435680	0x352F0000	8	0x10FAC
model/devil/097.PB	435681	0x352F0800	438976	0x10FB8
model/devil/097_ms.LB	435896	0x3535C000	64	0x10FC4
model/devil/097_ms.ls	435897	0x3535C800	8	0x10FD0
model/devil/098.PB	435898	0x3535D000	438976	0x10FDC
model/devil/098_ms.LB	436113	0x353C8800	64	0x10FE8
model/devil/098_ms.ls	436114	0x353C9000	8	0x10FF4
model/devil/099.PB	436115	0x353C9800	438976	0x11000
model/devil/099_ms.LB	436330	0x35435000	64	0x1100C
model/devil/099_ms.ls	436331	0x35435800	8	0x11018
model/devil/09A.PB	436332	0x35436000	438976	0x11024
model/devil/09A_ms.LB	436547	0x354A1800	64	0x11030
model/devil/09A_ms.ls	436548	0x354A2000	8	0x1103C
model/devil/09B.PB	436549	0x354A2800	438976	0x11048
model/devil/09B_ms.LB	436764	0x3550E000	64	0x11054
model/devil/09B_ms.ls	436765	0x3550E800	8	0x11060
model/devil/09C.PB	436766	0x3550F000	438976	0x1106C
model/devil/09C_ms.LB	436981	0x3557A800	64	0x11078
model/devil/09C_ms.ls	436982	0x3557B000	8	0x11084
model/devil/09D.PB	436983	0x3557B800	438976	0x11090
model/devil/09D_ms.LB	437198	0x355E7000	64	0x1109C
model/devil/09D_ms.ls	437199	0x355E7800	8	0x110A8
model/devil/09E.PB	437200	0x355E8000	438976	0x110B4
model/devil/09E_ms.LB	437415	0x35653800	64	0x110C0
model/devil/09E_ms.ls	437416	0x35654000	8	0x110CC
model/devil/09F.PB	437417	0x35654800	438976	0x110D8
model/devil/09F_ms.LB	437632	0x356C0000	64	0x110E4
model/devil/09F_ms.ls	437633	0x356C0800	8	0x110F0
model/devil/0A0.PB	437634	0x356C1000	438976	0x110FC
model/devil/0A0_ms.LB	437849	0x3572C800	64	0x11108
model/devil/0A0_ms.ls	437850	0x3572D000	8	0x11114
model/devil/0A1.PB	437851	0x3572D800	438976	0x11120
model/devil/0A1_ms.LB	438066	0x35799000	64	0x1112C
model/devil/0A1_ms.ls	438067	0x35799800	8	0x11138
model/devil/0A2.PB	438068	0x3579A000	438976	0x11144
model/devil/0A2_ms.LB	438283	0x35805800	64	0x11150
model/devil/0A2_ms.ls	438284	0x35806000	8	0x1115C
model/devil/0A3.PB	438285	0x35806800	438976	0x11168
model/devil/0A3_ms.LB	438500	0x35872000	64	0x11174
model/devil/0A3_ms.ls	438501	0x35872800	8	0x11180
model/devil/0A4.PB	438502	0x35873000	438976	0x1118C
model/devil/0A4_ms.LB	438717	0x358DE800	64	0x11198
model/devil/0A4_ms.ls	438718	0x358DF000	8	0x111A4
model/devil/0A5.PB	438719	0x358DF800	438976	0x111B0
model/devil/0A5_ms.LB	438934	0x3594B000	64	0x111BC
model/devil/0A5_ms.ls	438935	0x3594B800	8	0x111C8
model/devil/0A6.PB	438936	0x3594C000	438976	0x111D4
model/devil/0A6_ms.LB	439151	0x359B7800	64	0x111E0
model/devil/0A6_ms.ls	439152	0x359B8000	8	0x111EC
model/devil/0A7.PB	439153	0x359B8800	438976	0x111F8
model/devil/0A7_ms.LB	439368	0x35A24000	64	0x11204
model/devil/0A7_ms.ls	439369	0x35A24800	8	0x11210
model/devil/0A8.PB	439370	0x35A25000	438976	0x1121C
model/devil/0A8_ms.LB	439585	0x35A90800	64	0x11228
model/devil/0A8_ms.ls	439586	0x35A91000	8	0x11234
model/devil/0A9.PB	439587	0x35A91800	438976	0x11240
model/devil/0A9_ms.LB	439802	0x35AFD000	64	0x1124C
model/devil/0A9_ms.ls	439803	0x35AFD800	8	0x11258
model/devil/0AA.PB	439804	0x35AFE000	438976	0x11264
model/devil/0AA_ms.LB	440019	0x35B69800	64	0x11270
model/devil/0AA_ms.ls	440020	0x35B6A000	8	0x1127C
model/devil/0AB.PB	440021	0x35B6A800	438976	0x11288
model/devil/0AB_ms.LB	440236	0x35BD6000	64	0x11294
model/devil/0AB_ms.ls	440237	0x35BD6800	8	0x112A0
model/devil/0AC.PB	440238	0x35BD7000	438976	0x112AC
model/devil/0AC_ms.LB	440453	0x35C42800	64	0x112B8
model/devil/0AC_ms.ls	440454	0x35C43000	8	0x112C4
model/devil/0AD.PB	440455	0x35C43800	438976	0x112D0
model/devil/0AD_ms.LB	440670	0x35CAF000	64	0x112DC
model/devil/0AD_ms.ls	440671	0x35CAF800	8	0x112E8
model/devil/0AE.PB	440672	0x35CB0000	438976	0x112F4
model/devil/0AE_ms.LB	440887	0x35D1B800	64	0x11300
model/devil/0AE_ms.ls	440888	0x35D1C000	8	0x1130C
model/devil/0AF.PB	440889	0x35D1C800	438976	0x11318
model/devil/0AF_ms.LB	441104	0x35D88000	64	0x11324
model/devil/0AF_ms.ls	441105	0x35D88800	8	0x11330
model/devil/0B0.PB	441106	0x35D89000	438976	0x1133C
model/devil/0B0_ms.LB	441321	0x35DF4800	64	0x11348
model/devil/0B0_ms.ls	441322	0x35DF5000	8	0x11354
model/devil/0B1.PB	441323	0x35DF5800	438976	0x11360
model/devil/0B1_ms.LB	441538	0x35E61000	64	0x1136C
model/devil/0B1_ms.ls	441539	0x35E61800	8	0x11378
model/devil/0B2.PB	441540	0x35E62000	438976	0x11384
model/devil/0B2_ms.LB	441755	0x35ECD800	64	0x11390
model/devil/0B2_ms.ls	441756	0x35ECE000	8	0x1139C
model/devil/0B3.PB	441757	0x35ECE800	438976	0x113A8
model/devil/0B3_ms.LB	441972	0x35F3A000	64	0x113B4
model/devil/0B3_ms.ls	441973	0x35F3A800	8	0x113C0
model/devil/0B4.PB	441974	0x35F3B000	438976	0x113CC
model/devil/0B4_ms.LB	442189	0x35FA6800	64	0x113D8
model/devil/0B4_ms.ls	442190	0x35FA7000	8	0x113E4
model/devil/0B5.PB	442191	0x35FA7800	438976	0x113F0
model/devil/0B5_ms.LB	442406	0x36013000	64	0x113FC
model/devil/0B5_ms.ls	442407	0x36013800	8	0x11408
model/devil/0B6.PB	442408	0x36014000	438976	0x11414
model/devil/0B6_ms.LB	442623	0x3607F800	64	0x11420
model/devil/0B6_ms.ls	442624	0x36080000	8	0x1142C
model/devil/0B7.PB	442625	0x36080800	438976	0x11438
model/devil/0B7_ms.LB	442840	0x360EC000	64	0x11444
model/devil/0B7_ms.ls	442841	0x360EC800	8	0x11450
model/devil/0B8.PB	442842	0x360ED000	438976	0x1145C
model/devil/0B8_ms.LB	443057	0x36158800	64	0x11468
model/devil/0B8_ms.ls	443058	0x36159000	8	0x11474
model/devil/0B9.PB	443059	0x36159800	438976	0x11480
model/devil/0B9_ms.LB	443274	0x361C5000	64	0x1148C
model/devil/0B9_ms.ls	443275	0x361C5800	8	0x11498
model/devil/0BA.PB	443276	0x361C6000	438976	0x114A4
model/devil/0BA_ms.LB	443491	0x36231800	64	0x114B0
model/devil/0BA_ms.ls	443492	0x36232000	8	0x114BC
model/devil/0BB.PB	443493	0x36232800	438976	0x114C8
model/devil/0BB_ms.LB	443708	0x3629E000	64	0x114D4
model/devil/0BB_ms.ls	443709	0x3629E800	8	0x114E0
model/devil/0BC.PB	443710	0x3629F000	438976	0x114EC
model/devil/0BC_ms.LB	443925	0x3630A800	64	0x114F8
model/devil/0BC_ms.ls	443926	0x3630B000	8	0x11504
model/devil/0BD.PB	443927	0x3630B800	438976	0x11510
model/devil/0BD_ms.LB	444142	0x36377000	64	0x1151C
model/devil/0BD_ms.ls	444143	0x36377800	8	0x11528
model/devil/0BE.PB	444144	0x36378000	438976	0x11534
model/devil/0BE_ms.LB	444359	0x363E3800	64	0x11540
model/devil/0BE_ms.ls	444360	0x363E4000	8	0x1154C
model/devil/0BF.PB	444361	0x363E4800	438976	0x11558
model/devil/0BF_ms.LB	444576	0x36450000	64	0x11564
model/devil/0BF_ms.ls	444577	0x36450800	8	0x11570
model/devil/0C0.PB	444578	0x36451000	438976	0x1157C
model/devil/0C0_ms.LB	444793	0x364BC800	64	0x11588
model/devil/0C0_ms.ls	444794	0x364BD000	8	0x11594
model/devil/0C1.PB	444795	0x364BD800	438976	0x115A0
model/devil/0C1_ms.LB	445010	0x36529000	64	0x115AC
model/devil/0C1_ms.ls	445011	0x36529800	8	0x115B8
model/devil/0C2.PB	445012	0x3652A000	438976	0x115C4
model/devil/0C2_ms.LB	445227	0x36595800	64	0x115D0
model/devil/0C2_ms.ls	445228	0x36596000	8	0x115DC
model/devil/0C3.PB	445229	0x36596800	438976	0x115E8
model/devil/0C3_ms.LB	445444	0x36602000	64	0x115F4
model/devil/0C3_ms.ls	445445	0x36602800	8	0x11600
model/devil/0C4.PB	445446	0x36603000	438976	0x1160C
model/devil/0C4_ms.LB	445661	0x3666E800	64	0x11618
model/devil/0C4_ms.ls	445662	0x3666F000	8	0x11624
model/devil/0C5.PB	445663	0x3666F800	438976	0x11630
model/devil/0C5_ms.LB	445878	0x366DB000	64	0x1163C
model/devil/0C5_ms.ls	445879	0x366DB800	8	0x11648
model/devil/0C6.PB	445880	0x366DC000	438976	0x11654
model/devil/0C6_ms.LB	446095	0x36747800	64	0x11660
model/devil/0C6_ms.ls	446096	0x36748000	8	0x1166C
model/devil/0C7.PB	446097	0x36748800	438976	0x11678
model/devil/0C7_ms.LB	446312	0x367B4000	64	0x11684
model/devil/0C7_ms.ls	446313	0x367B4800	8	0x11690
model/devil/0C8.PB	446314	0x367B5000	438976	0x1169C
model/devil/0C8_ms.LB	446529	0x36820800	64	0x116A8
model/devil/0C8_ms.ls	446530	0x36821000	8	0x116B4
model/devil/0C9.PB	446531	0x36821800	438976	0x116C0
model/devil/0C9_ms.LB	446746	0x3688D000	64	0x116CC
model/devil/0C9_ms.ls	446747	0x3688D800	8	0x116D8
model/devil/0CA.PB	446748	0x3688E000	438976	0x116E4
model/devil/0CA_ms.LB	446963	0x368F9800	64	0x116F0
model/devil/0CA_ms.ls	446964	0x368FA000	8	0x116FC
model/devil/0CB.PB	446965	0x368FA800	438976	0x11708
model/devil/0CB_ms.LB	447180	0x36966000	64	0x11714
model/devil/0CB_ms.ls	447181	0x36966800	8	0x11720
model/devil/0CC.PB	447182	0x36967000	438976	0x1172C
model/devil/0CC_ms.LB	447397	0x369D2800	64	0x11738
model/devil/0CC_ms.ls	447398	0x369D3000	8	0x11744
model/devil/0CD.PB	447399	0x369D3800	438976	0x11750
model/devil/0CD_ms.LB	447614	0x36A3F000	64	0x1175C
model/devil/0CD_ms.ls	447615	0x36A3F800	8	0x11768
model/devil/0CE.PB	447616	0x36A40000	438976	0x11774
model/devil/0CE_ms.LB	447831	0x36AAB800	64	0x11780
model/devil/0CE_ms.ls	447832	0x36AAC000	8	0x1178C
model/devil/0CF.PB	447833	0x36AAC800	438976	0x11798
model/devil/0CF_ms.LB	448048	0x36B18000	64	0x117A4
model/devil/0CF_ms.ls	448049	0x36B18800	8	0x117B0
model/devil/0D0_ms.LB	448050	0x36B19000	64	0x117BC
model/devil/0D0_ms.ls	448051	0x36B19800	8	0x117C8
model/devil/0D1_ms.LB	448052	0x36B1A000	64	0x117D4
model/devil/0D1_ms.ls	448053	0x36B1A800	8	0x117E0
model/devil/0D2_ms.LB	448054	0x36B1B000	64	0x117EC
model/devil/0D2_ms.ls	448055	0x36B1B800	8	0x117F8
model/devil/0D3_ms.LB	448056	0x36B1C000	64	0x11804
model/devil/0D3_ms.ls	448057	0x36B1C800	8	0x11810
model/devil/0D4_ms.LB	448058	0x36B1D000	64	0x1181C
model/devil/0D4_ms.ls	448059	0x36B1D800	8	0x11828
model/devil/0D5_ms.LB	448060	0x36B1E000	64	0x11834
model/devil/0D5_ms.ls	448061	0x36B1E800	8	0x11840
model/devil/0D6_ms.LB	448062	0x36B1F000	64	0x1184C
model/devil/0D6_ms.ls	448063	0x36B1F800	8	0x11858
model/devil/0D7_ms.LB	448064	0x36B20000	64	0x11864
model/devil/0D7_ms.ls	448065	0x36B20800	8	0x11870
model/devil/0D8_ms.LB	448066	0x36B21000	64	0x1187C
model/devil/0D8_ms.ls	448067	0x36B21800	8	0x11888
model/devil/0D9_ms.LB	448068	0x36B22000	64	0x11894
model/devil/0D9_ms.ls	448069	0x36B22800	8	0x118A0
model/devil/0DA_ms.LB	448070	0x36B23000	64	0x118AC
model/devil/0DA_ms.ls	448071	0x36B23800	8	0x118B8
model/devil/0DB_ms.LB	448072	0x36B24000	64	0x118C4
model/devil/0DB_ms.ls	448073	0x36B24800	8	0x118D0
model/devil/0DC_ms.LB	448074	0x36B25000	64	0x118DC
model/devil/0DC_ms.ls	448075	0x36B25800	8	0x118E8
model/devil/0DD_ms.LB	448076	0x36B26000	64	0x118F4
model/devil/0DD_ms.ls	448077	0x36B26800	8	0x11900
model/devil/0DE_ms.LB	448078	0x36B27000	64	0x1190C
model/devil/0DE_ms.ls	448079	0x36B27800	8	0x11918
model/devil/0DF_ms.LB	448080	0x36B28000	64	0x11924
model/devil/0DF_ms.ls	448081	0x36B28800	8	0x11930
model/devil/0E0_ms.LB	448082	0x36B29000	64	0x1193C
model/devil/0E0_ms.ls	448083	0x36B29800	8	0x11948
model/devil/0E1_ms.LB	448084	0x36B2A000	64	0x11954
model/devil/0E1_ms.ls	448085	0x36B2A800	8	0x11960
model/devil/0E2_ms.LB	448086	0x36B2B000	64	0x1196C
model/devil/0E2_ms.ls	448087	0x36B2B800	8	0x11978
model/devil/0E3_ms.LB	448088	0x36B2C000	64	0x11984
model/devil/0E3_ms.ls	448089	0x36B2C800	8	0x11990
model/devil/0E4_ms.LB	448090	0x36B2D000	64	0x1199C
model/devil/0E4_ms.ls	448091	0x36B2D800	8	0x119A8
model/devil/0E5_ms.LB	448092	0x36B2E000	64	0x119B4
model/devil/0E5_ms.ls	448093	0x36B2E800	8	0x119C0
model/devil/0E6_ms.LB	448094	0x36B2F000	64	0x119CC
model/devil/0E6_ms.ls	448095	0x36B2F800	8	0x119D8
model/devil/0E7_ms.LB	448096	0x36B30000	64	0x119E4
model/devil/0E7_ms.ls	448097	0x36B30800	8	0x119F0
model/devil/0E8_ms.LB	448098	0x36B31000	64	0x119FC
model/devil/0E8_ms.ls	448099	0x36B31800	8	0x11A08
model/devil/0E9_ms.LB	448100	0x36B32000	64	0x11A14
model/devil/0E9_ms.ls	448101	0x36B32800	8	0x11A20
model/devil/0EA_ms.LB	448102	0x36B33000	64	0x11A2C
model/devil/0EA_ms.ls	448103	0x36B33800	8	0x11A38
model/devil/0EB_ms.LB	448104	0x36B34000	64	0x11A44
model/devil/0EB_ms.ls	448105	0x36B34800	8	0x11A50
model/devil/0EC_ms.LB	448106	0x36B35000	64	0x11A5C
model/devil/0EC_ms.ls	448107	0x36B35800	8	0x11A68
model/devil/0ED_ms.LB	448108	0x36B36000	64	0x11A74
model/devil/0ED_ms.ls	448109	0x36B36800	8	0x11A80
model/devil/0EE_ms.LB	448110	0x36B37000	64	0x11A8C
model/devil/0EE_ms.ls	448111	0x36B37800	8	0x11A98
model/devil/0EF_ms.LB	448112	0x36B38000	64	0x11AA4
model/devil/0EF_ms.ls	448113	0x36B38800	8	0x11AB0
model/devil/0F0_ms.LB	448114	0x36B39000	64	0x11ABC
model/devil/0F0_ms.ls	448115	0x36B39800	8	0x11AC8
model/devil/0F1_ms.LB	448116	0x36B3A000	64	0x11AD4
model/devil/0F1_ms.ls	448117	0x36B3A800	8	0x11AE0
model/devil/0F2_ms.LB	448118	0x36B3B000	64	0x11AEC
model/devil/0F2_ms.ls	448119	0x36B3B800	8	0x11AF8
model/devil/0F3_ms.LB	448120	0x36B3C000	64	0x11B04
model/devil/0F3_ms.ls	448121	0x36B3C800	8	0x11B10
model/devil/0F4_ms.LB	448122	0x36B3D000	64	0x11B1C
model/devil/0F4_ms.ls	448123	0x36B3D800	8	0x11B28
model/devil/0F5_ms.LB	448124	0x36B3E000	64	0x11B34
model/devil/0F5_ms.ls	448125	0x36B3E800	8	0x11B40
model/devil/0F6_ms.LB	448126	0x36B3F000	64	0x11B4C
model/devil/0F6_ms.ls	448127	0x36B3F800	8	0x11B58
model/devil/0F7_ms.LB	448128	0x36B40000	64	0x11B64
model/devil/0F7_ms.ls	448129	0x36B40800	8	0x11B70
model/devil/0F8_ms.LB	448130	0x36B41000	64	0x11B7C
model/devil/0F8_ms.ls	448131	0x36B41800	8	0x11B88
model/devil/0F9_ms.LB	448132	0x36B42000	64	0x11B94
model/devil/0F9_ms.ls	448133	0x36B42800	8	0x11BA0
model/devil/0FA_ms.LB	448134	0x36B43000	64	0x11BAC
model/devil/0FA_ms.ls	448135	0x36B43800	8	0x11BB8
model/devil/0FB_ms.LB	448136	0x36B44000	64	0x11BC4
model/devil/0FB_ms.ls	448137	0x36B44800	8	0x11BD0
model/devil/0FC_ms.LB	448138	0x36B45000	64	0x11BDC
model/devil/0FC_ms.ls	448139	0x36B45800	8	0x11BE8
model/devil/0FD_ms.LB	448140	0x36B46000	64	0x11BF4
model/devil/0FD_ms.ls	448141	0x36B46800	8	0x11C00
model/devil/0FE_ms.LB	448142	0x36B47000	64	0x11C0C
model/devil/0FE_ms.ls	448143	0x36B47800	8	0x11C18
model/devil/0FF_ms.LB	448144	0x36B48000	64	0x11C24
model/devil/0FF_ms.ls	448145	0x36B48800	8	0x11C30
model/devil/100.PB	448146	0x36B49000	438976	0x11C3C
model/devil/100_ms.LB	448361	0x36BB4800	64	0x11C48
model/devil/100_ms.ls	448362	0x36BB5000	8	0x11C54
model/devil/101.PB	448363	0x36BB5800	826688	0x11C60
model/devil/101_ms.LB	448767	0x36C7F800	161152	0x11C6C
model/devil/101_ms.ls	448846	0x36CA7000	158	0x11C78
model/devil/102.PB	448847	0x36CA7800	928512	0x11C84
model/devil/102_ms.LB	449301	0x36D8A800	138624	0x11C90
model/devil/102_ms.ls	449369	0x36DAC800	158	0x11C9C
model/devil/103.PB	449370	0x36DAD000	984896	0x11CA8
model/devil/103_ms.LB	449851	0x36E9D800	196352	0x11CB4
model/devil/103_ms.ls	449947	0x36ECD800	208	0x11CC0
model/devil/104.PB	449948	0x36ECE000	1048704	0x11CCC
model/devil/104_ms.LB	450461	0x36FCE800	259776	0x11CD8
model/devil/104_ms.ls	450588	0x3700E000	258	0x11CE4
model/devil/105.PB	450589	0x3700E800	1400448	0x11CF0
model/devil/105_ms.LB	451273	0x37164800	186176	0x11CFC
model/devil/105_ms.ls	451364	0x37192000	158	0x11D08
model/devil/106.PB	451365	0x37192800	1006720	0x11D14
model/devil/106_ms.LB	451857	0x37288800	103936	0x11D20
model/devil/106_ms.ls	451908	0x372A2000	108	0x11D2C
model/devil/107.PB	451909	0x372A2800	911232	0x11D38
model/devil/107_ms.LB	452354	0x37381000	111360	0x11D44
model/devil/107_ms.ls	452409	0x3739C800	133	0x11D50
model/devil/108.PB	452410	0x3739D000	672128	0x11D5C
model/devil/108_ms.LB	452739	0x37441800	114496	0x11D68
model/devil/108_ms.ls	452795	0x3745D800	108	0x11D74
model/devil/109.PB	452796	0x3745E000	527872	0x11D80
model/devil/109_ms.LB	453054	0x374DF000	73600	0x11D8C
model/devil/109_ms.ls	453090	0x374F1000	133	0x11D98
model/devil/10A.PB	453091	0x374F1800	1275712	0x11DA4
model/devil/10A_ms.LB	453714	0x37629000	442368	0x11DB0
model/devil/10A_ms.ls	453930	0x37695000	283	0x11DBC
model/devil/10B.PB	453931	0x37695800	565888	0x11DC8
model/devil/10B_ms.LB	454208	0x37720000	172736	0x11DD4
model/devil/10B_ms.ls	454293	0x3774A800	158	0x11DE0
model/devil/10C.PB	454294	0x3774B000	557184	0x11DEC
model/devil/10C_ms.LB	454567	0x377D3800	106816	0x11DF8
model/devil/10C_ms.ls	454620	0x377EE000	108	0x11E04
model/devil/10D.PB	454621	0x377EE800	836736	0x11E10
model/devil/10D_ms.LB	455030	0x378BB000	283328	0x11E1C
model/devil/10D_ms.ls	455169	0x37900800	233	0x11E28
model/devil/10E.PB	455170	0x37901000	758656	0x11E34
model/devil/10E_ms.LB	455541	0x379BA800	61952	0x11E40
model/devil/10E_ms.ls	455572	0x379CA000	83	0x11E4C
model/devil/10F.PB	455573	0x379CA800	1524224	0x11E58
model/devil/10F_ms.LB	456318	0x37B3F000	86144	0x11E64
model/devil/10F_ms.ls	456361	0x37B54800	108	0x11E70
model/devil/110.PB	456362	0x37B55000	584000	0x11E7C
model/devil/110_ms.LB	456648	0x37BE4000	120192	0x11E88
model/devil/110_ms.ls	456707	0x37C01800	158	0x11E94
model/devil/111.PB	456708	0x37C02000	725696	0x11EA0
model/devil/111_ms.LB	457063	0x37CB3800	257728	0x11EAC
model/devil/111_ms.ls	457189	0x37CF2800	208	0x11EB8
model/devil/112.PB	457190	0x37CF3000	961856	0x11EC4
model/devil/112_ms.LB	457660	0x37DDE000	213056	0x11ED0
model/devil/112_ms.ls	457765	0x37E12800	158	0x11EDC
model/devil/113.PB	457766	0x37E13000	801856	0x11EE8
model/devil/113_ms.LB	458158	0x37ED7000	113216	0x11EF4
model/devil/113_ms.ls	458214	0x37EF3000	108	0x11F00
model/devil/114.PB	458215	0x37EF3800	487872	0x11F0C
model/devil/114_ms.LB	458454	0x37F6B000	39744	0x11F18
model/devil/114_ms.ls	458474	0x37F75000	108	0x11F24
model/devil/115.PB	458475	0x37F75800	1372352	0x11F30
model/devil/115_ms.LB	459146	0x380C5000	86976	0x11F3C
model/devil/115_ms.ls	459189	0x380DA800	108	0x11F48
model/devil/116.PB	459190	0x380DB000	728064	0x11F54
model/devil/116_ms.LB	459546	0x3818D000	207680	0x11F60
model/devil/116_ms.ls	459648	0x381C0000	158	0x11F6C
model/devil/117.PB	459649	0x381C0800	971840	0x11F78
model/devil/117_ms.LB	460124	0x382AE000	134080	0x11F84
model/devil/117_ms.ls	460190	0x382CF000	158	0x11F90
model/devil/118.PB	460191	0x382CF800	928000	0x11F9C
model/devil/118_ms.LB	460645	0x383B2800	239744	0x11FA8
model/devil/118_ms.ls	460763	0x383ED800	158	0x11FB4
model/devil/119.PB	460764	0x383EE000	1892096	0x11FC0
model/devil/119_ms.LB	461688	0x385BC000	154944	0x11FCC
model/devil/119_ms.ls	461764	0x385E2000	133	0x11FD8
model/devil/11A.PB	461765	0x385E2800	1866368	0x11FE4
model/devil/11A_ms.LB	462677	0x387AA800	181504	0x11FF0
model/devil/11A_ms.ls	462766	0x387D7000	158	0x11FFC
model/devil/11B.PB	462767	0x387D7800	1505536	0x12008
model/devil/11B_ms.LB	463503	0x38947800	147584	0x12014
model/devil/11B_ms.ls	463576	0x3896C000	158	0x12020
model/devil/11C.PB	463577	0x3896C800	438976	0x1202C
model/devil/11C_ms.LB	463792	0x389D8000	185280	0x12038
model/devil/11C_ms.ls	463883	0x38A05800	158	0x12044
model/devil/11D.PB	463884	0x38A06000	672576	0x12050
model/devil/11D_ms.LB	464213	0x38AAA800	124416	0x1205C
model/devil/11D_ms.ls	464274	0x38AC9000	158	0x12068
model/devil/11E.PB	464275	0x38AC9800	438976	0x12074
model/devil/11E_ms.LB	464490	0x38B35000	186880	0x12080
model/devil/11E_ms.ls	464582	0x38B63000	158	0x1208C
model/devil/11F.PB	464583	0x38B63800	438976	0x12098
model/devil/11F_ms.LB	464798	0x38BCF000	185216	0x120A4
model/devil/11F_ms.ls	464889	0x38BFC800	158	0x120B0
model/devil/120.PB	464890	0x38BFD000	438976	0x120BC
model/devil/120_ms.LB	465105	0x38C68800	203840	0x120C8
model/devil/120_ms.ls	465205	0x38C9A800	158	0x120D4
model/devil/121.PB	465206	0x38C9B000	438976	0x120E0
model/devil/121_ms.LB	465421	0x38D06800	82240	0x120EC
model/devil/121_ms.ls	465462	0x38D1B000	108	0x120F8
model/devil/122.PB	465463	0x38D1B800	438976	0x12104
model/devil/122_ms.LB	465678	0x38D87000	230720	0x12110
model/devil/122_ms.ls	465791	0x38DBF800	158	0x1211C
model/devil/123.PB	465792	0x38DC0000	438976	0x12128
model/devil/123_ms.LB	466007	0x38E2B800	105920	0x12134
model/devil/123_ms.ls	466059	0x38E45800	158	0x12140
model/devil/124.PB	466060	0x38E46000	1781056	0x1214C
model/devil/124_ms.LB	466930	0x38FF9000	132736	0x12158
model/devil/124_ms.ls	466995	0x39019800	133	0x12164
model/devil/125.PB	466996	0x3901A000	624000	0x12170
model/devil/125_ms.LB	467301	0x390B2800	64	0x1217C
model/devil/125_ms.ls	467302	0x390B3000	8	0x12188
model/devil/126.PB	467303	0x390B3800	438976	0x12194
model/devil/126_ms.LB	467518	0x3911F000	89152	0x121A0
model/devil/126_ms.ls	467562	0x39135000	158	0x121AC
model/devil/127.PB	467563	0x39135800	438976	0x121B8
model/devil/127_ms.LB	467778	0x391A1000	148928	0x121C4
model/devil/127_ms.ls	467851	0x391C5800	133	0x121D0
model/devil/128.PB	467852	0x391C6000	438976	0x121DC
model/devil/128_ms.LB	468067	0x39231800	150912	0x121E8
model/devil/128_ms.ls	468141	0x39256800	158	0x121F4
model/devil/129.PB	468142	0x39257000	438976	0x12200
model/devil/129_ms.LB	468357	0x392C2800	220928	0x1220C
model/devil/129_ms.ls	468465	0x392F8800	183	0x12218
model/devil/12A.PB	468466	0x392F9000	438976	0x12224
model/devil/12A_ms.LB	468681	0x39364800	105536	0x12230
model/devil/12A_ms.ls	468733	0x3937E800	108	0x1223C
model/devil/12B.PB	468734	0x3937F000	438976	0x12248
model/devil/12B_ms.LB	468949	0x393EA800	148096	0x12254
model/devil/12B_ms.ls	469022	0x3940F000	158	0x12260
model/devil/12C.PB	469023	0x3940F800	438976	0x1226C
model/devil/12C_ms.LB	469238	0x3947B000	148352	0x12278
model/devil/12C_ms.ls	469311	0x3949F800	183	0x12284
model/devil/12D.PB	469312	0x394A0000	479040	0x12290
model/devil/12D_ms.LB	469546	0x39515000	196160	0x1229C
model/devil/12D_ms.ls	469642	0x39545000	183	0x122A8
model/devil/12E.PB	469643	0x39545800	438976	0x122B4
model/devil/12E_ms.LB	469858	0x395B1000	64	0x122C0
model/devil/12E_ms.ls	469859	0x395B1800	8	0x122CC
model/devil/12F.PB	469860	0x395B2000	438976	0x122D8
model/devil/12F_ms.LB	470075	0x3961D800	64	0x122E4
model/devil/12F_ms.ls	470076	0x3961E000	8	0x122F0
model/devil/130.PB	470077	0x3961E800	1006720	0x122FC
model/devil/130_ms.LB	470569	0x39714800	103936	0x12308
model/devil/130_ms.ls	470620	0x3972E000	108	0x12314
model/devil/131.PB	470621	0x3972E800	438976	0x12320
model/devil/131_ms.LB	470836	0x3979A000	165696	0x1232C
model/devil/131_ms.ls	470917	0x397C2800	158	0x12338
model/devil/132.PB	470918	0x397C3000	1268864	0x12344
model/devil/132_ms.LB	471538	0x398F9000	49280	0x12350
model/devil/132_ms.ls	471563	0x39905800	58	0x1235C
model/devil/133.PB	471564	0x39906000	438976	0x12368
model/devil/133_ms.LB	471779	0x39971800	118080	0x12374
model/devil/133_ms.ls	471837	0x3998E800	158	0x12380
model/devil/134.PB	471838	0x3998F000	438976	0x1238C
model/devil/134_ms.LB	472053	0x399FA800	226688	0x12398
model/devil/134_ms.ls	472164	0x39A32000	183	0x123A4
model/devil/135.PB	472165	0x39A32800	438976	0x123B0
model/devil/135_ms.LB	472380	0x39A9E000	220928	0x123BC
model/devil/135_ms.ls	472488	0x39AD4000	183	0x123C8
model/devil/136.PB	472489	0x39AD4800	438976	0x123D4
model/devil/136_ms.LB	472704	0x39B40000	157440	0x123E0
model/devil/136_ms.ls	472781	0x39B66800	183	0x123EC
model/devil/137.PB	472782	0x39B67000	1580608	0x123F8
model/devil/137_ms.LB	473554	0x39CE9000	243648	0x12404
model/devil/137_ms.ls	473673	0x39D24800	208	0x12410
model/devil/138.PB	473674	0x39D25000	632064	0x1241C
model/devil/138_ms.LB	473983	0x39DBF800	69824	0x12428
model/devil/138_ms.ls	474018	0x39DD1000	158	0x12434
model/devil/139.PB	474019	0x39DD1800	675136	0x12440
model/devil/139_ms.LB	474349	0x39E76800	236928	0x1244C
model/devil/139_ms.ls	474465	0x39EB0800	158	0x12458
model/devil/13A.PB	474466	0x39EB1000	636800	0x12464
model/devil/13A_ms.LB	474777	0x39F4C800	182272	0x12470
model/devil/13A_ms.ls	474866	0x39F79000	158	0x1247C
model/devil/13B.PB	474867	0x39F79800	835072	0x12488
model/devil/13B_ms.LB	475275	0x3A045800	303872	0x12494
model/devil/13B_ms.ls	475424	0x3A090000	183	0x124A0
model/devil/13C.PB	475425	0x3A090800	765248	0x124AC
model/devil/13C_ms.LB	475799	0x3A14B800	192320	0x124B8
model/devil/13C_ms.ls	475893	0x3A17A800	258	0x124C4
model/devil/13D.PB	475894	0x3A17B000	68224	0x124D0
model/devil/13D_ms.LB	475928	0x3A18C000	64	0x124DC
model/devil/13D_ms.ls	475929	0x3A18C800	8	0x124E8
model/devil/13E.PB	475930	0x3A18D000	72256	0x124F4
model/devil/13E_ms.LB	475966	0x3A19F000	64	0x12500
model/devil/13E_ms.ls	475967	0x3A19F800	8	0x1250C
model/devil/13F.PB	475968	0x3A1A0000	68544	0x12518
model/devil/13F_ms.LB	476002	0x3A1B1000	64	0x12524
model/devil/13F_ms.ls	476003	0x3A1B1800	8	0x12530
model/devil/140.PB	476004	0x3A1B2000	68224	0x1253C
model/devil/140_ms.LB	476038	0x3A1C3000	64	0x12548
model/devil/140_ms.ls	476039	0x3A1C3800	8	0x12554
model/devil/141.PB	476040	0x3A1C4000	68416	0x12560
model/devil/141_ms.LB	476074	0x3A1D5000	64	0x1256C
model/devil/141_ms.ls	476075	0x3A1D5800	8	0x12578
model/devil/142.PB	476076	0x3A1D6000	68480	0x12584
model/devil/142_ms.LB	476110	0x3A1E7000	64	0x12590
model/devil/142_ms.ls	476111	0x3A1E7800	8	0x1259C
model/devil/143.PB	476112	0x3A1E8000	438976	0x125A8
model/devil/143_ms.LB	476327	0x3A253800	148608	0x125B4
model/devil/143_ms.ls	476400	0x3A278000	158	0x125C0
model/devil/144.PB	476401	0x3A278800	438976	0x125CC
model/devil/144_ms.LB	476616	0x3A2E4000	126272	0x125D8
model/devil/144_ms.ls	476678	0x3A303000	158	0x125E4
model/devil/145.PB	476679	0x3A303800	438976	0x125F0
model/devil/145_ms.LB	476894	0x3A36F000	73600	0x125FC
model/devil/145_ms.ls	476930	0x3A381000	108	0x12608
model/devil/146.PB	476931	0x3A381800	58368	0x12614
model/devil/146_ms.LB	476960	0x3A390000	64	0x12620
model/devil/146_ms.ls	476961	0x3A390800	8	0x1262C
model/devil/147.PB	476962	0x3A391000	438976	0x12638
model/devil/147_ms.LB	477177	0x3A3FC800	148608	0x12644
model/devil/147_ms.ls	477250	0x3A421000	158	0x12650
model/devil/148.PB	477251	0x3A421800	438976	0x1265C
model/devil/148_ms.LB	477466	0x3A48D000	179200	0x12668
model/devil/148_ms.ls	477554	0x3A4B9000	158	0x12674
model/devil/149.PB	477555	0x3A4B9800	438976	0x12680
model/devil/149_ms.LB	477770	0x3A525000	211200	0x1268C
model/devil/149_ms.ls	477874	0x3A559000	183	0x12698
model/devil/14A.PB	477875	0x3A559800	438976	0x126A4
model/devil/14A_ms.LB	478090	0x3A5C5000	139008	0x126B0
model/devil/14A_ms.ls	478158	0x3A5E7000	158	0x126BC
model/devil/14B.PB	478159	0x3A5E7800	438976	0x126C8
model/devil/14B_ms.LB	478374	0x3A653000	197952	0x126D4
model/devil/14B_ms.ls	478471	0x3A683800	183	0x126E0
model/devil/14C.PB	478472	0x3A684000	438976	0x126EC
model/devil/14C_ms.LB	478687	0x3A6EF800	168320	0x126F8
model/devil/14C_ms.ls	478770	0x3A719000	158	0x12704
model/devil/14D.PB	478771	0x3A719800	438976	0x12710
model/devil/14D_ms.LB	478986	0x3A785000	73600	0x1271C
model/devil/14D_ms.ls	479022	0x3A797000	108	0x12728
model/devil/14E.PB	479023	0x3A797800	438976	0x12734
model/devil/14E_ms.LB	479238	0x3A803000	67392	0x12740
model/devil/14E_ms.ls	479271	0x3A813800	108	0x1274C
model/devil/14F.PB	479272	0x3A814000	438976	0x12758
model/devil/14F_ms.LB	479487	0x3A87F800	56448	0x12764
model/devil/14F_ms.ls	479515	0x3A88D800	108	0x12770
model/devil/150.PB	479516	0x3A88E000	438976	0x1277C
model/devil/150_ms.LB	479731	0x3A8F9800	67392	0x12788
model/devil/150_ms.ls	479764	0x3A90A000	108	0x12794
model/devil/151.PB	479765	0x3A90A800	438976	0x127A0
model/devil/151_ms.LB	479980	0x3A976000	139008	0x127AC
model/devil/151_ms.ls	480048	0x3A998000	158	0x127B8
model/devil/152.PB	480049	0x3A998800	438976	0x127C4
model/devil/152_ms.LB	480264	0x3AA04000	187712	0x127D0
model/devil/152_ms.ls	480356	0x3AA32000	158	0x127DC
model/devil/153.PB	480357	0x3AA32800	438976	0x127E8
model/devil/153_ms.LB	480572	0x3AA9E000	183040	0x127F4
model/devil/153_ms.ls	480662	0x3AACB000	158	0x12800
model/devil/154.PB	480663	0x3AACB800	438976	0x1280C
model/devil/154_ms.LB	480878	0x3AB37000	148608	0x12818
model/devil/154_ms.ls	480951	0x3AB5B800	158	0x12824
model/devil/155.PB	480952	0x3AB5C000	438976	0x12830
model/devil/155_ms.LB	481167	0x3ABC7800	25536	0x1283C
model/devil/155_ms.ls	481180	0x3ABCE000	133	0x12848
model/devil/156.PB	481181	0x3ABCE800	438976	0x12854
model/devil/156_ms.LB	481396	0x3AC3A000	25536	0x12860
model/devil/156_ms.ls	481409	0x3AC40800	133	0x1286C
model/devil/157.PB	481410	0x3AC41000	438976	0x12878
model/devil/157_ms.LB	481625	0x3ACAC800	25536	0x12884
model/devil/157_ms.ls	481638	0x3ACB3000	133	0x12890
model/devil/158.PB	481639	0x3ACB3800	438976	0x1289C
model/devil/158_ms.LB	481854	0x3AD1F000	409408	0x128A8
model/devil/158_ms.ls	482054	0x3AD83000	583	0x128B4
model/devil/159.PB	482055	0x3AD83800	438976	0x128C0
model/devil/159_ms.LB	482270	0x3ADEF000	409408	0x128CC
model/devil/159_ms.ls	482470	0x3AE53000	583	0x128D8
model/devil/15A.PB	482471	0x3AE53800	438976	0x128E4
model/devil/15A_ms.LB	482686	0x3AEBF000	409408	0x128F0
model/devil/15A_ms.ls	482886	0x3AF23000	583	0x128FC
model/devil/15B.PB	482887	0x3AF23800	438976	0x12908
model/devil/15B_ms.LB	483102	0x3AF8F000	409408	0x12914
model/devil/15B_ms.ls	483302	0x3AFF3000	583	0x12920
model/devil/15C.PB	483303	0x3AFF3800	438976	0x1292C
model/devil/15C_ms.LB	483518	0x3B05F000	409408	0x12938
model/devil/15C_ms.ls	483718	0x3B0C3000	583	0x12944
model/devil/15D.PB	483719	0x3B0C3800	438976	0x12950
model/devil/15D_ms.LB	483934	0x3B12F000	409408	0x1295C
model/devil/15D_ms.ls	484134	0x3B193000	583	0x12968
model/devil/15E.PB	484135	0x3B193800	438976	0x12974
model/devil/15E_ms.LB	484350	0x3B1FF000	409408	0x12980
model/devil/15E_ms.ls	484550	0x3B263000	583	0x1298C
model/devil/15F.PB	484551	0x3B263800	438976	0x12998
model/devil/15F_ms.LB	484766	0x3B2CF000	409408	0x129A4
model/devil/15F_ms.ls	484966	0x3B333000	583	0x129B0
model/devil/dammy.PB	484967	0x3B333800	438976	0x129BC
model/event/Makefile	485182	0x3B39F000	1659	0x14DA4
model/event/extra/low_tex/f_aljira01_low.PB	485184	0x3B3A0000	459776	0x14E40
model/event/extra/low_tex/f_aljira01_low_off.PB	485409	0x3B410800	480896	0x14E4C
model/event/extra/low_tex/f_as_f1_2_low.PB	485644	0x3B486000	405568	0x14E58
model/event/extra/low_tex/f_as_f1_low.PB	485843	0x3B4E9800	406016	0x14E64
model/event/extra/low_tex/f_as_f2_2_low.PB	486042	0x3B54D000	406592	0x14E70
model/event/extra/low_tex/f_as_f2_low.PB	486241	0x3B5B0800	406592	0x14E7C
model/event/extra/low_tex/f_as_m1_2_low.PB	486440	0x3B614000	282368	0x14E88
model/event/extra/low_tex/f_as_m1_low.PB	486578	0x3B659000	282368	0x14E94
model/event/extra/low_tex/f_as_m2_2_low.PB	486716	0x3B69E000	276800	0x14EA0
model/event/extra/low_tex/f_as_m2_low.PB	486852	0x3B6E2000	276736	0x14EAC
model/event/extra/low_tex/f_bu_f1_2_low.PB	486988	0x3B726000	272576	0x14EB8
model/event/extra/low_tex/f_bu_f1_low.PB	487122	0x3B769000	260288	0x14EC4
model/event/extra/low_tex/f_bu_m1_2_low.PB	487250	0x3B7A9000	256768	0x14ED0
model/event/extra/low_tex/f_bu_m1_low.PB	487376	0x3B7E8000	244480	0x14EDC
model/event/extra/low_tex/f_ciero01_low.PB	487496	0x3B824000	596032	0x14EE8
model/event/extra/low_tex/f_ciero01_low_off.PB	487788	0x3B8B6000	618752	0x14EF4
model/event/extra/low_tex/f_em_f1_low.PB	488091	0x3B94D800	288896	0x14F00
model/event/extra/low_tex/f_em_f2_low.PB	488233	0x3B994800	271360	0x14F0C
model/event/extra/low_tex/f_em_m1_low.PB	488366	0x3B9D7000	261440	0x14F18
model/event/extra/low_tex/f_em_m2_low.PB	488494	0x3BA17000	224128	0x14F24
model/event/extra/low_tex/f_em_m3_low.PB	488604	0x3BA4E000	230080	0x14F30
model/event/extra/low_tex/f_em_m4_low.PB	488717	0x3BA86800	252032	0x14F3C
model/event/extra/low_tex/f_gale01_low.PB	488841	0x3BAC4800	312192	0x14F48
model/event/extra/low_tex/f_gale01_low_off.PB	488994	0x3BB11000	335040	0x14F54
model/event/extra/low_tex/f_ha_m1_low.PB	489158	0x3BB63000	333952	0x14F60
model/event/extra/low_tex/f_ha_m2_low.PB	489322	0x3BBB5000	264512	0x14F6C
model/event/extra/low_tex/f_heat01_low.PB	489452	0x3BBF6000	461760	0x14F78
model/event/extra/low_tex/f_heat01_low_off.PB	489678	0x3BC67000	476352	0x14F84
model/event/extra/low_tex/f_me_f1_2_low.PB	489911	0x3BCDB800	292224	0x14F90
model/event/extra/low_tex/f_me_f1_low.PB	490054	0x3BD23000	292224	0x14F9C
model/event/extra/low_tex/f_me_f2_2_low.PB	490197	0x3BD6A800	265600	0x14FA8
model/event/extra/low_tex/f_me_f2_low.PB	490327	0x3BDAB800	265600	0x14FB4
model/event/extra/low_tex/f_me_m1_2_low.PB	490457	0x3BDEC800	249088	0x14FC0
model/event/extra/low_tex/f_me_m1_low.PB	490579	0x3BE29800	249088	0x14FCC
model/event/extra/low_tex/f_me_m2_2_low.PB	490701	0x3BE66800	251200	0x14FD8
model/event/extra/low_tex/f_me_m2_low.PB	490824	0x3BEA4000	251200	0x14FE4
model/event/extra/low_tex/f_me_m3_2_low.PB	490947	0x3BEE1800	239232	0x14FF0
model/event/extra/low_tex/f_me_m3_low.PB	491064	0x3BF1C000	238720	0x14FFC
model/event/extra/low_tex/f_me_m4_2_low.PB	491181	0x3BF56800	244800	0x15008
model/event/extra/low_tex/f_me_m4_low.PB	491301	0x3BF92800	244864	0x15014
model/event/extra/low_tex/f_rupa01_low.PB	491421	0x3BFCE800	300352	0x15020
model/event/extra/low_tex/f_sera01_low.PB	491568	0x3C018000	355072	0x1502C
model/event/extra/low_tex/f_sera01_low_off.PB	491742	0x3C06F000	376576	0x15038
model/event/extra/low_tex/f_so_f1_2_low.PB	491926	0x3C0CB000	230336	0x15044
model/event/extra/low_tex/f_so_f1_low.PB	492039	0x3C103800	230336	0x15050
model/event/extra/low_tex/f_so_f2_2_low.PB	492152	0x3C13C000	257664	0x1505C
model/event/extra/low_tex/f_so_f2_low.PB	492278	0x3C17B000	257664	0x15068
model/event/extra/low_tex/f_so_m1_2_low.PB	492404	0x3C1BA000	224896	0x15074
model/event/extra/low_tex/f_so_m1_low.PB	492514	0x3C1F1000	224896	0x15080
model/event/extra/low_tex/f_so_m2_2_low.PB	492624	0x3C228000	224640	0x1508C
model/event/extra/low_tex/f_so_m2_low.PB	492734	0x3C25F000	224512	0x15098
model/event/extra/low_tex/f_so_m3_2_low.PB	492844	0x3C296000	223424	0x150A4
model/event/extra/low_tex/f_so_m3_low.PB	492954	0x3C2CD000	223040	0x150B0
model/event/extra/low_tex/f_so_m4_2_low.PB	493063	0x3C303800	228416	0x150BC
model/event/extra/low_tex/f_so_m4_low.PB	493175	0x3C33B800	228416	0x150C8
model/event/extra/low_tex/low_tex.txt	493287	0x3C373800	0	0x150D4
model/event/extra/main/f_aljira01.PB	493287	0x3C373800	558080	0x15470
model/event/extra/main/f_aljira_off.PB	493560	0x3C3FC000	579200	0x1547C
model/event/extra/main/f_ciero01.PB	493843	0x3C489800	710720	0x15488
model/event/extra/main/f_ciero_off.PB	494191	0x3C537800	733440	0x15494
model/event/extra/main/f_gale01.PB	494550	0x3C5EB000	410496	0x154A0
model/event/extra/main/f_gale_off.PB	494751	0x3C64F800	433344	0x154AC
model/event/extra/main/f_harly01.PB	494963	0x3C6B9800	966016	0x154B8
model/event/extra/main/f_heat01.PB	495435	0x3C7A5800	544896	0x154C4
model/event/extra/main/f_heat_off.PB	495702	0x3C82B000	560000	0x154D0
model/event/extra/main/f_jinana01.PB	495976	0x3C8B4000	340928	0x154DC
model/event/extra/main/f_rupa01.PB	496143	0x3C907800	378176	0x154E8
model/event/extra/main/f_schro01.PB	496328	0x3C964000	299392	0x154F4
model/event/extra/main/f_sera01.PB	496475	0x3C9AD800	453376	0x15500
model/event/extra/main/f_sera02.PB	496697	0x3CA1C800	715200	0x1550C
model/event/extra/main/f_sera03.PB	497047	0x3CACB800	413120	0x15518
model/event/extra/main/f_sera_off.PB	497249	0x3CB30800	474880	0x15524
model/event/extra/npc/f_as_f1.PB	497481	0x3CBA4800	666176	0x15604
model/event/extra/npc/f_as_f1_2.PB	497807	0x3CC47800	665792	0x15610
model/event/extra/npc/f_as_f2.PB	498133	0x3CCEA800	669312	0x1561C
model/event/extra/npc/f_as_f2_2.PB	498460	0x3CD8E000	669312	0x15628
model/event/extra/npc/f_as_m1.PB	498787	0x3CE31800	477312	0x15634
model/event/extra/npc/f_as_m1_2.PB	499021	0x3CEA6800	476608	0x15640
model/event/extra/npc/f_as_m1_m.PB	499254	0x3CF1B000	471168	0x1564C
model/event/extra/npc/f_as_m2.PB	499485	0x3CF8E800	470272	0x15658
model/event/extra/npc/f_as_m2_2.PB	499715	0x3D001800	470720	0x15664
model/event/extra/npc/f_as_m2_m.PB	499945	0x3D074800	458816	0x15670
model/event/extra/npc/f_bu_f1.PB	500170	0x3D0E5000	506816	0x1567C
model/event/extra/npc/f_bu_f1_2.PB	500418	0x3D161000	506816	0x15688
model/event/extra/npc/f_bu_m1.PB	500666	0x3D1DD000	491136	0x15694
model/event/extra/npc/f_bu_m1_2.PB	500906	0x3D255000	491136	0x156A0
model/event/extra/npc/f_em_f1.PB	501146	0x3D2CD000	522688	0x156AC
model/event/extra/npc/f_em_f2.PB	501402	0x3D34D000	502592	0x156B8
model/event/extra/npc/f_em_m1.PB	501648	0x3D3C8000	435584	0x156C4
model/event/extra/npc/f_em_m2.PB	501861	0x3D432800	384512	0x156D0
model/event/extra/npc/f_em_m3.PB	502049	0x3D490800	394816	0x156DC
model/event/extra/npc/f_em_m3_ex.PB	502242	0x3D4F1000	301376	0x156E8
model/event/extra/npc/f_em_m4.PB	502390	0x3D53B000	412608	0x156F4
model/event/extra/npc/f_ha_m1.PB	502592	0x3D5A0000	540736	0x15700
model/event/extra/npc/f_ha_m2.PB	502857	0x3D624800	533248	0x1570C
model/event/extra/npc/f_ka_m1.PB	503118	0x3D6A7000	445696	0x15718
model/event/extra/npc/f_ka_m2.PB	503336	0x3D714000	447488	0x15724
model/event/extra/npc/f_me_f1.PB	503555	0x3D781800	590336	0x15730
model/event/extra/npc/f_me_f1_2.PB	503844	0x3D812000	587456	0x1573C
model/event/extra/npc/f_me_f2.PB	504131	0x3D8A1800	548032	0x15748
model/event/extra/npc/f_me_f2_2.PB	504399	0x3D927800	548032	0x15754
model/event/extra/npc/f_me_m1.PB	504667	0x3D9AD800	446720	0x15760
model/event/extra/npc/f_me_m1_2.PB	504886	0x3DA1B000	443776	0x1576C
model/event/extra/npc/f_me_m2.PB	505103	0x3DA87800	450432	0x15778
model/event/extra/npc/f_me_m2_2.PB	505323	0x3DAF5800	450432	0x15784
model/event/extra/npc/f_me_m3.PB	505543	0x3DB63800	421440	0x15790
model/event/extra/npc/f_me_m3_2.PB	505749	0x3DBCA800	421632	0x1579C
model/event/extra/npc/f_me_m4.PB	505955	0x3DC31800	425024	0x157A8
model/event/extra/npc/f_me_m4_2.PB	506163	0x3DC99800	424960	0x157B4
model/event/extra/npc/f_new_f1.PB	506371	0x3DD01800	343872	0x157C0
model/event/extra/npc/f_new_f2.PB	506539	0x3DD55800	416448	0x157CC
model/event/extra/npc/f_new_m1.PB	506743	0x3DDBB800	324096	0x157D8
model/event/extra/npc/f_new_m2.PB	506902	0x3DE0B000	386880	0x157E4
model/event/extra/npc/f_so_f1.PB	507091	0x3DE69800	475712	0x157F0
model/event/extra/npc/f_so_f1_2.PB	507324	0x3DEDE000	475712	0x157FC
model/event/extra/npc/f_so_f2.PB	507557	0x3DF52800	525888	0x15808
model/event/extra/npc/f_so_f2_2.PB	507814	0x3DFD3000	525888	0x15814
model/event/extra/npc/f_so_m1.PB	508071	0x3E053800	404672	0x15820
model/event/extra/npc/f_so_m1_2.PB	508269	0x3E0B6800	405312	0x1582C
model/event/extra/npc/f_so_m2.PB	508467	0x3E119800	407680	0x15838
model/event/extra/npc/f_so_m2_2.PB	508667	0x3E17D800	407808	0x15844
model/event/extra/npc/f_so_m3.PB	508867	0x3E1E1800	405568	0x15850
model/event/extra/npc/f_so_m3_2.PB	509066	0x3E245000	405952	0x1585C
model/event/extra/npc/f_so_m4.PB	509265	0x3E2A8800	416960	0x15868
model/event/extra/npc/f_so_m4_2.PB	509469	0x3E30E800	416960	0x15874
model/event/extra/npc/file_name.txt	509673	0x3E374800	160	0x15880
model/event/extra/npc/tribe02.PB	509674	0x3E375000	67456	0x1588C
model/event/index.txt	485183	0x3B39F800	328	0x14DBC
model/event/new_test/l_aljira.PB	509707	0x3E385800	385216	0x15B28
model/event/new_test/l_ciero.PB	509896	0x3E3E4000	297920	0x15B34
model/event/new_test/l_gale.PB	510042	0x3E42D000	296512	0x15B40
model/event/new_test/l_heat.PB	510187	0x3E475800	321600	0x15B4C
model/event/new_test/l_sera.PB	510345	0x3E4C4800	299648	0x15B58
model/event/new_test/l_surf.PB	510492	0x3E50E000	228800	0x15B64
model/event/test/tool.PB	510604	0x3E546000	487488	0x15BB0
model/field/136_heat.PB	510843	0x3E5BD800	841600	0x15BC4
model/field/136_solid01.PB	511254	0x3E68B000	334080	0x15BD0
model/field/136_solid02.PB	511418	0x3E6DD000	336128	0x15BDC
model/field/ciero_karma.PB	511583	0x3E72F800	957824	0x15BE8
model/field/digi_e.PB	512051	0x3E819800	80704	0x15BF4
model/field/digi_g.PB	512091	0x3E82D800	74688	0x15C00
model/field/digi_n.PB	512128	0x3E840000	80640	0x15C0C
model/field/digi_s.PB	512168	0x3E854000	80576	0x15C18
model/field/digi_w.PB	512208	0x3E868000	84992	0x15C24
model/field/f_block_a.PB	512250	0x3E87D000	95168	0x15C30
model/field/f_block_b.PB	512297	0x3E894800	87808	0x15C3C
model/field/f_block_c.PB	512340	0x3E8AA000	95488	0x15C48
model/field/f_block_d.PB	512387	0x3E8C1800	95552	0x15C54
model/field/f_boss_1.PB	512434	0x3E8D9000	14272	0x15C60
model/field/f_boss_2.PB	512441	0x3E8DC800	14272	0x15C6C
model/field/f_boss_3.PB	512448	0x3E8E0000	14272	0x15C78
model/field/f_door_a.PB	512455	0x3E8E3800	11904	0x15C84
model/field/f_door_b.PB	512461	0x3E8E6800	11904	0x15C90
model/field/f_door_c.PB	512467	0x3E8E9800	11904	0x15C9C
model/field/f_door_d.PB	512473	0x3E8EC800	11904	0x15CA8
model/field/f_effect_a.PB	512479	0x3E8EF800	14272	0x15CB4
model/field/f_effect_b.PB	512486	0x3E8F3000	14272	0x15CC0
model/field/f_effect_c.PB	512493	0x3E8F6800	14272	0x15CCC
model/field/f_effect_d.PB	512500	0x3E8FA000	14272	0x15CD8
model/field/f_effect_e.PB	512507	0x3E8FD800	14272	0x15CE4
model/field/f_effect_f.PB	512514	0x3E901000	14272	0x15CF0
model/field/f_effect_g.PB	512521	0x3E904800	14272	0x15CFC
model/field/f_effect_h.PB	512528	0x3E908000	14272	0x15D08
model/field/hand.PB	512535	0x3E90B800	33472	0x15D14
model/field/heal.PB	512552	0x3E914000	210112	0x15D20
model/field/heal2.PB	512655	0x3E947800	155328	0x15D2C
model/field/hole.PB	512731	0x3E96D800	51456	0x15D38
model/field/karma_01.PB	512757	0x3E97A800	428992	0x15D44
model/field/karma_02.PB	512967	0x3E9E3800	427008	0x15D50
model/field/meri_so01.PB	513176	0x3EA4C000	348864	0x15D5C
model/field/oroti.PB	513347	0x3EAA1800	552064	0x15D68
model/field/pc.AB	513617	0x3EB28800	138148	0x15D74
model/field/pc.MB	513685	0x3EB4A800	285141	0x15D80
model/field/pc.TB	513825	0x3EB90800	255744	0x15D8C
model/field/player_a.PB	513950	0x3EBCF000	1273280	0x15D98
model/field/player_b.PB	514572	0x3ED06000	554176	0x15DA4
model/field/player_c.PB	514843	0x3ED8D800	630144	0x15DB0
model/field/player_l.PB	515151	0x3EE27800	1173888	0x15DBC
model/field/save.PB	515725	0x3EF46800	194432	0x15DC8
model/field/sera_k01.PB	515820	0x3EF76000	1064064	0x15DD4
model/field/sera_k02.PB	516340	0x3F07A000	926336	0x15DE0
model/field/sera_w.PB	516793	0x3F15C800	1303168	0x15DEC
model/field/ship_br01.PB	517430	0x3F29B000	351104	0x15DF8
model/field/ship_br02.PB	517602	0x3F2F1000	326976	0x15E04
model/field/solid_st01.PB	517762	0x3F341000	462080	0x15E10
model/field/solid_st02.PB	517988	0x3F3B2000	462464	0x15E1C
model/field/takara1.PB	518214	0x3F423000	40640	0x15E28
model/field/takara2.PB	518234	0x3F42D000	23616	0x15E34
model/field/takara3.PB	518246	0x3F433000	28416	0x15E40
model/field/wave.PB	518260	0x3F43A000	9280	0x15E4C
model/human/dammy.PB	518265	0x3F43C800	438976	0x160D8
model/human/pc000.PB	518480	0x3F4A8000	438976	0x160E4
model/human/pc000_ms.LB	518695	0x3F513800	64	0x160F0
model/human/pc000_ms.ls	518696	0x3F514000	8	0x160FC
model/human/pc000_on.PB	518697	0x3F514800	438976	0x16108
model/human/pc001.PB	518912	0x3F580000	888512	0x16114
model/human/pc001_ms.LB	519346	0x3F659000	110272	0x16120
model/human/pc001_ms.ls	519400	0x3F674000	133	0x1612C
model/human/pc001_on.PB	519401	0x3F674800	438976	0x16138
model/human/pc002.PB	519616	0x3F6E0000	438976	0x16144
model/human/pc002_ms.LB	519831	0x3F74B800	64	0x16150
model/human/pc002_ms.ls	519832	0x3F74C000	8	0x1615C
model/human/pc002_on.PB	519833	0x3F74C800	438976	0x16168
model/human/pc003.PB	520048	0x3F7B8000	1268288	0x16174
model/human/pc003_ms.LB	520668	0x3F8EE000	100224	0x16180
model/human/pc003_ms.ls	520717	0x3F906800	158	0x1618C
model/human/pc003_on.PB	520718	0x3F907000	438976	0x16198
model/human/pc004.PB	520933	0x3F972800	1256832	0x161A4
model/human/pc004_ms.LB	521547	0x3FAA5800	136256	0x161B0
model/human/pc004_ms.ls	521614	0x3FAC7000	158	0x161BC
model/human/pc004_on.PB	521615	0x3FAC7800	438976	0x161C8
model/human/pc005.PB	521830	0x3FB33000	925376	0x161D4
model/human/pc005_ms.LB	522282	0x3FC15000	86016	0x161E0
model/human/pc005_ms.ls	522324	0x3FC2A000	158	0x161EC
model/human/pc005_on.PB	522325	0x3FC2A800	438976	0x161F8
model/human/pc006.PB	522540	0x3FC96000	1301440	0x16204
model/human/pc006_ms.LB	523176	0x3FDD4000	120832	0x16210
model/human/pc006_ms.ls	523235	0x3FDF1800	158	0x1621C
model/human/pc006_on.PB	523236	0x3FDF2000	438976	0x16228
model/human/pc007.PB	523451	0x3FE5D800	438976	0x16234
model/human/pc007_ms.LB	523666	0x3FEC9000	64	0x16240
model/human/pc007_ms.ls	523667	0x3FEC9800	8	0x1624C
model/human/pc007_on.PB	523668	0x3FECA000	438976	0x16258
model/human/pc008.PB	523883	0x3FF35800	438976	0x16264
model/human/pc008_ms.LB	524098	0x3FFA1000	64	0x16270
model/human/pc008_ms.ls	524099	0x3FFA1800	8	0x1627C
model/human/pc008_on.PB	524100	0x3FFA2000	438976	0x16288
model/human/pc009.PB	524315	0x4000D800	438976	0x16294
model/human/pc009_ms.LB	524530	0x40079000	64	0x162A0
model/human/pc009_ms.ls	524531	0x40079800	8	0x162AC
model/human/pc009_on.PB	524532	0x4007A000	438976	0x162B8
model/human/pc00A.PB	524747	0x400E5800	438976	0x162C4
model/human/pc00A_ms.LB	524962	0x40151000	64	0x162D0
model/human/pc00A_ms.ls	524963	0x40151800	8	0x162DC
model/human/pc00A_on.PB	524964	0x40152000	438976	0x162E8
model/human/pc00B.PB	525179	0x401BD800	438976	0x162F4
model/human/pc00B_ms.LB	525394	0x40229000	64	0x16300
model/human/pc00B_ms.ls	525395	0x40229800	8	0x1630C
model/human/pc00B_on.PB	525396	0x4022A000	438976	0x16318
model/human/pc00C.PB	525611	0x40295800	438976	0x16324
model/human/pc00C_ms.LB	525826	0x40301000	64	0x16330
model/human/pc00C_ms.ls	525827	0x40301800	8	0x1633C
model/human/pc00C_on.PB	525828	0x40302000	438976	0x16348
model/human/pc00D.PB	526043	0x4036D800	438976	0x16354
model/human/pc00D_ms.LB	526258	0x403D9000	64	0x16360
model/human/pc00D_ms.ls	526259	0x403D9800	8	0x1636C
model/human/pc00D_on.PB	526260	0x403DA000	438976	0x16378
model/human/pc00E.PB	526475	0x40445800	438976	0x16384
model/human/pc00E_ms.LB	526690	0x404B1000	64	0x16390
model/human/pc00E_ms.ls	526691	0x404B1800	8	0x1639C
model/human/pc00E_on.PB	526692	0x404B2000	438976	0x163A8
model/human/pc00F.PB	526907	0x4051D800	438976	0x163B4
model/human/pc00F_ms.LB	527122	0x40589000	64	0x163C0
model/human/pc00F_ms.ls	527123	0x40589800	8	0x163CC
model/human/pc00F_on.PB	527124	0x4058A000	438976	0x163D8
model/human/pc010.PB	527339	0x405F5800	438976	0x163E4
model/human/pc010_ms.LB	527554	0x40661000	64	0x163F0
model/human/pc010_ms.ls	527555	0x40661800	8	0x163FC
model/human/pc010_on.PB	527556	0x40662000	438976	0x16408
model/human/pc011.PB	527771	0x406CD800	1275136	0x16414
model/human/pc011_ms.LB	528394	0x40805000	355200	0x16420
model/human/pc011_ms.ls	528568	0x4085C000	333	0x1642C
model/human/pc011_on.PB	528569	0x4085C800	1234688	0x16438
model/human/pc012.PB	529172	0x4098A000	438976	0x16444
model/human/pc012_ms.LB	529387	0x409F5800	64	0x16450
model/human/pc012_ms.ls	529388	0x409F6000	8	0x1645C
model/human/pc012_on.PB	529389	0x409F6800	438976	0x16468
model/human/pc013.PB	529604	0x40A62000	1296512	0x16474
model/human/pc013_ms.LB	530238	0x40B9F000	343296	0x16480
model/human/pc013_ms.ls	530406	0x40BF3000	333	0x1648C
model/human/pc013_on.PB	530407	0x40BF3800	1269120	0x16498
model/human/pc014.PB	531027	0x40D29800	1076096	0x164A4
model/human/pc014_ms.LB	531553	0x40E30800	310016	0x164B0
model/human/pc014_ms.ls	531705	0x40E7C800	333	0x164BC
model/human/pc014_on.PB	531706	0x40E7D000	1035520	0x164C8
model/human/pc015.PB	532212	0x40F7A000	1223936	0x164D4
model/human/pc015_ms.LB	532810	0x410A5000	300224	0x164E0
model/human/pc015_ms.ls	532957	0x410EE800	308	0x164EC
model/human/pc015_on.PB	532958	0x410EF000	1177536	0x164F8
model/human/pc016.PB	533533	0x4120E800	1031680	0x16504
model/human/pc016_ms.LB	534037	0x4130A800	323648	0x16510
model/human/pc016_ms.ls	534196	0x4135A000	333	0x1651C
model/human/pc016_on.PB	534197	0x4135A800	992000	0x16528
model/human/pc017.PB	534682	0x4144D000	438976	0x16534
model/human/pc017_ms.LB	534897	0x414B8800	64	0x16540
model/human/pc017_ms.ls	534898	0x414B9000	8	0x1654C
model/human/pc017_on.PB	534899	0x414B9800	438976	0x16558
model/human/pc018.PB	535114	0x41525000	438976	0x16564
model/human/pc018_ms.LB	535329	0x41590800	64	0x16570
model/human/pc018_ms.ls	535330	0x41591000	8	0x1657C
model/human/pc018_on.PB	535331	0x41591800	438976	0x16588
model/human/pc019.PB	535546	0x415FD000	438976	0x16594
model/human/pc019_ms.LB	535761	0x41668800	64	0x165A0
model/human/pc019_ms.ls	535762	0x41669000	8	0x165AC
model/human/pc019_on.PB	535763	0x41669800	438976	0x165B8
model/human/pc01A.PB	535978	0x416D5000	438976	0x165C4
model/human/pc01A_ms.LB	536193	0x41740800	64	0x165D0
model/human/pc01A_ms.ls	536194	0x41741000	8	0x165DC
model/human/pc01A_on.PB	536195	0x41741800	438976	0x165E8
model/human/pc01B.PB	536410	0x417AD000	438976	0x165F4
model/human/pc01B_ms.LB	536625	0x41818800	64	0x16600
model/human/pc01B_ms.ls	536626	0x41819000	8	0x1660C
model/human/pc01B_on.PB	536627	0x41819800	438976	0x16618
model/human/pc01C.PB	536842	0x41885000	438976	0x16624
model/human/pc01C_ms.LB	537057	0x418F0800	64	0x16630
model/human/pc01C_ms.ls	537058	0x418F1000	8	0x1663C
model/human/pc01C_on.PB	537059	0x418F1800	438976	0x16648
model/human/pc01D.PB	537274	0x4195D000	438976	0x16654
model/human/pc01D_ms.LB	537489	0x419C8800	64	0x16660
model/human/pc01D_ms.ls	537490	0x419C9000	8	0x1666C
model/human/pc01D_on.PB	537491	0x419C9800	438976	0x16678
model/human/pc01E.PB	537706	0x41A35000	438976	0x16684
model/human/pc01E_ms.LB	537921	0x41AA0800	64	0x16690
model/human/pc01E_ms.ls	537922	0x41AA1000	8	0x1669C
model/human/pc01E_on.PB	537923	0x41AA1800	438976	0x166A8
model/human/pc01F.PB	538138	0x41B0D000	632000	0x166B4
model/human/pc01F_ms.LB	538447	0x41BA7800	366400	0x166C0
model/human/pc01F_ms.ls	538626	0x41C01000	333	0x166CC
model/human/pc01F_on.PB	538627	0x41C01800	438976	0x166D8
model/misc/colorbar.AB	538842	0x41C6D000	49	0x16C90
model/misc/colorbar.MB	538843	0x41C6D800	5562	0x16C9C
model/misc/colorbar.TB	538846	0x41C6F000	919936	0x16CA8
model/on/018_on.PB	539296	0x41D50000	459904	0x16CD8
model/on/02B_on.PB	539521	0x41DC0800	640192	0x16CE4
model/on/02D_on.PB	539834	0x41E5D000	968640	0x16CF0
model/on/030_on.PB	540307	0x41F49800	737280	0x16CFC
model/on/032_on.PB	540667	0x41FFD800	399168	0x16D08
model/on/036_on.PB	540862	0x4205F000	299840	0x16D14
model/on/043_on.PB	541009	0x420A8800	386304	0x16D20
model/on/052_on.PB	541198	0x42107000	351808	0x16D2C
model/on/054_on.PB	541370	0x4215D000	502976	0x16D38
model/on/057_on.PB	541616	0x421D8000	380160	0x16D44
model/on/059_on.PB	541802	0x42235000	319296	0x16D50
model/on/066_on.PB	541958	0x42283000	294976	0x16D5C
model/on/0DF_on.PB	542103	0x422CB800	301184	0x16D68
model/on/110_on.PB	542251	0x42315800	420352	0x16D74
model/on/111_on.PB	542457	0x4237C800	473216	0x16D80
model/on/112_on.PB	542689	0x423F0800	962048	0x16D8C
model/on/113_on.PB	543159	0x424DB800	801856	0x16D98
model/on/115_on.PB	543551	0x4259F800	1491520	0x16DA4
model/on/116_on.PB	544280	0x4270C000	819520	0x16DB0
model/on/117_on.PB	544681	0x427D4800	1307712	0x16DBC
model/on/118_on.PB	545320	0x42914000	870080	0x16DC8
model/on/120_on.PB	545745	0x429E8800	428672	0x16DD4
model/on/123_on.PB	545955	0x42A51800	459904	0x16DE0
model/on/137_on.PB	546180	0x42AC2000	1493056	0x16DEC
ps2cdimg	0	0x00000000	426439	0x000A8
result2/spr/dammy.txt	546910	0x42C2F000	6	0x16EF8
result2/spr/nr_sta01.spr	546911	0x42C2F800	22128	0x16F04
result2/spr/result_00.spr	546922	0x42C35000	141696	0x16F10
sobed/000.BED	546992	0x42C58000	36752	0x16F44
sobed/000_01.BED	547010	0x42C61000	11136	0x16F50
sobed/000_02.BED	547016	0x42C64000	6304	0x16F5C
sobed/000_03.BED	547020	0x42C66000	11136	0x16F68
sobed/000_04.BED	547026	0x42C69000	11136	0x16F74
sobed/000_05.BED	547032	0x42C6C000	11136	0x16F80
sobed/000_06.BED	547038	0x42C6F000	11136	0x16F8C
sobed/000_07.BED	547044	0x42C72000	6304	0x16F98
sobed/001.BED	547048	0x42C74000	85792	0x16FA4
sobed/002.BED	547090	0x42C89000	87296	0x16FB0
sobed/003.BED	547133	0x42C9E800	131264	0x16FBC
sobed/004.BED	547198	0x42CBF000	85792	0x16FC8
sobed/005.BED	547240	0x42CD4000	87296	0x16FD4
sobed/006.BED	547283	0x42CE9800	131264	0x16FE0
sobed/007.BED	547348	0x42D0A000	84368	0x16FEC
sobed/008.BED	547390	0x42D1F000	136288	0x16FF8
sobed/009.BED	547457	0x42D40800	226448	0x17004
sobed/00A.BED	547568	0x42D78000	32048	0x17010
sobed/00B.BED	547584	0x42D80000	138912	0x1701C
sobed/00C.BED	547652	0x42DA2000	160096	0x17028
sobed/00D.BED	547731	0x42DC9800	34080	0x17034
sobed/00E.BED	547748	0x42DD2000	140032	0x17040
sobed/00F.BED	547817	0x42DF4800	159824	0x1704C
sobed/010.BED	547896	0x42E1C000	21168	0x17058
sobed/011.BED	547907	0x42E21800	120832	0x17064
sobed/012.BED	547966	0x42E3F000	5008	0x17070
sobed/013.BED	547969	0x42E40800	14592	0x1707C
sobed/014.BED	547977	0x42E44800	37472	0x17088
sobed/015.BED	547996	0x42E4E000	58032	0x17094
sobed/016.BED	548025	0x42E5C800	15488	0x170A0
sobed/017.BED	548033	0x42E60800	37392	0x170AC
sobed/018.BED	548052	0x42E6A000	57760	0x170B8
sobed/019.BED	548081	0x42E78800	43728	0x170C4
sobed/01A.BED	548103	0x42E83800	38768	0x170D0
sobed/01B.BED	548122	0x42E8D000	154176	0x170DC
sobed/01C.BED	548198	0x42EB3000	8416	0x170E8
sobed/01D.BED	548203	0x42EB5800	10320	0x170F4
sobed/01E.BED	548209	0x42EB8800	20096	0x17100
sobed/01F.BED	548219	0x42EBD800	8416	0x1710C
sobed/020.BED	548224	0x42EC0000	9808	0x17118
sobed/021.BED	548229	0x42EC2800	47664	0x17124
sobed/022.BED	548253	0x42ECE800	8416	0x17130
sobed/023.BED	548258	0x42ED1000	148912	0x1713C
sobed/024.BED	548331	0x42EF5800	155792	0x17148
sobed/025.BED	548408	0x42F1C000	138400	0x17154
sobed/026.BED	548476	0x42F3E000	168064	0x17160
sobed/027.BED	548559	0x42F67800	166928	0x1716C
sobed/028.BED	548641	0x42F90800	138400	0x17178
sobed/029.BED	548709	0x42FB2800	168064	0x17184
sobed/02A.BED	548792	0x42FDC000	217440	0x17190
sobed/02B.BED	548899	0x43011800	252400	0x1719C
sobed/02C.BED	549023	0x4304F800	137456	0x171A8
sobed/02D.BED	549091	0x43071800	31280	0x171B4
sobed/02E.BED	549107	0x43079800	117568	0x171C0
sobed/02F.BED	549165	0x43096800	145936	0x171CC
sobed/030.BED	549237	0x430BA800	184176	0x171D8
sobed/031.BED	549327	0x430E7800	8480	0x171E4
sobed/032.BED	549332	0x430EA000	8400	0x171F0
sobed/033.BED	549337	0x430EC800	8048	0x171FC
sobed/034.BED	549341	0x430EE800	45600	0x17208
sobed/035.BED	549364	0x430FA000	151520	0x17214
sobed/036.BED	549438	0x4311F000	141440	0x17220
sobed/037.BED	549508	0x43142000	15152	0x1722C
sobed/038.BED	549516	0x43146000	16912	0x17238
sobed/039.BED	549525	0x4314A800	10656	0x17244
sobed/03A.BED	549531	0x4314D800	188912	0x17250
sobed/03B.BED	549624	0x4317C000	188736	0x1725C
sobed/03C.BED	549717	0x431AA800	14784	0x17268
sobed/03D.BED	549725	0x431AE800	13712	0x17274
sobed/03E.BED	549732	0x431B2000	14784	0x17280
sobed/03F.BED	549740	0x431B6000	13712	0x1728C
sobed/040.BED	549747	0x431B9800	65376	0x17298
sobed/041.BED	549779	0x431C9800	104272	0x172A4
sobed/042.BED	549830	0x431E3000	155360	0x172B0
sobed/043.BED	549906	0x43209000	106608	0x172BC
sobed/044.BED	549959	0x43223800	150752	0x172C8
sobed/045.BED	550033	0x43248800	94592	0x172D4
sobed/046.BED	550080	0x43260000	94592	0x172E0
sobed/047.BED	550127	0x43277800	75008	0x172EC
sobed/048.BED	550164	0x4328A000	67600	0x172F8
sobed/049.BED	550198	0x4329B000	10544	0x17304
sobed/04A.BED	550204	0x4329E000	10432	0x17310
sobed/04B.BED	550210	0x432A1000	134928	0x1731C
sobed/04C.BED	550276	0x432C2000	134784	0x17328
sobed/04D.BED	550342	0x432E3000	111200	0x17334
sobed/04E.BED	550397	0x432FE800	74896	0x17340
sobed/04F.BED	550434	0x43311000	47712	0x1734C
sobed/050.BED	550458	0x4331D000	57296	0x17358
sobed/051.BED	550486	0x4332B000	11712	0x17364
sobed/052.BED	550492	0x4332E000	34320	0x17370
sobed/053.BED	550509	0x43336800	82096	0x1737C
sobed/054.BED	550550	0x4334B000	9936	0x17388
sobed/055.BED	550555	0x4334D800	12848	0x17394
sobed/056.BED	550562	0x43351000	48272	0x173A0
sobed/057.BED	550586	0x4335D000	82032	0x173AC
sobed/058.BED	550627	0x43371800	143504	0x173B8
sobed/059.BED	550698	0x43395000	103104	0x173C4
sobed/05A.BED	550749	0x433AE800	82864	0x173D0
sobed/05B.BED	550790	0x433C3000	36752	0x173DC
sobed/05C.BED	550808	0x433CC000	19840	0x173E8
sobed/05D.BED	550818	0x433D1000	19792	0x173F4
sobed/05E.BED	550828	0x433D6000	143440	0x17400
sobed/05F.BED	550899	0x433F9800	152368	0x1740C
sobed/060.BED	550974	0x4341F000	25168	0x17418
sobed/061.BED	550987	0x43425800	22640	0x17424
sobed/062.BED	550999	0x4342B800	50960	0x17430
sobed/063.BED	551024	0x43438000	7120	0x1743C
sobed/064.BED	551028	0x4343A000	88224	0x17448
sobed/065.BED	551072	0x43450000	28528	0x17454
sobed/066.BED	551086	0x43457000	36368	0x17460
sobed/067.BED	551104	0x43460000	55840	0x1746C
sobed/068.BED	551132	0x4346E000	38816	0x17478
sobed/069.BED	551151	0x43477800	50496	0x17484
sobed/06A.BED	551176	0x43484000	14864	0x17490
sobed/06B.BED	551184	0x43488000	11088	0x1749C
sobed/06C.BED	551190	0x4348B000	120336	0x174A8
sobed/06D.BED	551249	0x434A8800	49504	0x174B4
sobed/06E.BED	551274	0x434B5000	21488	0x174C0
sobed/06F.BED	551285	0x434BA800	57888	0x174CC
sobed/070.BED	551314	0x434C9000	25168	0x174D8
sobed/071.BED	551327	0x434CF800	59024	0x174E4
sobed/072.BED	551356	0x434DE000	114032	0x174F0
sobed/073.BED	551412	0x434FA000	108880	0x174FC
sobed/074.BED	551466	0x43515000	103360	0x17508
sobed/075.BED	551517	0x4352E800	192128	0x17514
sobed/076.BED	551611	0x4355D800	59296	0x17520
sobed/077.BED	551640	0x4356C000	34512	0x1752C
sobed/078.BED	551657	0x43574800	103104	0x17538
sobed/079.BED	551708	0x4358E000	52208	0x17544
sobed/07A.BED	551734	0x4359B000	76592	0x17550
sobed/07B.BED	551772	0x435AE000	149760	0x1755C
sobed/07C.BED	551846	0x435D3000	67424	0x17568
sobed/07D.BED	551879	0x435E3800	141040	0x17574
sobed/07E.BED	551948	0x43606000	15696	0x17580
sobed/07F.BED	551956	0x4360A000	34544	0x1758C
sobed/080.BED	551973	0x43612800	128368	0x17598
sobed/081.BED	552036	0x43632000	74624	0x175A4
sobed/082.BED	552073	0x43644800	40576	0x175B0
sobed/083.BED	552093	0x4364E800	12272	0x175BC
sobed/084.BED	552099	0x43651800	119504	0x175C8
sobed/085.BED	552158	0x4366F000	9568	0x175D4
sobed/086.BED	552163	0x43671800	30096	0x175E0
sobed/087.BED	552178	0x43679000	37152	0x175EC
sobed/088.BED	552197	0x43682800	39984	0x175F8
sobed/089.BED	552217	0x4368C800	47920	0x17604
sobed/08A.BED	552241	0x43698800	152928	0x17610
sobed/08B.BED	552316	0x436BE000	89168	0x1761C
sobed/08C.BED	552360	0x436D4000	9056	0x17628
sobed/08D.BED	552365	0x436D6800	11504	0x17634
sobed/08E.BED	552371	0x436D9800	36752	0x17640
sobed/08F.BED	552389	0x436E2800	362480	0x1764C
sobed/090.BED	552566	0x4373B000	13728	0x17658
sobed/091.BED	552573	0x4373E800	36752	0x17664
sobed/092.BED	552591	0x43747800	36752	0x17670
sobed/093.BED	552609	0x43750800	49152	0x1767C
sobed/094.BED	552633	0x4375C800	36752	0x17688
sobed/095.BED	552651	0x43765800	36752	0x17694
sobed/096.BED	552669	0x4376E800	36752	0x176A0
sobed/097.BED	552687	0x43777800	36752	0x176AC
sobed/098.BED	552705	0x43780800	151520	0x176B8
sobed/099.BED	552779	0x437A5800	171296	0x176C4
sobed/09A.BED	552863	0x437CF800	36752	0x176D0
sobed/09B.BED	552881	0x437D8800	84624	0x176DC
sobed/09C.BED	552923	0x437ED800	36752	0x176E8
sobed/09D.BED	552941	0x437F6800	36752	0x176F4
sobed/09E.BED	552959	0x437FF800	36752	0x17700
sobed/09F.BED	552977	0x43808800	36752	0x1770C
sobed/0A0.BED	552995	0x43811800	137392	0x17718
sobed/0A1.BED	553063	0x43833800	99200	0x17724
sobed/0A2.BED	553112	0x4384C000	139280	0x17730
sobed/0A3.BED	553181	0x4386E800	136912	0x1773C
sobed/0A4.BED	553248	0x43890000	98720	0x17748
sobed/0A5.BED	553297	0x438A8800	82048	0x17754
sobed/0A6.BED	553338	0x438BD000	6640	0x17760
sobed/0A7.BED	553342	0x438BF000	6640	0x1776C
sobed/0A8.BED	553346	0x438C1000	32416	0x17778
sobed/0A9.BED	553362	0x438C9000	32416	0x17784
sobed/0AA.BED	553378	0x438D1000	32416	0x17790
sobed/0AB.BED	553394	0x438D9000	187376	0x1779C
sobed/0AC.BED	553486	0x43907000	190768	0x177A8
sobed/0AD.BED	553580	0x43936000	190912	0x177B4
sobed/0AE.BED	553674	0x43965000	49696	0x177C0
sobed/0AF.BED	553699	0x43971800	7568	0x177CC
sobed/0B0.BED	553703	0x43973800	14736	0x177D8
sobed/0B1.BED	553711	0x43977800	14736	0x177E4
sobed/0B2.BED	553719	0x4397B800	14736	0x177F0
sobed/0B3.BED	553727	0x4397F800	14736	0x177FC
sobed/0B4.BED	553735	0x43983800	70112	0x17808
sobed/0B5.BED	553770	0x43995000	42496	0x17814
sobed/0B6.BED	553791	0x4399F800	42608	0x17820
sobed/0B7.BED	553812	0x439AA000	42608	0x1782C
sobed/0B8.BED	553833	0x439B4800	42608	0x17838
sobed/0B9.BED	553854	0x439BF000	65184	0x17844
sobed/0BA.BED	553886	0x439CF000	57920	0x17850
sobed/0BB.BED	553915	0x439DD800	93680	0x1785C
sobed/0BC.BED	553961	0x439F4800	23056	0x17868
sobed/0BD.BED	553973	0x439FA800	34656	0x17874
sobed/0BE.BED	553990	0x43A03000	44768	0x17880
sobed/0BF.BED	554012	0x43A0E000	362928	0x1788C
sobed/0C0.BED	554190	0x43A67000	9264	0x17898
sobed/0C1.BED	554195	0x43A69800	14528	0x178A4
sobed/0C2.BED	554203	0x43A6D800	62880	0x178B0
sobed/0C3.BED	554234	0x43A7D000	6496	0x178BC
sobed/0C4.BED	554238	0x43A7F000	83712	0x178C8
sobed/0C5.BED	554279	0x43A93800	73600	0x178D4
sobed/0C6.BED	554315	0x43AA5800	73488	0x178E0
sobed/0C7.BED	554351	0x43AB7800	83824	0x178EC
sobed/0C8.BED	554392	0x43ACC000	36752	0x178F8
sobed/0C9.BED	554410	0x43AD5000	78160	0x17904
sobed/0CA.BED	554449	0x43AE8800	56912	0x17910
sobed/0CB.BED	554477	0x43AF6800	6496	0x1791C
sobed/0CC.BED	554481	0x43AF8800	6496	0x17928
sobed/0CD.BED	554485	0x43AFA800	9616	0x17934
sobed/0CE.BED	554490	0x43AFD000	32416	0x17940
sobed/0CF.BED	554506	0x43B05000	32416	0x1794C
sobed/0D0.BED	554522	0x43B0D000	32416	0x17958
sobed/0D1.BED	554538	0x43B15000	737792	0x17964
sobed/0D2.BED	554899	0x43BC9800	717760	0x17970
sobed/0D3.BED	555250	0x43C79000	158992	0x1797C
sobed/0D4.BED	555328	0x43CA0000	32416	0x17988
sobed/0D5.BED	555344	0x43CA8000	64768	0x17994
sobed/0D5_00.BED	555376	0x43CB8000	189088	0x179A0
sobed/0D5_01.BED	555469	0x43CE6800	117312	0x179AC
sobed/0D5_02.BED	555527	0x43D03800	106688	0x179B8
sobed/0D5_03.BED	555580	0x43D1E000	107568	0x179C4
sobed/0D5_04.BED	555633	0x43D38800	115296	0x179D0
sobed/0D5_05.BED	555690	0x43D55000	106096	0x179DC
sobed/0D6.BED	555742	0x43D6F000	73488	0x179E8
sobed/0D7.BED	555778	0x43D81000	59600	0x179F4
sobed/0D8.BED	555808	0x43D90000	44288	0x17A00
sobed/0D9.BED	555830	0x43D9B000	27840	0x17A0C
sobed/0DA.BED	555844	0x43DA2000	14960	0x17A18
sobed/0DB.BED	555852	0x43DA6000	21008	0x17A24
sobed/0DC.BED	555863	0x43DAB800	47248	0x17A30
sobed/0DD.BED	555887	0x43DB7800	17408	0x17A3C
sobed/0DE.BED	555896	0x43DBC000	36752	0x17A48
sobed/0DF.BED	555914	0x43DC5000	9104	0x17A54
sobed/0E0.BED	555919	0x43DC7800	77472	0x17A60
sobed/0E1.BED	555957	0x43DDA800	82576	0x17A6C
sobed/0E2.BED	555998	0x43DEF000	93152	0x17A78
sobed/0E3.BED	556044	0x43E06000	95568	0x17A84
sobed/0E4.BED	556091	0x43E1D800	158288	0x17A90
sobed/0E5.BED	556169	0x43E44800	160848	0x17A9C
sobed/0E6.BED	556248	0x43E6C000	177648	0x17AA8
sobed/0E7.BED	556335	0x43E97800	36752	0x17AB4
sobed/0E8.BED	556353	0x43EA0800	36752	0x17AC0
sobed/0E9.BED	556371	0x43EA9800	179888	0x17ACC
sobed/0EA.BED	556459	0x43ED5800	35488	0x17AD8
sobed/0EB.BED	556477	0x43EDE800	36752	0x17AE4
sobed/0EC.BED	556495	0x43EE7800	36752	0x17AF0
sobed/0ED.BED	556513	0x43EF0800	11936	0x17AFC
sobed/0EE.BED	556519	0x43EF3800	15472	0x17B08
sobed/0EF.BED	556527	0x43EF7800	19792	0x17B14
sobed/0F0.BED	556537	0x43EFC800	34400	0x17B20
sobed/0F1.BED	556554	0x43F05000	9088	0x17B2C
sobed/0F2.BED	556559	0x43F07800	9216	0x17B38
sobed/0F3.BED	556564	0x43F0A000	148272	0x17B44
sobed/0F4.BED	556637	0x43F2E800	119280	0x17B50
sobed/0F5.BED	556696	0x43F4C000	45120	0x17B5C
sobed/0F6.BED	556719	0x43F57800	12416	0x17B68
sobed/0F7.BED	556726	0x43F5B000	45808	0x17B74
sobed/0F8.BED	556749	0x43F66800	19728	0x17B80
sobed/0F9.BED	556759	0x43F6B800	45120	0x17B8C
sobed/0FA.BED	556782	0x43F77000	8752	0x17B98
sobed/0FC.BED	556787	0x43F79800	9104	0x17BA4
sobed/0FD.BED	556792	0x43F7C000	118880	0x17BB0
sobed/0FE.BED	556851	0x43F99800	5120	0x17BBC
sobed/0FF.BED	556854	0x43F9B000	9104	0x17BC8
sobed/103.BED	556859	0x43F9D800	143472	0x17BD4
sobed/110.BED	556930	0x43FC1000	100480	0x17BE0
sobed/111.BED	556980	0x43FDA000	137392	0x17BEC
sobed/112.BED	557048	0x43FFC000	99200	0x17BF8
sobed/113.BED	557097	0x44014800	100480	0x17C04
sobed/114.BED	557147	0x4402D800	137392	0x17C10
sobed/115.BED	557215	0x4404F800	98720	0x17C1C
sobed/116.BED	557264	0x44068000	70352	0x17C28
sobed/117.BED	557299	0x44079800	96000	0x17C34
sobed/118.BED	557346	0x44091000	92672	0x17C40
sobed/119.BED	557392	0x440A8000	49696	0x17C4C
sobed/11A.BED	557417	0x440B4800	49696	0x17C58
sobed/11B.BED	557442	0x440C1000	168640	0x17C64
sobed/11C.BED	557525	0x440EA800	168640	0x17C70
sobed/11D.BED	557608	0x44114000	100480	0x17C7C
sobed/11E.BED	557658	0x4412D000	100480	0x17C88
sobed/11F.BED	557708	0x44146000	100480	0x17C94
sobed/120.BED	557758	0x4415F000	168640	0x17CA0
sobed/121.BED	557841	0x44188800	5024	0x17CAC
sobed/122.BED	557844	0x4418A000	5024	0x17CB8
sobed/123.BED	557847	0x4418B800	5024	0x17CC4
sobed/124.BED	557850	0x4418D000	5024	0x17CD0
sobed/125.BED	557853	0x4418E800	5024	0x17CDC
sobed/126.BED	557856	0x44190000	5024	0x17CE8
sobed/127.BED	557859	0x44191800	5024	0x17CF4
sobed/128.BED	557862	0x44193000	5024	0x17D00
sobed/129.BED	557865	0x44194800	5024	0x17D0C
sobed/12A.BED	557868	0x44196000	5024	0x17D18
sobed/12B.BED	557871	0x44197800	5024	0x17D24
sobed/12C.BED	557874	0x44199000	5024	0x17D30
sobed/12D.BED	557877	0x4419A800	5024	0x17D3C
sobed/12E.BED	557880	0x4419C000	5024	0x17D48
sobed/12F.BED	557883	0x4419D800	5024	0x17D54
sobed/130.BED	557886	0x4419F000	168640	0x17D60
sobed/130_01.BED	557969	0x441C8800	31632	0x17D6C
sobed/130_02.BED	557985	0x441D0800	28064	0x17D78
sobed/130_03.BED	557999	0x441D7800	23488	0x17D84
sobed/130_04.BED	558011	0x441DD800	35056	0x17D90
sobed/130_05.BED	558029	0x441E6800	41376	0x17D9C
sobed/130_06.BED	558050	0x441F1000	41376	0x17DA8
sobed/130_07.BED	558071	0x441FB800	28064	0x17DB4
sobed/131.BED	558085	0x44202800	168640	0x17DC0
sobed/131_01.BED	558168	0x4422C000	33792	0x17DCC
sobed/131_02.BED	558185	0x44234800	34784	0x17DD8
sobed/131_03.BED	558202	0x4423D000	26992	0x17DE4
sobed/131_04.BED	558216	0x44244000	37216	0x17DF0
sobed/131_05.BED	558235	0x4424D800	43536	0x17DFC
sobed/131_06.BED	558257	0x44258800	43536	0x17E08
sobed/131_07.BED	558279	0x44263800	34784	0x17E14
sobed/132.BED	558296	0x4426C000	168640	0x17E20
sobed/132_00.BED	558379	0x44295800	24080	0x17E2C
sobed/132_01.BED	558391	0x4429B800	44752	0x17E38
sobed/132_02.BED	558413	0x442A6800	40272	0x17E44
sobed/132_03.BED	558433	0x442B0800	48432	0x17E50
sobed/132_04.BED	558457	0x442BC800	48176	0x17E5C
sobed/132_05.BED	558481	0x442C8800	47984	0x17E68
sobed/132_06.BED	558505	0x442D4800	47984	0x17E74
sobed/132_07.BED	558529	0x442E0800	40272	0x17E80
sobed/133.BED	558549	0x442EA800	168640	0x17E8C
sobed/133_01.BED	558632	0x44314000	32528	0x17E98
sobed/133_02.BED	558648	0x4431C000	28944	0x17EA4
sobed/133_03.BED	558663	0x44323800	24272	0x17EB0
sobed/133_04.BED	558675	0x44329800	35952	0x17EBC
sobed/133_05.BED	558693	0x44332800	42272	0x17EC8
sobed/133_06.BED	558714	0x4433D000	42272	0x17ED4
sobed/133_07.BED	558735	0x44347800	28944	0x17EE0
sobed/134.BED	558750	0x4434F000	168640	0x17EEC
sobed/134_01.BED	558833	0x44378800	32400	0x17EF8
sobed/134_02.BED	558849	0x44380800	31488	0x17F04
sobed/134_03.BED	558865	0x44388800	25728	0x17F10
sobed/134_04.BED	558878	0x4438F000	35824	0x17F1C
sobed/134_05.BED	558896	0x44398000	42144	0x17F28
sobed/134_06.BED	558917	0x443A2800	42144	0x17F34
sobed/134_07.BED	558938	0x443AD000	31488	0x17F40
sobed/135.BED	558954	0x443B5000	168640	0x17F4C
sobed/135_01.BED	559037	0x443DE800	43136	0x17F58
sobed/135_02.BED	559059	0x443E9800	42224	0x17F64
sobed/135_03.BED	559080	0x443F4000	43376	0x17F70
sobed/135_04.BED	559102	0x443FF000	46560	0x17F7C
sobed/135_05.BED	559125	0x4440A800	49248	0x17F88
sobed/135_06.BED	559150	0x44417000	52880	0x17F94
sobed/135_07.BED	559176	0x44424000	42224	0x17FA0
sobed/136.BED	559197	0x4442E800	168640	0x17FAC
sobed/136_01.BED	559280	0x44458000	31776	0x17FB8
sobed/136_02.BED	559296	0x44460000	31456	0x17FC4
sobed/136_03.BED	559312	0x44468000	25296	0x17FD0
sobed/136_04.BED	559325	0x4446E800	35200	0x17FDC
sobed/136_05.BED	559343	0x44477800	41520	0x17FE8
sobed/136_06.BED	559364	0x44482000	41520	0x17FF4
sobed/136_07.BED	559385	0x4448C800	31456	0x18000
sobed/137.BED	559401	0x44494800	168640	0x1800C
sobed/137_01.BED	559484	0x444BE000	32528	0x18018
sobed/137_02.BED	559500	0x444C6000	31040	0x18024
sobed/137_03.BED	559516	0x444CE000	24512	0x18030
sobed/137_04.BED	559528	0x444D4000	35952	0x1803C
sobed/137_05.BED	559546	0x444DD000	42272	0x18048
sobed/137_06.BED	559567	0x444E7800	42272	0x18054
sobed/137_07.BED	559588	0x444F2000	31040	0x18060
sobed/138.BED	559604	0x444FA000	168640	0x1806C
sobed/138_01.BED	559687	0x44523800	33856	0x18078
sobed/138_02.BED	559704	0x4452C000	32944	0x18084
sobed/138_03.BED	559721	0x44534800	25856	0x18090
sobed/138_04.BED	559734	0x4453B000	37280	0x1809C
sobed/138_05.BED	559753	0x44544800	43600	0x180A8
sobed/138_06.BED	559775	0x4454F800	43600	0x180B4
sobed/138_07.BED	559797	0x4455A800	32944	0x180C0
sobed/139.BED	559814	0x44563000	168640	0x180CC
sobed/139_01.BED	559897	0x4458C800	34560	0x180D8
sobed/139_02.BED	559914	0x44595000	31808	0x180E4
sobed/139_03.BED	559930	0x4459D000	25424	0x180F0
sobed/139_04.BED	559943	0x445A3800	37984	0x180FC
sobed/139_05.BED	559962	0x445AD000	44304	0x18108
sobed/139_06.BED	559984	0x445B8000	44304	0x18114
sobed/139_07.BED	560006	0x445C3000	31808	0x18120
sobed/13A.BED	560022	0x445CB000	168640	0x1812C
sobed/13A_01.BED	560105	0x445F4800	33056	0x18138
sobed/13A_02.BED	560122	0x445FD000	29680	0x18144
sobed/13A_03.BED	560137	0x44604800	26592	0x18150
sobed/13A_04.BED	560150	0x4460B000	36480	0x1815C
sobed/13A_05.BED	560168	0x44614000	42736	0x18168
sobed/13A_06.BED	560189	0x4461E800	42800	0x18174
sobed/13A_07.BED	560210	0x44629000	29680	0x18180
sobed/13B.BED	560225	0x44630800	168640	0x1818C
sobed/13B_01.BED	560308	0x4465A000	37824	0x18198
sobed/13B_02.BED	560327	0x44663800	36912	0x181A4
sobed/13B_03.BED	560346	0x4466D000	36448	0x181B0
sobed/13B_04.BED	560364	0x44676000	41248	0x181BC
sobed/13B_05.BED	560385	0x44680800	47632	0x181C8
sobed/13B_06.BED	560409	0x4468C800	47632	0x181D4
sobed/13B_07.BED	560433	0x44698800	36912	0x181E0
sobed/13C.BED	560452	0x446A2000	168640	0x181EC
sobed/13C_01.BED	560535	0x446CB800	35072	0x181F8
sobed/13C_02.BED	560553	0x446D4800	34128	0x18204
sobed/13C_03.BED	560570	0x446DD000	25824	0x18210
sobed/13C_04.BED	560583	0x446E3800	38496	0x1821C
sobed/13C_05.BED	560602	0x446ED000	44816	0x18228
sobed/13C_06.BED	560624	0x446F8000	44816	0x18234
sobed/13C_07.BED	560646	0x44703000	34128	0x18240
sobed/13D.BED	560663	0x4470B800	168640	0x1824C
sobed/13D_01.BED	560746	0x44735000	33008	0x18258
sobed/13D_02.BED	560763	0x4473D800	31808	0x18264
sobed/13D_03.BED	560779	0x44745800	26064	0x18270
sobed/13D_04.BED	560792	0x4474C000	36432	0x1827C
sobed/13D_05.BED	560810	0x44755000	42752	0x18288
sobed/13D_06.BED	560831	0x4475F800	42752	0x18294
sobed/13D_07.BED	560852	0x4476A000	31808	0x182A0
sobed/13E.BED	560868	0x44772000	168640	0x182AC
sobed/13E_01.BED	560951	0x4479B800	37392	0x182B8
sobed/13E_02.BED	560970	0x447A5000	32352	0x182C4
sobed/13E_03.BED	560986	0x447AD000	27152	0x182D0
sobed/13E_04.BED	561000	0x447B4000	40816	0x182DC
sobed/13E_05.BED	561020	0x447BE000	47136	0x182E8
sobed/13E_06.BED	561044	0x447CA000	47136	0x182F4
sobed/13E_07.BED	561068	0x447D6000	32352	0x18300
sobed/13F.BED	561084	0x447DE000	168640	0x1830C
sobed/13F_01.BED	561167	0x44807800	33184	0x18318
sobed/13F_02.BED	561184	0x44810000	32272	0x18324
sobed/13F_03.BED	561200	0x44818000	50976	0x18330
sobed/13F_04.BED	561225	0x44824800	36608	0x1833C
sobed/13F_05.BED	561243	0x4482D800	42928	0x18348
sobed/13F_06.BED	561264	0x44838000	42928	0x18354
sobed/13F_07.BED	561285	0x44842800	32272	0x18360
sobed/140.BED	561301	0x4484A800	5024	0x1836C
sobed/140_01.BED	561304	0x4484C000	33504	0x18378
sobed/140_02.BED	561321	0x44854800	32688	0x18384
sobed/140_03.BED	561337	0x4485C800	26512	0x18390
sobed/140_04.BED	561350	0x44863000	36928	0x1839C
sobed/140_05.BED	561369	0x4486C800	43248	0x183A8
sobed/140_06.BED	561391	0x44877800	43248	0x183B4
sobed/140_07.BED	561413	0x44882800	32688	0x183C0
sobed/141.BED	561429	0x4488A800	5024	0x183CC
sobed/142.BED	561432	0x4488C000	5024	0x183D8
sobed/143.BED	561435	0x4488D800	5024	0x183E4
sobed/144.BED	561438	0x4488F000	5024	0x183F0
sobed/145.BED	561441	0x44890800	5024	0x183FC
sobed/146.BED	561444	0x44892000	5024	0x18408
sobed/147.BED	561447	0x44893800	5024	0x18414
sobed/148.BED	561450	0x44895000	5024	0x18420
sobed/149.BED	561453	0x44896800	5024	0x1842C
sobed/14A.BED	561456	0x44898000	5024	0x18438
sobed/14B.BED	561459	0x44899800	5024	0x18444
sobed/14C.BED	561462	0x4489B000	5024	0x18450
sobed/14D.BED	561465	0x4489C800	5024	0x1845C
sobed/14E.BED	561468	0x4489E000	5024	0x18468
sobed/14F.BED	561471	0x4489F800	5024	0x18474
sobed/150.BED	561474	0x448A1000	32496	0x18480
sobed/151.BED	561490	0x448A9000	32496	0x1848C
sobed/152.BED	561506	0x448B1000	32496	0x18498
sobed/153.BED	561522	0x448B9000	32496	0x184A4
sobed/154.BED	561538	0x448C1000	32496	0x184B0
sobed/155.BED	561554	0x448C9000	32496	0x184BC
sobed/156.BED	561570	0x448D1000	32496	0x184C8
sobed/157.BED	561586	0x448D9000	32496	0x184D4
sobed/158.BED	561602	0x448E1000	32496	0x184E0
sobed/159.BED	561618	0x448E9000	32496	0x184EC
sobed/15A.BED	561634	0x448F1000	32496	0x184F8
sobed/15B.BED	561650	0x448F9000	32496	0x18504
sobed/15C.BED	561666	0x44901000	32496	0x18510
sobed/15D.BED	561682	0x44909000	31616	0x1851C
sobed/15E.BED	561698	0x44911000	31616	0x18528
sobed/15F.BED	561714	0x44919000	31616	0x18534
sobed/160.BED	561730	0x44921000	31616	0x18540
sobed/161.BED	561746	0x44929000	31616	0x1854C
sobed/162.BED	561762	0x44931000	31616	0x18558
sobed/163.BED	561778	0x44939000	68224	0x18564
sobed/164.BED	561812	0x4494A000	68224	0x18570
sobed/165.BED	561846	0x4495B000	68224	0x1857C
sobed/166.BED	561880	0x4496C000	68224	0x18588
sobed/167.BED	561914	0x4497D000	68224	0x18594
sobed/168.BED	561948	0x4498E000	68224	0x185A0
sobed/169.BED	561982	0x4499F000	68224	0x185AC
sobed/16A.BED	562016	0x449B0000	68224	0x185B8
sobed/16B.BED	562050	0x449C1000	71984	0x185C4
sobed/16C.BED	562086	0x449D3000	76256	0x185D0
sobed/16D.BED	562124	0x449E6000	76256	0x185DC
sobed/16E.BED	562162	0x449F9000	168640	0x185E8
sobed/16F.BED	562245	0x44A22800	168640	0x185F4
sobed/170.BED	562328	0x44A4C000	6672	0x18600
sobed/171.BED	562332	0x44A4E000	8080	0x1860C
sobed/172.BED	562336	0x44A50000	53584	0x18618
sobed/173.BED	562363	0x44A5D800	54032	0x18624
sobed/174.BED	562390	0x44A6B000	53568	0x18630
sobed/175.BED	562417	0x44A78800	143440	0x1863C
sobed/176.BED	562488	0x44A9C000	151936	0x18648
sobed/177.BED	562563	0x44AC1800	84288	0x18654
sobed/178.BED	562605	0x44AD6800	573248	0x18660
sobed/179.BED	562885	0x44B62800	93280	0x1866C
sobed/17A.BED	562931	0x44B79800	99504	0x18678
sobed/17B.BED	562980	0x44B92000	5024	0x18684
sobed/17C.BED	562983	0x44B93800	5024	0x18690
sobed/17D.BED	562986	0x44B95000	5024	0x1869C
sobed/17E.BED	562989	0x44B96800	6304	0x186A8
sobed/17F.BED	562993	0x44B98800	7968	0x186B4
sobed/180.BED	562997	0x44B9A800	105296	0x186C0
sobed/181.BED	563049	0x44BB4800	192544	0x186CC
sobed/182.BED	563144	0x44BE4000	86176	0x186D8
sobed/183.BED	563187	0x44BF9800	162224	0x186E4
sobed/184.BED	563267	0x44C21800	57248	0x186F0
sobed/185.BED	563295	0x44C2F800	119360	0x186FC
sobed/186.BED	563354	0x44C4D000	47424	0x18708
sobed/187.BED	563378	0x44C59000	82000	0x18714
sobed/188.BED	563419	0x44C6D800	147216	0x18720
sobed/189.BED	563491	0x44C91800	7696	0x1872C
sobed/18A.BED	563495	0x44C93800	137120	0x18738
sobed/18B.BED	563562	0x44CB5000	168640	0x18744
sobed/18C.BED	563645	0x44CDE800	75056	0x18750
sobed/18D.BED	563682	0x44CF1000	64272	0x1875C
sobed/18E.BED	563714	0x44D01000	137376	0x18768
sobed/18F.BED	563782	0x44D23000	251424	0x18774
sobed/190.BED	563905	0x44D60800	130640	0x18780
sobed/191.BED	563969	0x44D80800	131792	0x1878C
sobed/192.BED	564034	0x44DA1000	168640	0x18798
sobed/193.BED	564117	0x44DCA800	168640	0x187A4
sobed/194.BED	564200	0x44DF4000	168640	0x187B0
sobed/195.BED	564283	0x44E1D800	168640	0x187BC
sobed/196.BED	564366	0x44E47000	168640	0x187C8
sobed/197.BED	564449	0x44E70800	168640	0x187D4
sobed/198.BED	564532	0x44E9A000	168640	0x187E0
sobed/199.BED	564615	0x44EC3800	168640	0x187EC
sobed/19A.BED	564698	0x44EED000	168640	0x187F8
sobed/19B.BED	564781	0x44F16800	168640	0x18804
sobed/19C.BED	564864	0x44F40000	168640	0x18810
sobed/19D.BED	564947	0x44F69800	168640	0x1881C
sobed/19E.BED	565030	0x44F93000	168640	0x18828
sobed/19F.BED	565113	0x44FBC800	168640	0x18834
sobed/1A0.BED	565196	0x44FE6000	46128	0x18840
sobed/1A1.BED	565219	0x44FF1800	53616	0x1884C
sobed/1A2.BED	565246	0x44FFF000	152352	0x18858
sobed/1A3.BED	565321	0x45024800	16144	0x18864
sobed/1A4.BED	565329	0x45028800	5024	0x18870
sobed/1A5.BED	565332	0x4502A000	24848	0x1887C
sobed/1A6.BED	565345	0x45030800	77872	0x18888
sobed/1A7.BED	565384	0x45044000	85904	0x18894
sobed/1A8.BED	565426	0x45059000	128656	0x188A0
sobed/1A9.BED	565489	0x45078800	137120	0x188AC
sobed/1AA.BED	565556	0x4509A000	137120	0x188B8
sobed/1AB.BED	565623	0x450BB800	140560	0x188C4
sobed/1AC.BED	565692	0x450DE000	162224	0x188D0
sobed/1AD.BED	565772	0x45106000	313664	0x188DC
sobed/1AE.BED	565926	0x45153000	140560	0x188E8
sobed/1AF.BED	565995	0x45175800	545680	0x188F4
sobed/1B0.BED	566262	0x451FB000	86240	0x18900
sobed/1B1.BED	566305	0x45210800	87296	0x1890C
sobed/1B2.BED	566348	0x45226000	131712	0x18918
sobed/1B3.BED	566413	0x45246800	226448	0x18924
sobed/1B4.BED	566524	0x4527E000	34368	0x18930
sobed/1B5.BED	566541	0x45286800	139680	0x1893C
sobed/1B6.BED	566610	0x452A9000	160400	0x18948
sobed/1B7.BED	566689	0x452D0800	83376	0x18954
sobed/1B8.BED	566730	0x452E5000	17408	0x18960
sobed/1B9.BED	566739	0x452E9800	40096	0x1896C
sobed/1BA.BED	566759	0x452F3800	60464	0x18978
sobed/1BB.BED	566789	0x45302800	32304	0x18984
sobed/1BC.BED	566805	0x4530A800	8416	0x18990
sobed/1BD.BED	566810	0x4530D000	9808	0x1899C
sobed/1BE.BED	566815	0x4530F800	47664	0x189A8
sobed/1BF.BED	566839	0x4531B800	163328	0x189B4
sobed/1C0.BED	566919	0x45343800	138912	0x189C0
sobed/1C1.BED	566987	0x45365800	168576	0x189CC
sobed/1C2.BED	567070	0x4538F000	217440	0x189D8
sobed/1C3.BED	567177	0x453C4800	118560	0x189E4
sobed/1C4.BED	567235	0x453E1800	10192	0x189F0
sobed/1C5.BED	567240	0x453E4000	14784	0x189FC
sobed/1C6.BED	567248	0x453E8000	13712	0x18A08
sobed/1C7.BED	567255	0x453EB800	65376	0x18A14
sobed/1C8.BED	567287	0x453FB800	107008	0x18A20
sobed/1C9.BED	567340	0x45416000	150752	0x18A2C
sobed/1CA.BED	567414	0x4543B000	9936	0x18A38
sobed/1CB.BED	567419	0x4543D800	83552	0x18A44
sobed/1CC.BED	567460	0x45452000	96528	0x18A50
sobed/1CD.BED	567508	0x4546A000	51552	0x18A5C
sobed/1CE.BED	567534	0x45477000	168640	0x18A68
sobed/1CF.BED	567617	0x454A0800	125600	0x18A74
sobed/1D0.BED	567679	0x454BF800	74624	0x18A80
sobed/1D1.BED	567716	0x454D2000	113792	0x18A8C
sobed/1D2.BED	567772	0x454EE000	50480	0x18A98
sobed/1D3.BED	567797	0x454FA800	25264	0x18AA4
sobed/1D4.BED	567810	0x45501000	87360	0x18AB0
sobed/1D5.BED	567853	0x45516800	71264	0x18ABC
sobed/1D6.BED	567888	0x45528000	20352	0x18AC8
sobed/1D7.BED	567898	0x4552D000	105232	0x18AD4
sobed/1D8.BED	567950	0x45547000	139776	0x18AE0
sobed/1D9.BED	568019	0x45569800	168640	0x18AEC
sobed/1DA.BED	568102	0x45593000	60016	0x18AF8
sobed/1DB.BED	568132	0x455A2000	168640	0x18B04
sobed/1DC.BED	568215	0x455CB800	42128	0x18B10
sobed/1DD.BED	568236	0x455D6000	41872	0x18B1C
sobed/1DE.BED	568257	0x455E0800	51952	0x18B28
sobed/1DF.BED	568283	0x455ED800	141008	0x18B34
sobed/1E0.BED	568352	0x45610000	56352	0x18B40
sobed/1E1.BED	568380	0x4561E000	132048	0x18B4C
sobed/1E2.BED	568445	0x4563E800	272384	0x18B58
sobed/1E3.BED	568578	0x45681000	287472	0x18B64
sobed/1E4.BED	568719	0x456C7800	251712	0x18B70
sobed/1E5.BED	568842	0x45705000	253904	0x18B7C
sobed/1E6.BED	568966	0x45743000	271200	0x18B88
sobed/1E7.BED	569099	0x45785800	210832	0x18B94
sobed/1E8.BED	569202	0x457B9000	221232	0x18BA0
sobed/1E9.BED	569311	0x457EF800	230048	0x18BAC
sobed/1EA.BED	569424	0x45828000	57344	0x18BB8
sobed/1EB.BED	569452	0x45836000	62080	0x18BC4
sobed/1EC.BED	569483	0x45845800	97136	0x18BD0
sobed/1ED.BED	569531	0x4585D800	83232	0x18BDC
sobed/1EE.BED	569572	0x45872000	128736	0x18BE8
sobed/1EF.BED	569635	0x45891800	134544	0x18BF4
sobed/1F0.BED	569701	0x458B2800	5024	0x18C00
sobed/1F1.BED	569704	0x458B4000	5024	0x18C0C
sobed/1F2.BED	569707	0x458B5800	5024	0x18C18
sobed/1F3.BED	569710	0x458B7000	5024	0x18C24
sobed/1F4.BED	569713	0x458B8800	5024	0x18C30
sobed/1F5.BED	569716	0x458BA000	5024	0x18C3C
sobed/1F6.BED	569719	0x458BB800	5024	0x18C48
sobed/1F7.BED	569722	0x458BD000	137648	0x18C54
sobed/1F8.BED	569790	0x458DF000	99456	0x18C60
sobed/1F9.BED	569839	0x458F7800	82784	0x18C6C
sobed/1FA.BED	569880	0x4590C000	44912	0x18C78
sobed/1FB.BED	569902	0x45917000	70112	0x18C84
sobed/1FC.BED	569937	0x45928800	65184	0x18C90
sobed/1FD.BED	569969	0x45938800	117968	0x18C9C
sobed/1FE.BED	570027	0x45955800	146336	0x18CA8
sobed/1FF.BED	570099	0x45979800	184576	0x18CB4
sound/MIDI0000.SMG	570190	0x459A7000	293984	0x1A1F8
sound/MIDI0001.SMG	570334	0x459EF000	301696	0x1A204
sound/MIDI0002.SMG	570482	0x45A39000	458448	0x1A210
sound/MIDI0004.SMG	570706	0x45AA9000	59872	0x1A21C
sound/MIDI0005.SMG	570736	0x45AB8000	680688	0x1A228
sound/MIDI0006.SMG	571069	0x45B5E800	195856	0x1A234
sound/MIDI0007.SMG	571165	0x45B8E800	195856	0x1A240
sound/MIDI0008.SMG	571261	0x45BBE800	195856	0x1A24C
sound/MIDI0009.SMG	571357	0x45BEE800	195856	0x1A258
sound/MIDI000A.SMG	571453	0x45C1E800	195856	0x1A264
sound/MIDI000B.SMG	571549	0x45C4E800	195856	0x1A270
sound/MIDI000C.SMG	571645	0x45C7E800	195856	0x1A27C
sound/MIDI000D.SMG	571741	0x45CAE800	418992	0x1A288
sound/MIDI000E.SMG	571946	0x45D15000	181600	0x1A294
sound/MIDI000F.SMG	572035	0x45D41800	411344	0x1A2A0
sound/MIDI0010.SMG	572236	0x45DA6000	174160	0x1A2AC
sound/MIDI0011.SMG	572322	0x45DD1000	422080	0x1A2B8
sound/MIDI0012.SMG	572529	0x45E38800	144352	0x1A2C4
sound/MIDI0013.SMG	572600	0x45E5C000	415456	0x1A2D0
sound/MIDI0014.SMG	572803	0x45EC1800	191936	0x1A2DC
sound/MIDI0015.SMG	572897	0x45EF0800	409504	0x1A2E8
sound/MIDI0016.SMG	573097	0x45F54800	188288	0x1A2F4
sound/MIDI0017.SMG	573189	0x45F82800	187424	0x1A300
sound/MIDI0018.SMG	573281	0x45FB0800	187968	0x1A30C
sound/MIDI0019.SMG	573373	0x45FDE800	189216	0x1A318
sound/MIDI001A.SMG	573466	0x4600D000	189184	0x1A324
sound/MIDI001B.SMG	573559	0x4603B800	188960	0x1A330
sound/MIDI001C.SMG	573652	0x4606A000	188928	0x1A33C
sound/MIDI001D.SMG	573745	0x46098800	403696	0x1A348
sound/MIDI001E.SMG	573943	0x460FB800	185232	0x1A354
sound/MIDI001F.SMG	574034	0x46129000	399056	0x1A360
sound/MIDI0020.SMG	574229	0x4618A800	188192	0x1A36C
sound/MIDI0021.SMG	574321	0x461B8800	188256	0x1A378
sound/MIDI0022.SMG	574413	0x461E6800	187744	0x1A384
sound/MIDI0023.SMG	574505	0x46214800	185184	0x1A390
sound/MIDI0024.SMG	574596	0x46242000	180736	0x1A39C
sound/MIDI0025.SMG	574685	0x4626E800	185520	0x1A3A8
sound/MIDI0026.SMG	574776	0x4629C000	184496	0x1A3B4
sound/MIDI0027.SMG	574867	0x462C9800	184432	0x1A3C0
sound/MIDI0028.SMG	574958	0x462F7000	404064	0x1A3CC
sound/MIDI0029.SMG	575156	0x4635A000	174128	0x1A3D8
sound/MIDI002A.SMG	575242	0x46385000	59872	0x1A3E4
sound/MIDI002B.SMG	575272	0x46394000	382336	0x1A3F0
sound/MIDI0030.SMG	575459	0x463F1800	374800	0x1A3FC
sound/MIDI0031.SMG	575643	0x4644D800	747280	0x1A408
sound/MIDI0032.SMG	576008	0x46504000	410064	0x1A414
sound/MIDI0033.SMG	576209	0x46568800	321936	0x1A420
sound/MIDI0034.SMG	576367	0x465B7800	393296	0x1A42C
sound/MIDI0035.SMG	576560	0x46618000	363024	0x1A438
sound/MIDI0036.SMG	576738	0x46671000	17408	0x1A444
sound/MIDI0037.SMG	576747	0x46675800	18496	0x1A450
sound/MIDI0038.SMG	576757	0x4667A800	384272	0x1A45C
sound/MIDI0039.SMG	576945	0x466D8800	424912	0x1A468
sound/MIDI003A.SMG	577153	0x46740800	405840	0x1A474
sound/MIDI0040.SMG	577352	0x467A4000	694320	0x1A480
sound/MIDI0041.SMG	577692	0x4684E000	734736	0x1A48C
sound/MIDI0042.SMG	578051	0x46901800	614016	0x1A498
sound/MIDI0043.SMG	578351	0x46997800	736400	0x1A4A4
sound/MIDI0044.SMG	578711	0x46A4B800	721056	0x1A4B0
sound/MIDI0045.SMG	579064	0x46AFC000	743168	0x1A4BC
sound/MIDI0046.SMG	579427	0x46BB1800	710576	0x1A4C8
sound/MIDI0047.SMG	579774	0x46C5F000	125184	0x1A4D4
sound/MIDI0048.SMG	579836	0x46C7E000	125184	0x1A4E0
sound/MIDI0049.SMG	579898	0x46C9D000	656768	0x1A4EC
sound/MIDI004A.SMG	580219	0x46D3D800	148912	0x1A4F8
sound/MIDI004B.SMG	580292	0x46D62000	227664	0x1A504
sound/MIDI004C.SMG	580404	0x46D9A000	367136	0x1A510
sound/MIDI004D.SMG	580584	0x46DF4000	428320	0x1A51C
sound/MIDI004E.SMG	580794	0x46E5D000	358784	0x1A528
sound/MIDI004F.SMG	580970	0x46EB5000	413440	0x1A534
sound/MIDI0050.SMG	581172	0x46F1A000	425520	0x1A540
sound/MIDI0051.SMG	581380	0x46F82000	391712	0x1A54C
sound/MIDI0052.SMG	581572	0x46FE2000	436624	0x1A558
sound/MIDI0053.SMG	581786	0x4704D000	330784	0x1A564
sound/MIDI0054.SMG	581948	0x4709E000	724384	0x1A570
sound/MIDI0055.SMG	582302	0x4714F000	739344	0x1A57C
sound/MIDI0056.SMG	582664	0x47204000	762240	0x1A588
sound/MIDI0057.SMG	583037	0x472BE800	756192	0x1A594
sound/MIDI0058.SMG	583407	0x47377800	749504	0x1A5A0
sound/MIDI0059.SMG	583773	0x4742E800	770944	0x1A5AC
sound/MIDI005A.SMG	584150	0x474EB000	665296	0x1A5B8
sound/MIDI005B.SMG	584475	0x4758D800	346000	0x1A5C4
sound/MIDI005C.SMG	584644	0x475E2000	736464	0x1A5D0
sound/MIDI005D.SMG	585004	0x47696000	772048	0x1A5DC
sound/MIDI005E.SMG	585381	0x47752800	770832	0x1A5E8
sound/MIDI005F.SMG	585758	0x4780F000	770944	0x1A5F4
sound/MIDI0060.SMG	586135	0x478CB800	426224	0x1A600
sound/MIDI0061.SMG	586344	0x47934000	422624	0x1A60C
sound/MIDI0062.SMG	586551	0x4799B800	415552	0x1A618
sound/MIDI0063.SMG	586754	0x47A01000	432448	0x1A624
sound/MIDI0064.SMG	586966	0x47A6B000	355584	0x1A630
sound/MIDI0065.SMG	587140	0x47AC2000	402464	0x1A63C
sound/MIDI0066.SMG	587337	0x47B24800	697792	0x1A648
sound/MIDI0067.SMG	587678	0x47BCF000	210208	0x1A654
sound/MIDI0068.SMG	587781	0x47C02800	310240	0x1A660
sound/MIDI0069.SMG	587933	0x47C4E800	295072	0x1A66C
sound/MIDI006A.SMG	588078	0x47C97000	415232	0x1A678
sound/MIDI006B.SMG	588281	0x47CFC800	381424	0x1A684
sound/MIDI006C.SMG	588468	0x47D5A000	346192	0x1A690
sound/MIDI0100.SMG	588638	0x47DAF000	378208	0x1A69C
sound/MIDI0101.SMG	588823	0x47E0B800	358800	0x1A6A8
sound/MIDI0102.SMG	588999	0x47E63800	706992	0x1A6B4
sound/MIDI0103.SMG	589345	0x47F10800	87584	0x1A6C0
sound/MIDI0104.SMG	589388	0x47F26000	693568	0x1A6CC
sound/MIDI0105.SMG	589727	0x47FCF800	613440	0x1A6D8
sound/MIDI0106.SMG	590027	0x48065800	49376	0x1A6E4
sound/MIDI0107.SMG	590052	0x48072000	408688	0x1A6F0
sound/MIDI0108.SMG	590252	0x480D6000	741392	0x1A6FC
sound/MIDI0109.SMG	590615	0x4818B800	732192	0x1A708
sound/MIDI010A.SMG	590973	0x4823E800	49376	0x1A714
sound/MIDI010B.SMG	590998	0x4824B000	746000	0x1A720
sound/MIDI010C.SMG	591363	0x48301800	49376	0x1A72C
sound/MIDI010D.SMG	591388	0x4830E000	394048	0x1A738
sound/MIDI010E.SMG	591581	0x4836E800	427328	0x1A744
sound/MIDI010F.SMG	591790	0x483D7000	332032	0x1A750
sound/MIDI0110.SMG	591953	0x48428800	683392	0x1A75C
sound/MIDI0111.SMG	592287	0x484CF800	754976	0x1A768
sound/MIDI0112.SMG	592656	0x48588000	716592	0x1A774
sound/MIDI0113.SMG	593006	0x48637000	88832	0x1A780
sound/MIDI0114.SMG	593050	0x4864D000	742672	0x1A78C
sound/MIDI0115.SMG	593413	0x48702800	743136	0x1A798
sound/MIDI0116.SMG	593776	0x487B8000	714224	0x1A7A4
sound/MIDI0117.SMG	594125	0x48866800	727888	0x1A7B0
sound/MIDI0118.SMG	594481	0x48918800	741056	0x1A7BC
sound/MIDI0119.SMG	594843	0x489CD800	49376	0x1A7C8
sound/MIDI011A.SMG	594868	0x489DA000	670096	0x1A7D4
sound/MIDI011B.SMG	595196	0x48A7E000	739584	0x1A7E0
sound/MIDI011C.SMG	595558	0x48B33000	700528	0x1A7EC
sound/MIDI011D.SMG	595901	0x48BDE800	749072	0x1A7F8
sound/MIDI011E.SMG	596267	0x48C95800	715856	0x1A804
sound/MIDI011F.SMG	596617	0x48D44800	391280	0x1A810
sound/MIDI0120.SMG	596809	0x48DA4800	49376	0x1A81C
sound/MIDI0121.SMG	596834	0x48DB1000	728912	0x1A828
sound/MIDI0122.SMG	597190	0x48E63000	391760	0x1A834
sound/MIDI0123.SMG	597382	0x48EC3000	746944	0x1A840
sound/MIDI0124.SMG	597747	0x48F79800	730048	0x1A84C
sound/MIDI0125.SMG	598104	0x4902C000	563232	0x1A858
sound/MIDI0126.SMG	598380	0x490B6000	269200	0x1A864
sound/MIDI0127.SMG	598512	0x490F8000	49376	0x1A870
sound/MIDI0128.SMG	598537	0x49104800	704656	0x1A87C
sound/MIDI0129.SMG	598882	0x491B1000	49376	0x1A888
sound/MIDI012A.SMG	598907	0x491BD800	762640	0x1A894
sound/MIDI012B.SMG	599280	0x49278000	169264	0x1A8A0
sound/MIDI012C.SMG	599363	0x492A1800	624064	0x1A8AC
sound/MIDI012D.SMG	599668	0x4933A000	752448	0x1A8B8
sound/MIDI012E.SMG	600036	0x493F2000	683008	0x1A8C4
sound/MIDI012F.SMG	600370	0x49499000	231312	0x1A8D0
sound/MIDI0130.SMG	600483	0x494D1800	734992	0x1A8DC
sound/MIDI0131.SMG	600842	0x49585000	235552	0x1A8E8
sound/MIDI0132.SMG	600958	0x495BF000	498368	0x1A8F4
sound/MIDI0133.SMG	601202	0x49639000	380112	0x1A900
sound/MIDI0134.SMG	601388	0x49696000	753232	0x1A90C
sound/MIDI0135.SMG	601756	0x4974E000	49376	0x1A918
sound/MIDI0136.SMG	601781	0x4975A800	286592	0x1A924
sound/MIDI0137.SMG	601921	0x497A0800	49376	0x1A930
sound/MIDI0138.SMG	601946	0x497AD000	367568	0x1A93C
sound/MIDI0139.SMG	602126	0x49807000	398496	0x1A948
sound/MIDI013A.SMG	602321	0x49868800	429280	0x1A954
sound/MIDI013B.SMG	602531	0x498D1800	49376	0x1A960
sound/MIDI013C.SMG	602556	0x498DE000	331984	0x1A96C
sound/MIDI013D.SMG	602719	0x4992F800	387104	0x1A978
sound/MIDI013E.SMG	602909	0x4998E800	63072	0x1A984
sound/MIDI013F.SMG	602940	0x4999E000	49376	0x1A990
sound/MIDI0140.SMG	602965	0x499AA800	49376	0x1A99C
sound/MIDI0141.SMG	602990	0x499B7000	49376	0x1A9A8
sound/MIDI0142.SMG	603015	0x499C3800	49376	0x1A9B4
sound/MIDI0143.SMG	603040	0x499D0000	49376	0x1A9C0
sound/MIDI0144.SMG	603065	0x499DC800	49376	0x1A9CC
sound/MIDI0145.SMG	603090	0x499E9000	404528	0x1A9D8
sound/MIDI0146.SMG	603288	0x49A4C000	385664	0x1A9E4
sound/MIDI0147.SMG	603477	0x49AAA800	297216	0x1A9F0
sound/MIDI0148.SMG	603623	0x49AF3800	418176	0x1A9FC
sound/MIDI0149.SMG	603828	0x49B5A000	438208	0x1AA08
sound/MIDI014A.SMG	604042	0x49BC5000	364128	0x1AA14
sound/MIDI014B.SMG	604220	0x49C1E000	375296	0x1AA20
sound/MIDI014C.SMG	604404	0x49C7A000	204592	0x1AA2C
sound/MIDI014D.SMG	604504	0x49CAC000	204560	0x1AA38
sound/MIDI014E.SMG	604604	0x49CDE000	204560	0x1AA44
sound/MIDI014F.SMG	604704	0x49D10000	312816	0x1AA50
sound/MIDI0150.SMG	604857	0x49D5C800	355424	0x1AA5C
sound/MIDI0151.SMG	605031	0x49DB3800	267472	0x1AA68
sound/MIDI0152.SMG	605162	0x49DF5000	49376	0x1AA74
sound/MIDI0153.SMG	605187	0x49E01800	239312	0x1AA80
sound/MIDI0154.SMG	605304	0x49E3C000	49376	0x1AA8C
sound/MIDI0155.SMG	605329	0x49E48800	359424	0x1AA98
sound/MIDI0156.SMG	605505	0x49EA0800	49376	0x1AAA4
sound/MIDI0157.SMG	605530	0x49EAD000	445248	0x1AAB0
sound/MIDI0158.SMG	605748	0x49F1A000	49376	0x1AABC
sound/MIDI0159.SMG	605773	0x49F26800	49376	0x1AAC8
sound/MIDI015A.SMG	605798	0x49F33000	49376	0x1AAD4
sound/MIDI015B.SMG	605823	0x49F3F800	49376	0x1AAE0
sound/MIDI015C.SMG	605848	0x49F4C000	418768	0x1AAEC
sound/MIDI015D.SMG	606053	0x49FB2800	188608	0x1AAF8
sound/MIDI015E.SMG	606146	0x49FE1000	49376	0x1AB04
sound/MIDI015F.SMG	606171	0x49FED800	49376	0x1AB10
sound/MIDI0160.SMG	606196	0x49FFA000	414048	0x1AB1C
sound/MIDI0161.SMG	606399	0x4A05F800	49376	0x1AB28
sound/MIDI0162.SMG	606424	0x4A06C000	253440	0x1AB34
sound/MIDI0163.SMG	606548	0x4A0AA000	49376	0x1AB40
sound/MIDI0164.SMG	606573	0x4A0B6800	49376	0x1AB4C
sound/MIDI0165.SMG	606598	0x4A0C3000	49376	0x1AB58
sound/MIDI0166.SMG	606623	0x4A0CF800	49376	0x1AB64
sound/MIDI0167.SMG	606648	0x4A0DC000	296576	0x1AB70
sound/MIDI0168.SMG	606793	0x4A124800	263840	0x1AB7C
sound/MIDI0169.SMG	606922	0x4A165000	296576	0x1AB88
sound/MIDI01C7.SMG	607067	0x4A1AD800	243440	0x1AB94
sound/MIDI01C8.SMG	607186	0x4A1E9000	208848	0x1ABA0
sound/MIDI01C9.SMG	607288	0x4A21C000	49376	0x1ABAC
sound/MIDI01CA.SMG	607313	0x4A228800	562048	0x1ABB8
sound/MIDI01CB.SMG	607588	0x4A2B2000	650672	0x1ABC4
sound/MIDI01CC.SMG	607906	0x4A351000	296576	0x1ABD0
sound/MIDI01CD.SMG	608051	0x4A399800	417504	0x1ABDC
sound/MIDI01CE.SMG	608255	0x4A3FF800	296576	0x1ABE8
sound/MIDI01CF.SMG	608400	0x4A448000	243440	0x1ABF4
sound/MIDI01E6.SMG	608519	0x4A483800	28944	0x1AC00
sound/MIDI01E7.SMG	608534	0x4A48B000	423392	0x1AC0C
sound/MIDI01E8.SMG	608741	0x4A4F2800	135936	0x1AC18
sound/MIDI01E9.SMG	608808	0x4A514000	328800	0x1AC24
sound/MIDI01EA.SMG	608969	0x4A564800	135936	0x1AC30
sound/MIDI01EB.SMG	609036	0x4A586000	130160	0x1AC3C
sound/MIDI01EC.SMG	609100	0x4A5A6000	233264	0x1AC48
sound/MIDI01ED.SMG	609214	0x4A5DF000	28944	0x1AC54
sound/MIDI01EE.SMG	609229	0x4A5E6800	257424	0x1AC60
sound/MIDI01EF.SMG	609355	0x4A625800	44640	0x1AC6C
sound/MIDI01F0.SMG	609377	0x4A630800	28944	0x1AC78
sound/MIDI01F1.SMG	609392	0x4A638000	655136	0x1AC84
sound/MIDI01F2.SMG	609712	0x4A6D8000	675936	0x1AC90
sound/MIDI01F3.SMG	610043	0x4A77D800	28944	0x1AC9C
sound/MIDI01F4.SMG	610058	0x4A785000	130160	0x1ACA8
sound/MIDI01F5.SMG	610122	0x4A7A5000	404128	0x1ACB4
sound/MIDI01F6.SMG	610320	0x4A808000	32848	0x1ACC0
sound/MIDI01F7.SMG	610337	0x4A810800	39712	0x1ACCC
sound/MIDI01F8.SMG	610357	0x4A81A800	15632	0x1ACD8
sound/MIDI01F9.SMG	610365	0x4A81E800	20544	0x1ACE4
sound/MIDI01FA.SMG	610376	0x4A824000	46560	0x1ACF0
sound/MIDI0200.SMG	610399	0x4A82F800	9840	0x1ACFC
sound/MIDI0201.SMG	610404	0x4A832000	79264	0x1AD08
sound/MIDI0202.SMG	610443	0x4A845800	79296	0x1AD14
sound/MIDI0203.SMG	610482	0x4A859000	99168	0x1AD20
sound/MIDI0204.SMG	610531	0x4A871800	79264	0x1AD2C
sound/MIDI0205.SMG	610570	0x4A885000	79296	0x1AD38
sound/MIDI0206.SMG	610609	0x4A898800	99168	0x1AD44
sound/MIDI0207.SMG	610658	0x4A8B1000	87920	0x1AD50
sound/MIDI0208.SMG	610701	0x4A8C6800	84880	0x1AD5C
sound/MIDI0209.SMG	610743	0x4A8DB800	91648	0x1AD68
sound/MIDI020A.SMG	610788	0x4A8F2000	71840	0x1AD74
sound/MIDI020B.SMG	610824	0x4A904000	91616	0x1AD80
sound/MIDI020C.SMG	610869	0x4A91A800	91648	0x1AD8C
sound/MIDI020D.SMG	610914	0x4A931000	71840	0x1AD98
sound/MIDI020E.SMG	610950	0x4A943000	91392	0x1ADA4
sound/MIDI020F.SMG	610995	0x4A959800	91648	0x1ADB0
sound/MIDI0210.SMG	611040	0x4A970000	77376	0x1ADBC
sound/MIDI0211.SMG	611078	0x4A983000	91616	0x1ADC8
sound/MIDI0212.SMG	611123	0x4A999800	91152	0x1ADD4
sound/MIDI0213.SMG	611168	0x4A9B0000	61056	0x1ADE0
sound/MIDI0214.SMG	611198	0x4A9BF000	91168	0x1ADEC
sound/MIDI0215.SMG	611243	0x4A9D5800	91152	0x1ADF8
sound/MIDI0216.SMG	611288	0x4A9EC000	61056	0x1AE04
sound/MIDI0217.SMG	611318	0x4A9FB000	91168	0x1AE10
sound/MIDI0218.SMG	611363	0x4AA11800	91152	0x1AE1C
sound/MIDI0219.SMG	611408	0x4AA28000	76096	0x1AE28
sound/MIDI021A.SMG	611446	0x4AA3B000	48224	0x1AE34
sound/MIDI021B.SMG	611470	0x4AA47000	82832	0x1AE40
sound/MIDI021C.SMG	611511	0x4AA5B800	68800	0x1AE4C
sound/MIDI021D.SMG	611545	0x4AA6C800	99360	0x1AE58
sound/MIDI021E.SMG	611594	0x4AA85000	99440	0x1AE64
sound/MIDI021F.SMG	611643	0x4AA9D800	68800	0x1AE70
sound/MIDI0220.SMG	611677	0x4AAAE800	99360	0x1AE7C
sound/MIDI0221.SMG	611726	0x4AAC7000	99424	0x1AE88
sound/MIDI0222.SMG	611775	0x4AADF800	68800	0x1AE94
sound/MIDI0223.SMG	611809	0x4AAF0800	99440	0x1AEA0
sound/MIDI0224.SMG	611858	0x4AB09000	38400	0x1AEAC
sound/MIDI0225.SMG	611877	0x4AB12800	54080	0x1AEB8
sound/MIDI0226.SMG	611904	0x4AB20000	79280	0x1AEC4
sound/MIDI0227.SMG	611943	0x4AB33800	98720	0x1AED0
sound/MIDI0228.SMG	611992	0x4AB4C000	54080	0x1AEDC
sound/MIDI0229.SMG	612019	0x4AB59800	79280	0x1AEE8
sound/MIDI022A.SMG	612058	0x4AB6D000	98720	0x1AEF4
sound/MIDI022B.SMG	612107	0x4AB85800	98720	0x1AF00
sound/MIDI022C.SMG	612156	0x4AB9E000	98704	0x1AF0C
sound/MIDI022D.SMG	612205	0x4ABB6800	21648	0x1AF18
sound/MIDI022E.SMG	612216	0x4ABBC000	98144	0x1AF24
sound/MIDI022F.SMG	612264	0x4ABD4000	98048	0x1AF30
sound/MIDI0230.SMG	612312	0x4ABEC000	82832	0x1AF3C
sound/MIDI0231.SMG	612353	0x4AC00800	88448	0x1AF48
sound/MIDI0232.SMG	612397	0x4AC16800	88448	0x1AF54
sound/MIDI0233.SMG	612441	0x4AC2C800	88448	0x1AF60
sound/MIDI0234.SMG	612485	0x4AC42800	53328	0x1AF6C
sound/MIDI0235.SMG	612512	0x4AC50000	82944	0x1AF78
sound/MIDI0236.SMG	612553	0x4AC64800	99936	0x1AF84
sound/MIDI0237.SMG	612602	0x4AC7D000	96880	0x1AF90
sound/MIDI0238.SMG	612650	0x4AC95000	96896	0x1AF9C
sound/MIDI0239.SMG	612698	0x4ACAD000	67920	0x1AFA8
sound/MIDI023A.SMG	612732	0x4ACBE000	52864	0x1AFB4
sound/MIDI023B.SMG	612758	0x4ACCB000	77376	0x1AFC0
sound/MIDI023C.SMG	612796	0x4ACDE000	73632	0x1AFCC
sound/MIDI023D.SMG	612832	0x4ACF0000	95184	0x1AFD8
sound/MIDI023E.SMG	612879	0x4AD07800	73632	0x1AFE4
sound/MIDI023F.SMG	612915	0x4AD19800	95184	0x1AFF0
sound/MIDI0240.SMG	612962	0x4AD31000	99712	0x1AFFC
sound/MIDI0241.SMG	613011	0x4AD49800	98240	0x1B008
sound/MIDI0242.SMG	613059	0x4AD61800	98256	0x1B014
sound/MIDI0243.SMG	613107	0x4AD79800	98240	0x1B020
sound/MIDI0244.SMG	613155	0x4AD91800	98384	0x1B02C
sound/MIDI0245.SMG	613204	0x4ADAA000	93664	0x1B038
sound/MIDI0246.SMG	613250	0x4ADC1000	93664	0x1B044
sound/MIDI0247.SMG	613296	0x4ADD8000	94224	0x1B050
sound/MIDI0248.SMG	613343	0x4ADEF800	66768	0x1B05C
sound/MIDI0249.SMG	613376	0x4AE00000	67920	0x1B068
sound/MIDI024A.SMG	613410	0x4AE11000	67920	0x1B074
sound/MIDI024B.SMG	613444	0x4AE22000	72224	0x1B080
sound/MIDI024C.SMG	613480	0x4AE34000	72224	0x1B08C
sound/MIDI024D.SMG	613516	0x4AE46000	67184	0x1B098
sound/MIDI024E.SMG	613549	0x4AE56800	94224	0x1B0A4
sound/MIDI024F.SMG	613596	0x4AE6E000	46784	0x1B0B0
sound/MIDI0250.SMG	613619	0x4AE79800	92224	0x1B0BC
sound/MIDI0251.SMG	613665	0x4AE90800	35024	0x1B0C8
sound/MIDI0252.SMG	613683	0x4AE99800	38400	0x1B0D4
sound/MIDI0253.SMG	613702	0x4AEA3000	79968	0x1B0E0
sound/MIDI0254.SMG	613742	0x4AEB7000	79968	0x1B0EC
sound/MIDI0255.SMG	613782	0x4AECB000	46544	0x1B0F8
sound/MIDI0256.SMG	613805	0x4AED6800	46592	0x1B104
sound/MIDI0257.SMG	613828	0x4AEE2000	46592	0x1B110
sound/MIDI0258.SMG	613851	0x4AEED800	78064	0x1B11C
sound/MIDI0259.SMG	613890	0x4AF01000	69744	0x1B128
sound/MIDI025A.SMG	613925	0x4AF12800	62768	0x1B134
sound/MIDI025B.SMG	613956	0x4AF22000	100496	0x1B140
sound/MIDI025C.SMG	614006	0x4AF3B000	99680	0x1B14C
sound/MIDI025D.SMG	614055	0x4AF53800	38400	0x1B158
sound/MIDI025E.SMG	614074	0x4AF5D000	90912	0x1B164
sound/MIDI025F.SMG	614119	0x4AF73800	66608	0x1B170
sound/MIDI0260.SMG	614152	0x4AF84000	40784	0x1B17C
sound/MIDI0261.SMG	614172	0x4AF8E000	72240	0x1B188
sound/MIDI0262.SMG	614208	0x4AFA0000	91184	0x1B194
sound/MIDI0263.SMG	614253	0x4AFB6800	68352	0x1B1A0
sound/MIDI0264.SMG	614287	0x4AFC7800	93088	0x1B1AC
sound/MIDI0265.SMG	614333	0x4AFDE800	51360	0x1B1B8
sound/MIDI0266.SMG	614359	0x4AFEB800	97376	0x1B1C4
sound/MIDI0267.SMG	614407	0x4B003800	51488	0x1B1D0
sound/MIDI0268.SMG	614433	0x4B010800	81408	0x1B1DC
sound/MIDI0269.SMG	614473	0x4B024800	51488	0x1B1E8
sound/MIDI026A.SMG	614499	0x4B031800	78560	0x1B1F4
sound/MIDI026B.SMG	614538	0x4B045000	51488	0x1B200
sound/MIDI026C.SMG	614564	0x4B052000	84416	0x1B20C
sound/MIDI026D.SMG	614606	0x4B067000	50960	0x1B218
sound/MIDI026E.SMG	614631	0x4B073800	91248	0x1B224
sound/MIDI026F.SMG	614676	0x4B08A000	30160	0x1B230
sound/MIDI0270.SMG	614691	0x4B091800	40784	0x1B23C
sound/MIDI0271.SMG	614711	0x4B09B800	30160	0x1B248
sound/MIDI0272.SMG	614726	0x4B0A3000	64592	0x1B254
sound/MIDI0273.SMG	614758	0x4B0B3000	61904	0x1B260
sound/MIDI0274.SMG	614789	0x4B0C2800	44384	0x1B26C
sound/MIDI0275.SMG	614811	0x4B0CD800	87376	0x1B278
sound/MIDI0276.SMG	614854	0x4B0E3000	47072	0x1B284
sound/MIDI0277.SMG	614877	0x4B0EE800	91184	0x1B290
sound/MIDI0278.SMG	614922	0x4B105000	27472	0x1B29C
sound/MIDI0279.SMG	614936	0x4B10C000	72240	0x1B2A8
sound/MIDI027A.SMG	614972	0x4B11E000	35648	0x1B2B4
sound/MIDI027B.SMG	614990	0x4B127000	86112	0x1B2C0
sound/MIDI027C.SMG	615033	0x4B13C800	28064	0x1B2CC
sound/MIDI027D.SMG	615047	0x4B143800	87872	0x1B2D8
sound/MIDI027E.SMG	615090	0x4B159000	68352	0x1B2E4
sound/MIDI027F.SMG	615124	0x4B16A000	99456	0x1B2F0
sound/MIDI0280.SMG	615173	0x4B182800	35968	0x1B2FC
sound/MIDI0281.SMG	615191	0x4B18B800	95264	0x1B308
sound/MIDI0282.SMG	615238	0x4B1A3000	51488	0x1B314
sound/MIDI0283.SMG	615264	0x4B1B0000	51488	0x1B320
sound/MIDI0284.SMG	615290	0x4B1BD000	84416	0x1B32C
sound/MIDI0285.SMG	615332	0x4B1D2000	99312	0x1B338
sound/MIDI0286.SMG	615381	0x4B1EA800	51360	0x1B344
sound/MIDI0287.SMG	615407	0x4B1F7800	97376	0x1B350
sound/MIDI0288.SMG	615455	0x4B20F800	81408	0x1B35C
sound/MIDI0289.SMG	615495	0x4B223800	98736	0x1B368
sound/MIDI028A.SMG	615544	0x4B23C000	36256	0x1B374
sound/MIDI028B.SMG	615562	0x4B245000	93088	0x1B380
sound/MIDI028C.SMG	615608	0x4B25C000	100528	0x1B38C
sound/MIDI028D.SMG	615658	0x4B275000	99280	0x1B398
sound/MIDI028E.SMG	615707	0x4B28D800	100496	0x1B3A4
sound/MIDI028F.SMG	615757	0x4B2A6800	100544	0x1B3B0
sound/MIDI0290.SMG	615807	0x4B2BF800	99600	0x1B3BC
sound/MIDI0291.SMG	615856	0x4B2D8000	100496	0x1B3C8
sound/MIDI0292.SMG	615906	0x4B2F1000	100496	0x1B3D4
sound/MIDI0293.SMG	615956	0x4B30A000	88768	0x1B3E0
sound/MIDI0294.SMG	616000	0x4B320000	100496	0x1B3EC
sound/MIDI0295.SMG	616050	0x4B339000	100496	0x1B3F8
sound/MIDI0296.SMG	616100	0x4B352000	100496	0x1B404
sound/MIDI0297.SMG	616150	0x4B36B000	100496	0x1B410
sound/MIDI0298.SMG	616200	0x4B384000	82944	0x1B41C
sound/MIDI0299.SMG	616241	0x4B398800	72656	0x1B428
sound/MIDI029A.SMG	616277	0x4B3AA800	100496	0x1B434
sound/MIDI029B.SMG	616327	0x4B3C3800	57104	0x1B440
sound/MIDI029C.SMG	616355	0x4B3D1800	100496	0x1B44C
sound/MIDI029D.SMG	616405	0x4B3EA800	100496	0x1B458
sound/MIDI029E.SMG	616455	0x4B403800	100496	0x1B464
sound/MIDI029F.SMG	616505	0x4B41C800	100496	0x1B470
sound/MIDI02A0.SMG	616555	0x4B435800	38400	0x1B47C
sound/MIDI02A1.SMG	616574	0x4B43F000	78816	0x1B488
sound/MIDI02A2.SMG	616613	0x4B452800	99664	0x1B494
sound/MIDI02A3.SMG	616662	0x4B46B000	38400	0x1B4A0
sound/MIDI02A4.SMG	616681	0x4B474800	78816	0x1B4AC
sound/MIDI02A5.SMG	616720	0x4B488000	99664	0x1B4B8
sound/MIDI02A6.SMG	616769	0x4B4A0800	83936	0x1B4C4
sound/MIDI02A7.SMG	616810	0x4B4B5000	83936	0x1B4D0
sound/MIDI02A8.SMG	616851	0x4B4C9800	21648	0x1B4DC
sound/MIDI02A9.SMG	616862	0x4B4CF000	21648	0x1B4E8
sound/MIDI02AA.SMG	616873	0x4B4D4800	21648	0x1B4F4
sound/MIDI02AB.SMG	616884	0x4B4DA000	69232	0x1B500
sound/MIDI02AC.SMG	616918	0x4B4EB000	90080	0x1B50C
sound/MIDI02AD.SMG	616962	0x4B501000	90080	0x1B518
sound/MIDI02AE.SMG	617006	0x4B517000	99664	0x1B524
sound/MIDI02AF.SMG	617055	0x4B52F800	88448	0x1B530
sound/MIDI02B0.SMG	617099	0x4B545800	58144	0x1B53C
sound/MIDI02B1.SMG	617128	0x4B554000	58144	0x1B548
sound/MIDI02B2.SMG	617157	0x4B562800	58144	0x1B554
sound/MIDI02B3.SMG	617186	0x4B571000	58144	0x1B560
sound/MIDI02B4.SMG	617215	0x4B57F800	52144	0x1B56C
sound/MIDI02B5.SMG	617241	0x4B58C800	60592	0x1B578
sound/MIDI02B6.SMG	617271	0x4B59B800	60592	0x1B584
sound/MIDI02B7.SMG	617301	0x4B5AA800	60592	0x1B590
sound/MIDI02B8.SMG	617331	0x4B5B9800	60592	0x1B59C
sound/MIDI02B9.SMG	617361	0x4B5C8800	52144	0x1B5A8
sound/MIDI02BA.SMG	617387	0x4B5D5800	99360	0x1B5B4
sound/MIDI02BB.SMG	617436	0x4B5EE000	99456	0x1B5C0
sound/MIDI02BC.SMG	617485	0x4B606800	88720	0x1B5CC
sound/MIDI02BD.SMG	617529	0x4B61C800	99360	0x1B5D8
sound/MIDI02BE.SMG	617578	0x4B635000	42224	0x1B5E4
sound/MIDI02BF.SMG	617599	0x4B63F800	37456	0x1B5F0
sound/MIDI02C0.SMG	617618	0x4B649000	91152	0x1B5FC
sound/MIDI02C1.SMG	617663	0x4B65F800	91152	0x1B608
sound/MIDI02C2.SMG	617708	0x4B676000	99712	0x1B614
sound/MIDI02C3.SMG	617757	0x4B68E800	23664	0x1B620
sound/MIDI02C4.SMG	617769	0x4B694800	94224	0x1B62C
sound/MIDI02C5.SMG	617816	0x4B6AC000	94224	0x1B638
sound/MIDI02C6.SMG	617863	0x4B6C3800	94224	0x1B644
sound/MIDI02C7.SMG	617910	0x4B6DB000	94224	0x1B650
sound/MIDI02C8.SMG	617957	0x4B6F2800	100496	0x1B65C
sound/MIDI02C9.SMG	618007	0x4B70B800	97760	0x1B668
sound/MIDI02CA.SMG	618055	0x4B723800	92224	0x1B674
sound/MIDI02CB.SMG	618101	0x4B73A800	23664	0x1B680
sound/MIDI02CC.SMG	618113	0x4B740800	23664	0x1B68C
sound/MIDI02CD.SMG	618125	0x4B746800	25632	0x1B698
sound/MIDI02CE.SMG	618138	0x4B74D000	21648	0x1B6A4
sound/MIDI02CF.SMG	618149	0x4B752800	21648	0x1B6B0
sound/MIDI02D0.SMG	618160	0x4B758000	21648	0x1B6BC
sound/MIDI02D1.SMG	618171	0x4B75D800	94272	0x1B6C8
sound/MIDI02D2.SMG	618218	0x4B775000	94272	0x1B6D4
sound/MIDI02D3.SMG	618265	0x4B78C800	45312	0x1B6E0
sound/MIDI02D4.SMG	618288	0x4B798000	21648	0x1B6EC
sound/MIDI02D5.SMG	618299	0x4B79D800	91808	0x1B6F8
sound/MIDI02D6.SMG	618344	0x4B7B4000	94224	0x1B704
sound/MIDI02D7.SMG	618391	0x4B7CB800	46592	0x1B710
sound/MIDI02D8.SMG	618414	0x4B7D7000	64112	0x1B71C
sound/MIDI02D9.SMG	618446	0x4B7E7000	78224	0x1B728
sound/MIDI02DA.SMG	618485	0x4B7FA800	99664	0x1B734
sound/MIDI02DB.SMG	618534	0x4B813000	96880	0x1B740
sound/MIDI02DC.SMG	618582	0x4B82B000	96896	0x1B74C
sound/MIDI02DD.SMG	618630	0x4B843000	97632	0x1B758
sound/MIDI02DE.SMG	618678	0x4B85B000	100496	0x1B764
sound/MIDI02DF.SMG	618728	0x4B874000	24000	0x1B770
sound/MIDI02E0.SMG	618740	0x4B87A000	83120	0x1B77C
sound/MIDI02E1.SMG	618781	0x4B88E800	83120	0x1B788
sound/MIDI02E2.SMG	618822	0x4B8A3000	83120	0x1B794
sound/MIDI02E3.SMG	618863	0x4B8B7800	83120	0x1B7A0
sound/MIDI02E4.SMG	618904	0x4B8CC000	83120	0x1B7AC
sound/MIDI02E5.SMG	618945	0x4B8E0800	83120	0x1B7B8
sound/MIDI02E6.SMG	618986	0x4B8F5000	83120	0x1B7C4
sound/MIDI02E7.SMG	619027	0x4B909800	83120	0x1B7D0
sound/MIDI02E8.SMG	619068	0x4B91E000	83120	0x1B7DC
sound/MIDI02E9.SMG	619109	0x4B932800	83120	0x1B7E8
sound/MIDI02EA.SMG	619150	0x4B947000	85152	0x1B7F4
sound/MIDI02EB.SMG	619192	0x4B95C000	100496	0x1B800
sound/MIDI02EC.SMG	619242	0x4B975000	100496	0x1B80C
sound/MIDI02ED.SMG	619292	0x4B98E000	38400	0x1B818
sound/MIDI02EE.SMG	619311	0x4B997800	99664	0x1B824
sound/MIDI02EF.SMG	619360	0x4B9B0000	38400	0x1B830
sound/MIDI02F0.SMG	619379	0x4B9B9800	78816	0x1B83C
sound/MIDI02F1.SMG	619418	0x4B9CD000	99952	0x1B848
sound/MIDI02F2.SMG	619467	0x4B9E5800	67920	0x1B854
sound/MIDI02F3.SMG	619501	0x4B9F6800	98384	0x1B860
sound/MIDI02F4.SMG	619550	0x4BA0F000	91616	0x1B86C
sound/MIDI02F5.SMG	619595	0x4BA25800	87616	0x1B878
sound/MIDI02F6.SMG	619638	0x4BA3B000	78816	0x1B884
sound/MIDI02F7.SMG	619677	0x4BA4E800	36752	0x1B890
sound/MIDI02F8.SMG	619695	0x4BA57800	99680	0x1B89C
sound/MIDI02F9.SMG	619744	0x4BA70000	87616	0x1B8A8
sound/MIDI02FA.SMG	619787	0x4BA85800	83680	0x1B8B4
sound/MIDI02FB.SMG	619828	0x4BA9A000	100496	0x1B8C0
sound/MIDI02FC.SMG	619878	0x4BAB3000	24000	0x1B8CC
sound/MIDI02FD.SMG	619890	0x4BAB9000	87696	0x1B8D8
sound/MIDI02FE.SMG	619933	0x4BACE800	70112	0x1B8E4
sound/MIDI02FF.SMG	619968	0x4BAE0000	24000	0x1B8F0
sound/MIDI0300.SMG	619980	0x4BAE6000	99280	0x1B8FC
sound/MIDI0301.SMG	620029	0x4BAFE800	100528	0x1B908
sound/MIDI0302.SMG	620079	0x4BB17800	51360	0x1B914
sound/MIDI0303.SMG	620105	0x4BB24800	9840	0x1B920
sound/MIDI0304.SMG	620110	0x4BB27000	9840	0x1B92C
sound/MIDI0305.SMG	620115	0x4BB29800	9840	0x1B938
sound/MIDI0306.SMG	620120	0x4BB2C000	9840	0x1B944
sound/MIDI0307.SMG	620125	0x4BB2E800	9840	0x1B950
sound/MIDI0308.SMG	620130	0x4BB31000	9840	0x1B95C
sound/MIDI0309.SMG	620135	0x4BB33800	9840	0x1B968
sound/MIDI030A.SMG	620140	0x4BB36000	9840	0x1B974
sound/MIDI030B.SMG	620145	0x4BB38800	9840	0x1B980
sound/MIDI030C.SMG	620150	0x4BB3B000	9840	0x1B98C
sound/MIDI030D.SMG	620155	0x4BB3D800	9840	0x1B998
sound/MIDI030E.SMG	620160	0x4BB40000	9840	0x1B9A4
sound/MIDI030F.SMG	620165	0x4BB42800	9840	0x1B9B0
sound/MIDI0310.SMG	620170	0x4BB45000	78816	0x1B9BC
sound/MIDI0311.SMG	620209	0x4BB58800	38400	0x1B9C8
sound/MIDI0312.SMG	620228	0x4BB62000	78816	0x1B9D4
sound/MIDI0313.SMG	620267	0x4BB75800	78816	0x1B9E0
sound/MIDI0314.SMG	620306	0x4BB89000	38400	0x1B9EC
sound/MIDI0315.SMG	620325	0x4BB92800	78816	0x1B9F8
sound/MIDI0316.SMG	620364	0x4BBA6000	38400	0x1BA04
sound/MIDI0317.SMG	620383	0x4BBAF800	78816	0x1BA10
sound/MIDI0318.SMG	620422	0x4BBC3000	99664	0x1BA1C
sound/MIDI0319.SMG	620471	0x4BBDB800	78816	0x1BA28
sound/MIDI031A.SMG	620510	0x4BBEF000	99680	0x1BA34
sound/MIDI031B.SMG	620559	0x4BC07800	78816	0x1BA40
sound/MIDI031C.SMG	620598	0x4BC1B000	9840	0x1BA4C
sound/MIDI031D.SMG	620603	0x4BC1D800	78816	0x1BA58
sound/MIDI031E.SMG	620642	0x4BC31000	78816	0x1BA64
sound/MIDI031F.SMG	620681	0x4BC44800	78816	0x1BA70
sound/MIDI0320.SMG	620720	0x4BC58000	9840	0x1BA7C
sound/MIDI0321.SMG	620725	0x4BC5A800	9840	0x1BA88
sound/MIDI0322.SMG	620730	0x4BC5D000	9840	0x1BA94
sound/MIDI0323.SMG	620735	0x4BC5F800	9840	0x1BAA0
sound/MIDI0324.SMG	620740	0x4BC62000	9840	0x1BAAC
sound/MIDI0325.SMG	620745	0x4BC64800	9840	0x1BAB8
sound/MIDI0326.SMG	620750	0x4BC67000	9840	0x1BAC4
sound/MIDI0327.SMG	620755	0x4BC69800	9840	0x1BAD0
sound/MIDI0328.SMG	620760	0x4BC6C000	9840	0x1BADC
sound/MIDI0329.SMG	620765	0x4BC6E800	9840	0x1BAE8
sound/MIDI032A.SMG	620770	0x4BC71000	9840	0x1BAF4
sound/MIDI032B.SMG	620775	0x4BC73800	9840	0x1BB00
sound/MIDI032C.SMG	620780	0x4BC76000	9840	0x1BB0C
sound/MIDI032D.SMG	620785	0x4BC78800	9840	0x1BB18
sound/MIDI032E.SMG	620790	0x4BC7B000	9840	0x1BB24
sound/MIDI032F.SMG	620795	0x4BC7D800	9840	0x1BB30
sound/MIDI0330.SMG	620800	0x4BC80000	9840	0x1BB3C
sound/MIDI0331.SMG	620805	0x4BC82800	9840	0x1BB48
sound/MIDI0332.SMG	620810	0x4BC85000	9840	0x1BB54
sound/MIDI0333.SMG	620815	0x4BC87800	9840	0x1BB60
sound/MIDI0334.SMG	620820	0x4BC8A000	9840	0x1BB6C
sound/MIDI0335.SMG	620825	0x4BC8C800	9840	0x1BB78
sound/MIDI0336.SMG	620830	0x4BC8F000	9840	0x1BB84
sound/MIDI0337.SMG	620835	0x4BC91800	9840	0x1BB90
sound/MIDI0338.SMG	620840	0x4BC94000	9840	0x1BB9C
sound/MIDI0339.SMG	620845	0x4BC96800	9840	0x1BBA8
sound/MIDI033A.SMG	620850	0x4BC99000	9840	0x1BBB4
sound/MIDI033B.SMG	620855	0x4BC9B800	9840	0x1BBC0
sound/MIDI033C.SMG	620860	0x4BC9E000	9840	0x1BBCC
sound/MIDI033D.SMG	620865	0x4BCA0800	9840	0x1BBD8
sound/MIDI033E.SMG	620870	0x4BCA3000	9840	0x1BBE4
sound/MIDI033F.SMG	620875	0x4BCA5800	9840	0x1BBF0
sound/MIDI0340.SMG	620880	0x4BCA8000	9840	0x1BBFC
sound/MIDI0341.SMG	620885	0x4BCAA800	9840	0x1BC08
sound/MIDI0342.SMG	620890	0x4BCAD000	9840	0x1BC14
sound/MIDI0343.SMG	620895	0x4BCAF800	9840	0x1BC20
sound/MIDI0344.SMG	620900	0x4BCB2000	9840	0x1BC2C
sound/MIDI0345.SMG	620905	0x4BCB4800	9840	0x1BC38
sound/MIDI0346.SMG	620910	0x4BCB7000	9840	0x1BC44
sound/MIDI0347.SMG	620915	0x4BCB9800	9840	0x1BC50
sound/MIDI0348.SMG	620920	0x4BCBC000	9840	0x1BC5C
sound/MIDI0349.SMG	620925	0x4BCBE800	9840	0x1BC68
sound/MIDI034A.SMG	620930	0x4BCC1000	9840	0x1BC74
sound/MIDI034B.SMG	620935	0x4BCC3800	9840	0x1BC80
sound/MIDI034C.SMG	620940	0x4BCC6000	9840	0x1BC8C
sound/MIDI034D.SMG	620945	0x4BCC8800	9840	0x1BC98
sound/MIDI034E.SMG	620950	0x4BCCB000	9840	0x1BCA4
sound/MIDI034F.SMG	620955	0x4BCCD800	9840	0x1BCB0
sound/MIDI0350.SMG	620960	0x4BCD0000	55184	0x1BCBC
sound/MIDI0351.SMG	620987	0x4BCDD800	55184	0x1BCC8
sound/MIDI0352.SMG	621014	0x4BCEB000	55184	0x1BCD4
sound/MIDI0353.SMG	621041	0x4BCF8800	55184	0x1BCE0
sound/MIDI0354.SMG	621068	0x4BD06000	55184	0x1BCEC
sound/MIDI0355.SMG	621095	0x4BD13800	55184	0x1BCF8
sound/MIDI0356.SMG	621122	0x4BD21000	55184	0x1BD04
sound/MIDI0357.SMG	621149	0x4BD2E800	55184	0x1BD10
sound/MIDI0358.SMG	621176	0x4BD3C000	55184	0x1BD1C
sound/MIDI0359.SMG	621203	0x4BD49800	55184	0x1BD28
sound/MIDI035A.SMG	621230	0x4BD57000	55184	0x1BD34
sound/MIDI035B.SMG	621257	0x4BD64800	55184	0x1BD40
sound/MIDI035C.SMG	621284	0x4BD72000	55184	0x1BD4C
sound/MIDI035D.SMG	621311	0x4BD7F800	72128	0x1BD58
sound/MIDI035E.SMG	621347	0x4BD91800	72128	0x1BD64
sound/MIDI035F.SMG	621383	0x4BDA3800	72128	0x1BD70
sound/MIDI0360.SMG	621419	0x4BDB5800	72128	0x1BD7C
sound/MIDI0361.SMG	621455	0x4BDC7800	72128	0x1BD88
sound/MIDI0362.SMG	621491	0x4BDD9800	72128	0x1BD94
sound/MIDI0363.SMG	621527	0x4BDEB800	80784	0x1BDA0
sound/MIDI0364.SMG	621567	0x4BDFF800	80784	0x1BDAC
sound/MIDI0365.SMG	621607	0x4BE13800	80784	0x1BDB8
sound/MIDI0366.SMG	621647	0x4BE27800	80784	0x1BDC4
sound/MIDI0367.SMG	621687	0x4BE3B800	80784	0x1BDD0
sound/MIDI0368.SMG	621727	0x4BE4F800	80784	0x1BDDC
sound/MIDI0369.SMG	621767	0x4BE63800	80784	0x1BDE8
sound/MIDI036A.SMG	621807	0x4BE77800	80784	0x1BDF4
sound/MIDI036B.SMG	621847	0x4BE8B800	55184	0x1BE00
sound/MIDI036C.SMG	621874	0x4BE99000	80784	0x1BE0C
sound/MIDI036D.SMG	621914	0x4BEAD000	80784	0x1BE18
sound/MIDI036E.SMG	621954	0x4BEC1000	9840	0x1BE24
sound/MIDI036F.SMG	621959	0x4BEC3800	9840	0x1BE30
sound/MIDI0370.SMG	621964	0x4BEC6000	21392	0x1BE3C
sound/MIDI0371.SMG	621975	0x4BECB800	44496	0x1BE48
sound/MIDI0372.SMG	621997	0x4BED6800	61344	0x1BE54
sound/MIDI0373.SMG	622027	0x4BEE5800	61344	0x1BE60
sound/MIDI0374.SMG	622057	0x4BEF4800	61344	0x1BE6C
sound/MIDI0375.SMG	622087	0x4BF03800	90912	0x1BE78
sound/MIDI0376.SMG	622132	0x4BF1A000	66608	0x1BE84
sound/MIDI0377.SMG	622165	0x4BF2A800	62768	0x1BE90
sound/MIDI0378.SMG	622196	0x4BF3A000	86864	0x1BE9C
sound/MIDI0379.SMG	622239	0x4BF4F800	72448	0x1BEA8
sound/MIDI037A.SMG	622275	0x4BF61800	72448	0x1BEB4
sound/MIDI037B.SMG	622311	0x4BF73800	9840	0x1BEC0
sound/MIDI037C.SMG	622316	0x4BF76000	88448	0x1BECC
sound/MIDI037D.SMG	622360	0x4BF8C000	9840	0x1BED8
sound/MIDI037E.SMG	622365	0x4BF8E800	9840	0x1BEE4
sound/MIDI037F.SMG	622370	0x4BF91000	88448	0x1BEF0
sound/MIDI0380.SMG	622414	0x4BFA7000	44800	0x1BEFC
sound/MIDI0381.SMG	622436	0x4BFB2000	61872	0x1BF08
sound/MIDI0382.SMG	622467	0x4BFC1800	72192	0x1BF14
sound/MIDI0383.SMG	622503	0x4BFD3800	9840	0x1BF20
sound/MIDI0384.SMG	622508	0x4BFD6000	87824	0x1BF2C
sound/MIDI0385.SMG	622551	0x4BFEB800	55360	0x1BF38
sound/MIDI0386.SMG	622579	0x4BFF9800	70560	0x1BF44
sound/MIDI0387.SMG	622614	0x4C00B000	65488	0x1BF50
sound/MIDI0388.SMG	622646	0x4C01B000	51760	0x1BF5C
sound/MIDI0389.SMG	622672	0x4C028000	25088	0x1BF68
sound/MIDI038A.SMG	622685	0x4C02E800	62720	0x1BF74
sound/MIDI038B.SMG	622716	0x4C03E000	9840	0x1BF80
sound/MIDI038C.SMG	622721	0x4C040800	72448	0x1BF8C
sound/MIDI038D.SMG	622757	0x4C052800	65664	0x1BF98
sound/MIDI038E.SMG	622790	0x4C063000	58336	0x1BFA4
sound/MIDI038F.SMG	622819	0x4C071800	91696	0x1BFB0
sound/MIDI0390.SMG	622864	0x4C088000	65648	0x1BFBC
sound/MIDI0391.SMG	622897	0x4C098800	91376	0x1BFC8
sound/MIDI0392.SMG	622942	0x4C0AF000	9840	0x1BFD4
sound/MIDI0393.SMG	622947	0x4C0B1800	9840	0x1BFE0
sound/MIDI0394.SMG	622952	0x4C0B4000	9840	0x1BFEC
sound/MIDI0395.SMG	622957	0x4C0B6800	9840	0x1BFF8
sound/MIDI0396.SMG	622962	0x4C0B9000	9840	0x1C004
sound/MIDI0397.SMG	622967	0x4C0BB800	9840	0x1C010
sound/MIDI0398.SMG	622972	0x4C0BE000	9840	0x1C01C
sound/MIDI0399.SMG	622977	0x4C0C0800	9840	0x1C028
sound/MIDI039A.SMG	622982	0x4C0C3000	9840	0x1C034
sound/MIDI039B.SMG	622987	0x4C0C5800	9840	0x1C040
sound/MIDI039C.SMG	622992	0x4C0C8000	9840	0x1C04C
sound/MIDI039D.SMG	622997	0x4C0CA800	9840	0x1C058
sound/MIDI039E.SMG	623002	0x4C0CD000	9840	0x1C064
sound/MIDI039F.SMG	623007	0x4C0CF800	9840	0x1C070
sound/MIDI03A0.SMG	623012	0x4C0D2000	41312	0x1C07C
sound/MIDI03A1.SMG	623033	0x4C0DC800	61344	0x1C088
sound/MIDI03A2.SMG	623063	0x4C0EB800	31120	0x1C094
sound/MIDI03A3.SMG	623079	0x4C0F3800	34848	0x1C0A0
sound/MIDI03A4.SMG	623097	0x4C0FC800	30688	0x1C0AC
sound/MIDI03A5.SMG	623112	0x4C104000	30688	0x1C0B8
sound/MIDI03A6.SMG	623127	0x4C10B800	60320	0x1C0C4
sound/MIDI03A7.SMG	623157	0x4C11A800	90272	0x1C0D0
sound/MIDI03A8.SMG	623202	0x4C131000	96464	0x1C0DC
sound/MIDI03A9.SMG	623250	0x4C149000	62720	0x1C0E8
sound/MIDI03AA.SMG	623281	0x4C158800	62720	0x1C0F4
sound/MIDI03AB.SMG	623312	0x4C168000	31120	0x1C100
sound/MIDI03AC.SMG	623328	0x4C170000	69680	0x1C10C
sound/MIDI03AD.SMG	623363	0x4C181800	96832	0x1C118
sound/MIDI03AE.SMG	623411	0x4C199800	31120	0x1C124
sound/MIDI03AF.SMG	623427	0x4C1A1800	9840	0x1C130
sound/MIDI03B0.SMG	623432	0x4C1A4000	79264	0x1C13C
sound/MIDI03B1.SMG	623471	0x4C1B7800	79296	0x1C148
sound/MIDI03B2.SMG	623510	0x4C1CB000	99168	0x1C154
sound/MIDI03B3.SMG	623559	0x4C1E3800	96544	0x1C160
sound/MIDI03B4.SMG	623607	0x4C1FB800	71840	0x1C16C
sound/MIDI03B5.SMG	623643	0x4C20D800	91392	0x1C178
sound/MIDI03B6.SMG	623688	0x4C224000	91648	0x1C184
sound/MIDI03B7.SMG	623733	0x4C23A800	96576	0x1C190
sound/MIDI03B8.SMG	623781	0x4C252800	61056	0x1C19C
sound/MIDI03B9.SMG	623811	0x4C261800	91168	0x1C1A8
sound/MIDI03BA.SMG	623856	0x4C278000	91152	0x1C1B4
sound/MIDI03BB.SMG	623901	0x4C28E800	84064	0x1C1C0
sound/MIDI03BC.SMG	623943	0x4C2A3800	68800	0x1C1CC
sound/MIDI03BD.SMG	623977	0x4C2B4800	99360	0x1C1D8
sound/MIDI03BE.SMG	624026	0x4C2CD000	99424	0x1C1E4
sound/MIDI03BF.SMG	624075	0x4C2E5800	98112	0x1C1F0
sound/MIDI03C0.SMG	624123	0x4C2FD800	54048	0x1C1FC
sound/MIDI03C1.SMG	624150	0x4C30B000	79280	0x1C208
sound/MIDI03C2.SMG	624189	0x4C31E800	98720	0x1C214
sound/MIDI03C3.SMG	624238	0x4C337000	77072	0x1C220
sound/MIDI03C4.SMG	624276	0x4C34A000	67920	0x1C22C
sound/MIDI03C5.SMG	624310	0x4C35B000	73632	0x1C238
sound/MIDI03C6.SMG	624346	0x4C36D000	95184	0x1C244
sound/MIDI03C7.SMG	624393	0x4C384800	9840	0x1C250
sound/MIDI03C8.SMG	624398	0x4C387000	98240	0x1C25C
sound/MIDI03C9.SMG	624446	0x4C39F000	98384	0x1C268
sound/MIDI03CA.SMG	624495	0x4C3B7800	9840	0x1C274
sound/MIDI03CB.SMG	624500	0x4C3BA000	9840	0x1C280
sound/MIDI03CC.SMG	624505	0x4C3BC800	9840	0x1C28C
sound/MIDI03CD.SMG	624510	0x4C3BF000	9840	0x1C298
sound/MIDI03CE.SMG	624515	0x4C3C1800	9840	0x1C2A4
sound/MIDI03CF.SMG	624520	0x4C3C4000	80880	0x1C2B0
sound/MIDI03D0.SMG	624560	0x4C3D8000	9840	0x1C2BC
sound/MIDI03D1.SMG	624565	0x4C3DA800	90896	0x1C2C8
sound/MIDI03D2.SMG	624610	0x4C3F1000	82800	0x1C2D4
sound/MIDI03D3.SMG	624651	0x4C405800	86144	0x1C2E0
sound/MIDI03D4.SMG	624694	0x4C41B000	81552	0x1C2EC
sound/MIDI03D5.SMG	624734	0x4C42F000	89744	0x1C2F8
sound/MIDI03D6.SMG	624778	0x4C445000	90336	0x1C304
sound/MIDI03D7.SMG	624823	0x4C45B800	98352	0x1C310
sound/MIDI03D8.SMG	624872	0x4C474000	97520	0x1C31C
sound/MIDI03D9.SMG	624920	0x4C48C000	9840	0x1C328
sound/MIDI03DA.SMG	624925	0x4C48E800	59376	0x1C334
sound/MIDI03DB.SMG	624954	0x4C49D000	9840	0x1C340
sound/MIDI03DC.SMG	624959	0x4C49F800	91984	0x1C34C
sound/MIDI03DD.SMG	625004	0x4C4B6000	92496	0x1C358
sound/MIDI03DE.SMG	625050	0x4C4CD000	96272	0x1C364
sound/MIDI03DF.SMG	625098	0x4C4E5000	91024	0x1C370
sound/MIDI03E0.SMG	625143	0x4C4FB800	92352	0x1C37C
sound/MIDI03E1.SMG	625189	0x4C512800	74816	0x1C388
sound/MIDI03E2.SMG	625226	0x4C525000	94496	0x1C394
sound/MIDI03E3.SMG	625273	0x4C53C800	94576	0x1C3A0
sound/MIDI03E4.SMG	625320	0x4C554000	100608	0x1C3AC
sound/MIDI03E5.SMG	625370	0x4C56D000	100608	0x1C3B8
sound/MIDI03E6.SMG	625420	0x4C586000	100608	0x1C3C4
sound/MIDI03E7.SMG	625470	0x4C59F000	100384	0x1C3D0
sound/MIDI03E8.SMG	625520	0x4C5B8000	100384	0x1C3DC
sound/MIDI03E9.SMG	625570	0x4C5D1000	100384	0x1C3E8
sound/MIDI03EA.SMG	625620	0x4C5EA000	95376	0x1C3F4
sound/MIDI03EB.SMG	625667	0x4C601800	95376	0x1C400
sound/MIDI03EC.SMG	625714	0x4C619000	95376	0x1C40C
sound/MIDI03ED.SMG	625761	0x4C630800	94016	0x1C418
sound/MIDI03EE.SMG	625807	0x4C647800	94016	0x1C424
sound/MIDI03EF.SMG	625853	0x4C65E800	94016	0x1C430
sound/MIDI03F0.SMG	625899	0x4C675800	9840	0x1C43C
sound/MIDI03F1.SMG	625904	0x4C678000	9840	0x1C448
sound/MIDI03F2.SMG	625909	0x4C67A800	9840	0x1C454
sound/MIDI03F3.SMG	625914	0x4C67D000	83936	0x1C460
sound/MIDI03F4.SMG	625955	0x4C691800	67920	0x1C46C
sound/MIDI03F5.SMG	625989	0x4C6A2800	80784	0x1C478
sound/MIDI03F6.SMG	626029	0x4C6B6800	80784	0x1C484
sound/MIDI03F7.SMG	626069	0x4C6CA800	38400	0x1C490
sound/MIDI03F8.SMG	626088	0x4C6D4000	78816	0x1C49C
sound/MIDI03F9.SMG	626127	0x4C6E7800	99664	0x1C4A8
sound/MIDI03FA.SMG	626176	0x4C700000	42224	0x1C4B4
sound/MIDI03FB.SMG	626197	0x4C70A800	52144	0x1C4C0
sound/MIDI03FC.SMG	626223	0x4C717800	52144	0x1C4CC
sound/MIDI03FD.SMG	626249	0x4C724800	98144	0x1C4D8
sound/MIDI03FE.SMG	626297	0x4C73C800	98048	0x1C4E4
sound/MIDI03FF.SMG	626345	0x4C754800	82832	0x1C4F0
sound/MIDI0400.SMG	626386	0x4C769000	19712	0x1C4FC
sound/MIDI0401.SMG	626396	0x4C76E000	19712	0x1C508
sound/MIDI0402.SMG	626406	0x4C773000	19712	0x1C514
sound/MIDI0403.SMG	626416	0x4C778000	19712	0x1C520
sound/MIDI0404.SMG	626426	0x4C77D000	19712	0x1C52C
sound/MIDI0405.SMG	626436	0x4C782000	19712	0x1C538
sound/MIDI0406.SMG	626446	0x4C787000	19712	0x1C544
sound/MIDI0407.SMG	626456	0x4C78C000	19712	0x1C550
sound/MIDI0408.SMG	626466	0x4C791000	19712	0x1C55C
sound/MIDI0409.SMG	626476	0x4C796000	19712	0x1C568
sound/MIDI040A.SMG	626486	0x4C79B000	19712	0x1C574
sound/MIDI040B.SMG	626496	0x4C7A0000	19712	0x1C580
sound/MIDI040C.SMG	626506	0x4C7A5000	19712	0x1C58C
sound/MIDI040D.SMG	626516	0x4C7AA000	19712	0x1C598
sound/MIDI040E.SMG	626526	0x4C7AF000	19712	0x1C5A4
sound/MIDI040F.SMG	626536	0x4C7B4000	19712	0x1C5B0
sound/MIDI0410.SMG	626546	0x4C7B9000	19712	0x1C5BC
sound/MIDI0411.SMG	626556	0x4C7BE000	19712	0x1C5C8
sound/MIDI0412.SMG	626566	0x4C7C3000	19712	0x1C5D4
sound/MIDI0413.SMG	626576	0x4C7C8000	19712	0x1C5E0
sound/MIDI0414.SMG	626586	0x4C7CD000	19712	0x1C5EC
sound/MIDI0415.SMG	626596	0x4C7D2000	19712	0x1C5F8
sound/MIDI0416.SMG	626606	0x4C7D7000	19712	0x1C604
sound/MIDI0417.SMG	626616	0x4C7DC000	19712	0x1C610
sound/MIDI0418.SMG	626626	0x4C7E1000	19712	0x1C61C
sound/MIDI0419.SMG	626636	0x4C7E6000	19712	0x1C628
sound/MIDI041A.SMG	626646	0x4C7EB000	19712	0x1C634
sound/MIDI041B.SMG	626656	0x4C7F0000	19712	0x1C640
sound/MIDI041C.SMG	626666	0x4C7F5000	19712	0x1C64C
sound/MIDI041D.SMG	626676	0x4C7FA000	19712	0x1C658
sound/MIDI041E.SMG	626686	0x4C7FF000	19712	0x1C664
sound/MIDI041F.SMG	626696	0x4C804000	19712	0x1C670
sound/MIDI0420.SMG	626706	0x4C809000	19712	0x1C67C
sound/MIDI0421.SMG	626716	0x4C80E000	19712	0x1C688
sound/MIDI0422.SMG	626726	0x4C813000	19712	0x1C694
sound/MIDI0423.SMG	626736	0x4C818000	19712	0x1C6A0
sound/MIDI0424.SMG	626746	0x4C81D000	19712	0x1C6AC
sound/MIDI0425.SMG	626756	0x4C822000	19712	0x1C6B8
sound/MIDI0426.SMG	626766	0x4C827000	19712	0x1C6C4
sound/MIDI0427.SMG	626776	0x4C82C000	19712	0x1C6D0
sound/MIDI0428.SMG	626786	0x4C831000	19712	0x1C6DC
sound/MIDI0429.SMG	626796	0x4C836000	19712	0x1C6E8
sound/MIDI042A.SMG	626806	0x4C83B000	19712	0x1C6F4
sound/MIDI042B.SMG	626816	0x4C840000	19712	0x1C700
sound/MIDI042C.SMG	626826	0x4C845000	19712	0x1C70C
sound/MIDI042D.SMG	626836	0x4C84A000	19712	0x1C718
sound/MIDI042E.SMG	626846	0x4C84F000	19712	0x1C724
sound/MIDI042F.SMG	626856	0x4C854000	19712	0x1C730
sound/MIDI0430.SMG	626866	0x4C859000	19712	0x1C73C
sound/MIDI0431.SMG	626876	0x4C85E000	19712	0x1C748
sound/MIDI0520.SMG	626886	0x4C863000	35920	0x1C754
sound/MIDI0521.SMG	626904	0x4C86C000	6560	0x1C760
sound/MIDI0522.SMG	626908	0x4C86E000	23840	0x1C76C
sound/MIDI0523.SMG	626920	0x4C874000	17392	0x1C778
sound/MIDI0524.SMG	626929	0x4C878800	17392	0x1C784
sound/MIDI0560.SMG	626938	0x4C87D000	22864	0x1C790
sound/MIDI0561.SMG	626950	0x4C883000	6560	0x1C79C
sound/MIDI0562.SMG	626954	0x4C885000	9008	0x1C7A8
sound/MIDI0563.SMG	626959	0x4C887800	27296	0x1C7B4
sound/MIDI0564.SMG	626973	0x4C88E800	19360	0x1C7C0
sound/MIDI0580.SMG	626983	0x4C893800	26208	0x1C7CC
sound/MIDI0581.SMG	626996	0x4C89A000	6560	0x1C7D8
sound/MIDI0582.SMG	627000	0x4C89C000	32272	0x1C7E4
sound/MIDI0583.SMG	627016	0x4C8A4000	25376	0x1C7F0
sound/MIDI0584.SMG	627029	0x4C8AA800	23296	0x1C7FC
sound/MIDI05A0.SMG	627041	0x4C8B0800	17280	0x1C808
sound/MIDI05A1.SMG	627050	0x4C8B5000	6560	0x1C814
sound/MIDI05A2.SMG	627054	0x4C8B7000	22512	0x1C820
sound/MIDI05A3.SMG	627065	0x4C8BC800	4896	0x1C82C
sound/MIDI05A4.SMG	627068	0x4C8BE000	4896	0x1C838
sound/MIDI05C0.SMG	627071	0x4C8BF800	41056	0x1C844
sound/MIDI05C1.SMG	627092	0x4C8CA000	6560	0x1C850
sound/MIDI05C2.SMG	627096	0x4C8CC000	15872	0x1C85C
sound/MIDI05C3.SMG	627104	0x4C8D0000	17856	0x1C868
sound/MIDI05C4.SMG	627113	0x4C8D4800	17072	0x1C874
sound/MIDI0720.SMG	627122	0x4C8D9000	28304	0x1C880
sound/MIDI0721.SMG	627136	0x4C8E0000	26512	0x1C88C
sound/MIDI0722.SMG	627149	0x4C8E6800	17344	0x1C898
sound/MIDI0723.SMG	627158	0x4C8EB000	36928	0x1C8A4
sound/MIDI0724.SMG	627177	0x4C8F4800	34096	0x1C8B0
sound/MIDI0725.SMG	627194	0x4C8FD000	18928	0x1C8BC
sound/MIDI0726.SMG	627204	0x4C902000	21264	0x1C8C8
sound/MIDI0727.SMG	627215	0x4C907800	37136	0x1C8D4
sound/MIDI0728.SMG	627234	0x4C911000	34096	0x1C8E0
sound/MIDI0729.SMG	627251	0x4C919800	24928	0x1C8EC
sound/MIDI072A.SMG	627264	0x4C920000	40176	0x1C8F8
sound/MIDI072B.SMG	627284	0x4C92A000	24720	0x1C904
sound/MIDI0760.SMG	627297	0x4C930800	25664	0x1C910
sound/MIDI0761.SMG	627310	0x4C937000	31248	0x1C91C
sound/MIDI0762.SMG	627326	0x4C93F000	18496	0x1C928
sound/MIDI0763.SMG	627336	0x4C944000	19936	0x1C934
sound/MIDI0764.SMG	627346	0x4C949000	28144	0x1C940
sound/MIDI0765.SMG	627360	0x4C950000	27312	0x1C94C
sound/MIDI0766.SMG	627374	0x4C957000	31024	0x1C958
sound/MIDI0767.SMG	627390	0x4C95F000	34256	0x1C964
sound/MIDI0768.SMG	627407	0x4C967800	31024	0x1C970
sound/MIDI0769.SMG	627423	0x4C96F800	30768	0x1C97C
sound/MIDI076A.SMG	627439	0x4C977800	29824	0x1C988
sound/MIDI076B.SMG	627454	0x4C97F000	22544	0x1C994
sound/MIDI0780.SMG	627466	0x4C985000	25936	0x1C9A0
sound/MIDI0781.SMG	627479	0x4C98B800	13008	0x1C9AC
sound/MIDI0782.SMG	627486	0x4C98F000	13488	0x1C9B8
sound/MIDI0783.SMG	627493	0x4C992800	42048	0x1C9C4
sound/MIDI0784.SMG	627514	0x4C99D000	42048	0x1C9D0
sound/MIDI0785.SMG	627535	0x4C9A7800	13136	0x1C9DC
sound/MIDI0786.SMG	627542	0x4C9AB000	12576	0x1C9E8
sound/MIDI0787.SMG	627549	0x4C9AE800	26464	0x1C9F4
sound/MIDI0788.SMG	627562	0x4C9B5000	6560	0x1CA00
sound/MIDI0789.SMG	627566	0x4C9B7000	34432	0x1CA0C
sound/MIDI078A.SMG	627583	0x4C9BF800	44272	0x1CA18
sound/MIDI078B.SMG	627605	0x4C9CA800	25248	0x1CA24
sound/MIDI07A0.SMG	627618	0x4C9D1000	39808	0x1CA30
sound/MIDI07A1.SMG	627638	0x4C9DB000	43632	0x1CA3C
sound/MIDI07A2.SMG	627660	0x4C9E6000	27008	0x1CA48
sound/MIDI07A3.SMG	627674	0x4C9ED000	32368	0x1CA54
sound/MIDI07A4.SMG	627690	0x4C9F5000	25296	0x1CA60
sound/MIDI07A5.SMG	627703	0x4C9FB800	12352	0x1CA6C
sound/MIDI07A6.SMG	627710	0x4C9FF000	6560	0x1CA78
sound/MIDI07A7.SMG	627714	0x4CA01000	13616	0x1CA84
sound/MIDI07A8.SMG	627721	0x4CA04800	27008	0x1CA90
sound/MIDI07A9.SMG	627735	0x4CA0B800	38992	0x1CA9C
sound/MIDI07AA.SMG	627755	0x4CA15800	25296	0x1CAA8
sound/MIDI07C0.SMG	627768	0x4CA1C000	21072	0x1CAB4
sound/MIDI07C1.SMG	627779	0x4CA21800	32848	0x1CAC0
sound/MIDI07C2.SMG	627796	0x4CA2A000	27776	0x1CACC
sound/MIDI07C3.SMG	627810	0x4CA31000	25248	0x1CAD8
sound/MIDI07C4.SMG	627823	0x4CA37800	39760	0x1CAE4
sound/MIDI07C5.SMG	627843	0x4CA41800	13584	0x1CAF0
sound/MIDI07C6.SMG	627850	0x4CA45000	13584	0x1CAFC
sound/MIDI07C7.SMG	627857	0x4CA48800	34096	0x1CB08
sound/MIDI07C8.SMG	627874	0x4CA51000	13584	0x1CB14
sound/MIDI07C9.SMG	627881	0x4CA54800	33856	0x1CB20
sound/MIDI07CA.SMG	627898	0x4CA5D000	40560	0x1CB2C
sound/MIDI07CB.SMG	627918	0x4CA67000	19376	0x1CB38
sound/MIDI08E0.SMG	627928	0x4CA6C000	18688	0x1CB44
sound/MIDI08E1.SMG	627938	0x4CA71000	34944	0x1CB50
sound/MIDI08E2.SMG	627956	0x4CA7A000	34432	0x1CB5C
sound/MIDI08E3.SMG	627973	0x4CA82800	36512	0x1CB68
sound/MIDI0900.SMG	627991	0x4CA8B800	23776	0x1CB74
sound/MIDI0901.SMG	628003	0x4CA91800	34448	0x1CB80
sound/MIDI0902.SMG	628020	0x4CA9A000	34448	0x1CB8C
sound/MIDI0903.SMG	628037	0x4CAA2800	48880	0x1CB98
sound/MIDI0904.SMG	628061	0x4CAAE800	47344	0x1CBA4
sound/MIDI0905.SMG	628085	0x4CABA800	34448	0x1CBB0
sound/MIDI0906.SMG	628102	0x4CAC3000	21104	0x1CBBC
sound/MIDI0907.SMG	628113	0x4CAC8800	29408	0x1CBC8
sound/MIDI0908.SMG	628128	0x4CAD0000	9216	0x1CBD4
sound/MIDI0909.SMG	628133	0x4CAD2800	23776	0x1CBE0
sound/MIDI090A.SMG	628145	0x4CAD8800	23776	0x1CBEC
sound/MIDI090B.SMG	628157	0x4CADE800	38208	0x1CBF8
sound/MIDI090C.SMG	628176	0x4CAE8000	22208	0x1CC04
sound/MIDI090D.SMG	628187	0x4CAED800	27056	0x1CC10
sound/MIDI090E.SMG	628201	0x4CAF4800	23776	0x1CC1C
sound/MIDI090F.SMG	628213	0x4CAFA800	7712	0x1CC28
sound/MIDI0910.SMG	628217	0x4CAFC800	13664	0x1CC34
sound/MIDI0911.SMG	628224	0x4CB00000	29632	0x1CC40
sound/MIDI0912.SMG	628239	0x4CB07800	23536	0x1CC4C
sound/MIDI1000.SMG	628251	0x4CB0D800	10416	0x1CC58
sound/MIDI1001.SMG	628257	0x4CB10800	24800	0x1CC64
sound/MIDI1002.SMG	628270	0x4CB17000	22272	0x1CC70
sound/MIDI1003.SMG	628281	0x4CB1C800	57152	0x1CC7C
sound/MIDI1004.SMG	628309	0x4CB2A800	38784	0x1CC88
sound/MIDI1005.SMG	628328	0x4CB34000	24080	0x1CC94
sound/MIDI1006.SMG	628340	0x4CB3A000	20432	0x1CCA0
sound/MIDI1007.SMG	628350	0x4CB3F000	10640	0x1CCAC
sound/MIDI1008.SMG	628356	0x4CB42000	48000	0x1CCB8
sound/MIDI1009.SMG	628380	0x4CB4E000	47792	0x1CCC4
sound/MIDI100A.SMG	628404	0x4CB5A000	33456	0x1CCD0
sound/MIDI100B.SMG	628421	0x4CB62800	57440	0x1CCDC
sound/MIDI100C.SMG	628450	0x4CB71000	18384	0x1CCE8
sound/MIDI100D.SMG	628459	0x4CB75800	17280	0x1CCF4
sound/MIDI100E.SMG	628468	0x4CB7A000	19984	0x1CD00
sound/MIDI1010.SMG	628478	0x4CB7F000	10416	0x1CD0C
sound/MIDI1011.SMG	628484	0x4CB82000	24800	0x1CD18
sound/MIDI1012.SMG	628497	0x4CB88800	13504	0x1CD24
sound/MIDI1020.SMG	628504	0x4CB8C000	12800	0x1CD30
sound/MIDI1021.SMG	628511	0x4CB8F800	26928	0x1CD3C
sound/MIDI1022.SMG	628525	0x4CB96800	36320	0x1CD48
sound/MIDI1023.SMG	628543	0x4CB9F800	38768	0x1CD54
sound/MIDI1030.SMG	628562	0x4CBA9000	10896	0x1CD60
sound/MIDI1031.SMG	628568	0x4CBAC000	17584	0x1CD6C
sound/MIDI1032.SMG	628577	0x4CBB0800	42768	0x1CD78
sound/MIDI1040.SMG	628598	0x4CBBB000	14896	0x1CD84
sound/MIDI1041.SMG	628606	0x4CBBF000	29504	0x1CD90
sound/MIDI1042.SMG	628621	0x4CBC6800	22896	0x1CD9C
sound/MIDI1043.SMG	628633	0x4CBCC800	15376	0x1CDA8
sound/MIDI1050.SMG	628641	0x4CBD0800	11984	0x1CDB4
sound/MIDI1051.SMG	628647	0x4CBD3800	27104	0x1CDC0
sound/MIDI1052.SMG	628661	0x4CBDA800	27296	0x1CDCC
sound/MIDI1053.SMG	628675	0x4CBE1800	23824	0x1CDD8
sound/MIDI1060.SMG	628687	0x4CBE7800	29296	0x1CDE4
sound/MIDI1061.SMG	628702	0x4CBEF000	48544	0x1CDF0
sound/MIDI1062.SMG	628726	0x4CBFB000	30352	0x1CDFC
sound/MIDI1063.SMG	628741	0x4CC02800	32928	0x1CE08
sound/MIDI1070.SMG	628758	0x4CC0B000	19296	0x1CE14
sound/MIDI1071.SMG	628768	0x4CC10000	34256	0x1CE20
sound/MIDI1072.SMG	628785	0x4CC18800	14992	0x1CE2C
sound/MIDI1080.SMG	628793	0x4CC1C800	48544	0x1CE38
sound/MIDI1081.SMG	628817	0x4CC28800	40960	0x1CE44
sound/MIDI1082.SMG	628837	0x4CC32800	40960	0x1CE50
sound/MIDI1083.SMG	628857	0x4CC3C800	48544	0x1CE5C
sound/MIDI1084.SMG	628881	0x4CC48800	47040	0x1CE68
sound/MIDI1090.SMG	628904	0x4CC54000	24592	0x1CE74
sound/MIDI1091.SMG	628917	0x4CC5A800	37040	0x1CE80
sound/MIDI1092.SMG	628936	0x4CC64000	24864	0x1CE8C
sound/MIDI1093.SMG	628949	0x4CC6A800	24592	0x1CE98
sound/MIDI10A0.SMG	628962	0x4CC71000	23360	0x1CEA4
sound/MIDI10A1.SMG	628974	0x4CC77000	19616	0x1CEB0
sound/MIDI10A2.SMG	628984	0x4CC7C000	23360	0x1CEBC
sound/MIDI10A3.SMG	628996	0x4CC82000	35376	0x1CEC8
sound/MIDI10B0.SMG	629014	0x4CC8B000	25872	0x1CED4
sound/MIDI10B1.SMG	629027	0x4CC91800	38176	0x1CEE0
sound/MIDI10B2.SMG	629046	0x4CC9B000	11120	0x1CEEC
sound/MIDI10B3.SMG	629052	0x4CC9E000	46992	0x1CEF8
sound/MIDI10C0.SMG	629075	0x4CCA9800	15104	0x1CF04
sound/MIDI10C1.SMG	629083	0x4CCAD800	25520	0x1CF10
sound/MIDI10C2.SMG	629096	0x4CCB4000	24416	0x1CF1C
sound/MIDI10C3.SMG	629108	0x4CCBA000	22144	0x1CF28
sound/MIDI10D0.SMG	629119	0x4CCBF800	20160	0x1CF34
sound/MIDI10D1.SMG	629129	0x4CCC4800	37936	0x1CF40
sound/MIDI10D2.SMG	629148	0x4CCCE000	37072	0x1CF4C
sound/MIDI10D3.SMG	629167	0x4CCD7800	32912	0x1CF58
sound/MIDI10E0.SMG	629184	0x4CCE0000	25904	0x1CF64
sound/MIDI10E1.SMG	629197	0x4CCE6800	45840	0x1CF70
sound/MIDI10E2.SMG	629220	0x4CCF2000	36336	0x1CF7C
sound/MIDI10E3.SMG	629238	0x4CCFB000	25904	0x1CF88
sound/MIDI10F0.SMG	629251	0x4CD01800	27584	0x1CF94
sound/MIDI10F1.SMG	629265	0x4CD08800	21120	0x1CFA0
sound/MIDI10F2.SMG	629276	0x4CD0E000	21792	0x1CFAC
sound/MIDI10F3.SMG	629287	0x4CD13800	27584	0x1CFB8
sound/MIDI1100.SMG	629301	0x4CD1A800	22720	0x1CFC4
sound/MIDI1101.SMG	629313	0x4CD20800	13440	0x1CFD0
sound/MIDI1102.SMG	629320	0x4CD24000	42992	0x1CFDC
sound/MIDI1103.SMG	629341	0x4CD2E800	28800	0x1CFE8
sound/MIDI1110.SMG	629356	0x4CD36000	31296	0x1CFF4
sound/MIDI1111.SMG	629372	0x4CD3E000	36640	0x1D000
sound/MIDI1112.SMG	629390	0x4CD47000	36224	0x1D00C
sound/MIDI1120.SMG	629408	0x4CD50000	25552	0x1D018
sound/MIDI1121.SMG	629421	0x4CD56800	20432	0x1D024
sound/MIDI1122.SMG	629431	0x4CD5B800	19472	0x1D030
sound/MIDI1123.SMG	629441	0x4CD60800	25552	0x1D03C
sound/MIDI1130.SMG	629454	0x4CD67000	12352	0x1D048
sound/MIDI1131.SMG	629461	0x4CD6A800	15744	0x1D054
sound/MIDI1132.SMG	629469	0x4CD6E800	12352	0x1D060
sound/MIDI1133.SMG	629476	0x4CD72000	8064	0x1D06C
sound/MIDI1140.SMG	629480	0x4CD74000	30448	0x1D078
sound/MIDI1141.SMG	629495	0x4CD7B800	30480	0x1D084
sound/MIDI1142.SMG	629510	0x4CD83000	30448	0x1D090
sound/MIDI1143.SMG	629525	0x4CD8A800	19376	0x1D09C
sound/MIDI1150.SMG	629535	0x4CD8F800	28448	0x1D0A8
sound/MIDI1151.SMG	629549	0x4CD96800	43296	0x1D0B4
sound/MIDI1152.SMG	629571	0x4CDA1800	42208	0x1D0C0
sound/MIDI1153.SMG	629592	0x4CDAC000	33776	0x1D0CC
sound/MIDI1160.SMG	629609	0x4CDB4800	33520	0x1D0D8
sound/MIDI1161.SMG	629626	0x4CDBD000	43344	0x1D0E4
sound/MIDI1162.SMG	629648	0x4CDC8000	43344	0x1D0F0
sound/MIDI1163.SMG	629670	0x4CDD3000	33536	0x1D0FC
sound/MIDI1170.SMG	629687	0x4CDDB800	12352	0x1D108
sound/MIDI1171.SMG	629694	0x4CDDF000	23488	0x1D114
sound/MIDI1172.SMG	629706	0x4CDE5000	20576	0x1D120
sound/MIDI1180.SMG	629717	0x4CDEA800	21088	0x1D12C
sound/MIDI1181.SMG	629728	0x4CDF0000	16096	0x1D138
sound/MIDI1182.SMG	629736	0x4CDF4000	21088	0x1D144
sound/MIDI1183.SMG	629747	0x4CDF9800	29120	0x1D150
sound/MIDI1190.SMG	629762	0x4CE01000	15952	0x1D15C
sound/MIDI1191.SMG	629770	0x4CE05000	17024	0x1D168
sound/MIDI1192.SMG	629779	0x4CE09800	24448	0x1D174
sound/MIDI11A0.SMG	629791	0x4CE0F800	33520	0x1D180
sound/MIDI11A1.SMG	629808	0x4CE18000	43344	0x1D18C
sound/MIDI11A2.SMG	629830	0x4CE23000	43344	0x1D198
sound/MIDI11A3.SMG	629852	0x4CE2E000	33536	0x1D1A4
sound/MIDI11B0.SMG	629869	0x4CE36800	32896	0x1D1B0
sound/MIDI11B1.SMG	629886	0x4CE3F000	29488	0x1D1BC
sound/MIDI11B2.SMG	629901	0x4CE46800	32896	0x1D1C8
sound/MIDI11C0.SMG	629918	0x4CE4F000	19376	0x1D1D4
sound/MIDI11C1.SMG	629928	0x4CE54000	9376	0x1D1E0
sound/MIDI11C2.SMG	629933	0x4CE56800	16208	0x1D1EC
sound/MIDI11C3.SMG	629941	0x4CE5A800	19376	0x1D1F8
sound/MIDI11D0.SMG	629951	0x4CE5F800	32000	0x1D204
sound/MIDI11D1.SMG	629967	0x4CE67800	36048	0x1D210
sound/MIDI11D2.SMG	629985	0x4CE70800	24224	0x1D21C
sound/MIDI11D3.SMG	629997	0x4CE76800	28848	0x1D228
sound/MIDI11D4.SMG	630012	0x4CE7E000	32160	0x1D234
sound/MIDI11E0.SMG	630028	0x4CE86000	21152	0x1D240
sound/MIDI11E1.SMG	630039	0x4CE8B800	44800	0x1D24C
sound/MIDI11E2.SMG	630061	0x4CE96800	41664	0x1D258
sound/MIDI11E3.SMG	630082	0x4CEA1000	21152	0x1D264
sound/MIDI11F0.SMG	630093	0x4CEA6800	19936	0x1D270
sound/MIDI11F1.SMG	630103	0x4CEAB800	19936	0x1D27C
sound/MIDI11F2.SMG	630113	0x4CEB0800	41552	0x1D288
sound/MIDI11F3.SMG	630134	0x4CEBB000	23504	0x1D294
sound/MIDI1200.SMG	630146	0x4CEC1000	35424	0x1D2A0
sound/MIDI1201.SMG	630164	0x4CECA000	37520	0x1D2AC
sound/MIDI1202.SMG	630183	0x4CED3800	35424	0x1D2B8
sound/MIDI1203.SMG	630201	0x4CEDC800	28880	0x1D2C4
sound/MIDI1204.SMG	630216	0x4CEE4000	26832	0x1D2D0
sound/MIDI1210.SMG	630230	0x4CEEB000	30384	0x1D2DC
sound/MIDI1211.SMG	630245	0x4CEF2800	37040	0x1D2E8
sound/MIDI1212.SMG	630264	0x4CEFC000	30656	0x1D2F4
sound/MIDI1213.SMG	630279	0x4CF03800	30384	0x1D300
sound/MIDI1214.SMG	630294	0x4CF0B000	23712	0x1D30C
sound/MIDI1220.SMG	630306	0x4CF11000	35024	0x1D318
sound/MIDI1221.SMG	630324	0x4CF1A000	38864	0x1D324
sound/MIDI1222.SMG	630343	0x4CF23800	46720	0x1D330
sound/MIDI1223.SMG	630366	0x4CF2F000	30480	0x1D33C
sound/MIDI1224.SMG	630381	0x4CF36800	31680	0x1D348
sound/MIDI1230.SMG	630397	0x4CF3E800	30208	0x1D354
sound/MIDI1231.SMG	630412	0x4CF46000	48512	0x1D360
sound/MIDI1232.SMG	630436	0x4CF52000	30208	0x1D36C
sound/MIDI1233.SMG	630451	0x4CF59800	37792	0x1D378
sound/MIDI1240.SMG	630470	0x4CF63000	34336	0x1D384
sound/MIDI1241.SMG	630487	0x4CF6B800	41552	0x1D390
sound/MIDI1242.SMG	630508	0x4CF76000	34336	0x1D39C
sound/MIDI1250.SMG	630525	0x4CF7E800	48944	0x1D3A8
sound/MIDI1251.SMG	630549	0x4CF8A800	50576	0x1D3B4
sound/MIDI1252.SMG	630574	0x4CF97000	48944	0x1D3C0
sound/MIDI1260.SMG	630598	0x4CFA3000	38432	0x1D3CC
sound/MIDI1261.SMG	630617	0x4CFAC800	33920	0x1D3D8
sound/MIDI1262.SMG	630634	0x4CFB5000	33920	0x1D3E4
sound/MIDI1263.SMG	630651	0x4CFBD800	38432	0x1D3F0
sound/MIDI1264.SMG	630670	0x4CFC7000	33920	0x1D3FC
sound/MIDI1270.SMG	630687	0x4CFCF800	49664	0x1D408
sound/MIDI1271.SMG	630712	0x4CFDC000	40256	0x1D414
sound/MIDI1272.SMG	630732	0x4CFE6000	31072	0x1D420
sound/MIDI1273.SMG	630748	0x4CFEE000	20288	0x1D42C
sound/MIDI1280.SMG	630758	0x4CFF3000	15376	0x1D438
sound/MIDI1281.SMG	630766	0x4CFF7000	49136	0x1D444
sound/MIDI1282.SMG	630790	0x4D003000	49520	0x1D450
sound/MIDI1283.SMG	630815	0x4D00F800	15376	0x1D45C
sound/MIDI1290.SMG	630823	0x4D013800	8064	0x1D468
sound/MIDI1291.SMG	630827	0x4D015800	8064	0x1D474
sound/MIDI1292.SMG	630831	0x4D017800	14656	0x1D480
sound/MIDI1293.SMG	630839	0x4D01B800	34112	0x1D48C
sound/MIDI12A0.SMG	630856	0x4D024000	46176	0x1D498
sound/MIDI12A1.SMG	630879	0x4D02F800	46176	0x1D4A4
sound/MIDI12A2.SMG	630902	0x4D03B000	46176	0x1D4B0
sound/MIDI12A3.SMG	630925	0x4D046800	46176	0x1D4BC
sound/MIDI12B0.SMG	630948	0x4D052000	15744	0x1D4C8
sound/MIDI12B1.SMG	630956	0x4D056000	25664	0x1D4D4
sound/MIDI12B2.SMG	630969	0x4D05C800	15488	0x1D4E0
sound/MIDI12B3.SMG	630977	0x4D060800	34112	0x1D4EC
sound/MIDI12C0.SMG	630994	0x4D069000	15136	0x1D4F8
sound/MIDI12C1.SMG	631002	0x4D06D000	20736	0x1D504
sound/MIDI12C2.SMG	631013	0x4D072800	35056	0x1D510
sound/MIDI12C3.SMG	631031	0x4D07B800	30080	0x1D51C
sound/MIDI12D0.SMG	631046	0x4D083000	17136	0x1D528
sound/MIDI12D1.SMG	631055	0x4D087800	21456	0x1D534
sound/MIDI12D2.SMG	631066	0x4D08D000	24720	0x1D540
sound/MIDI12D3.SMG	631079	0x4D093800	46224	0x1D54C
sound/MIDI12E0.SMG	631102	0x4D09F000	5024	0x1D558
sound/MIDI12E1.SMG	631105	0x4D0A0800	42880	0x1D564
sound/MIDI12E2.SMG	631126	0x4D0AB000	5024	0x1D570
sound/MIDI12E3.SMG	631129	0x4D0AC800	19936	0x1D57C
sound/MIDI12F0.SMG	631139	0x4D0B1800	27152	0x1D588
sound/MIDI12F1.SMG	631153	0x4D0B8800	41824	0x1D594
sound/MIDI12F2.SMG	631174	0x4D0C3000	22976	0x1D5A0
sound/MIDI12F3.SMG	631186	0x4D0C9000	29008	0x1D5AC
sound/MIDI1300.SMG	631201	0x4D0D0800	23664	0x1D5B8
sound/MIDI1301.SMG	631213	0x4D0D6800	50384	0x1D5C4
sound/MIDI1302.SMG	631238	0x4D0E3000	31632	0x1D5D0
sound/MIDI1303.SMG	631254	0x4D0EB000	23664	0x1D5DC
sound/MIDI1304.SMG	631266	0x4D0F1000	32960	0x1D5E8
sound/MIDI1310.SMG	631283	0x4D0F9800	20160	0x1D5F4
sound/MIDI1311.SMG	631293	0x4D0FE800	37936	0x1D600
sound/MIDI1312.SMG	631312	0x4D108000	37072	0x1D60C
sound/MIDI1320.SMG	631331	0x4D111800	19008	0x1D618
sound/MIDI1321.SMG	631341	0x4D116800	37488	0x1D624
sound/MIDI1322.SMG	631360	0x4D120000	46784	0x1D630
sound/MIDI1323.SMG	631383	0x4D12B800	32944	0x1D63C
sound/MIDI1330.SMG	631400	0x4D134000	28448	0x1D648
sound/MIDI1331.SMG	631414	0x4D13B000	43296	0x1D654
sound/MIDI1332.SMG	631436	0x4D146000	42208	0x1D660
sound/MIDI1333.SMG	631457	0x4D150800	33776	0x1D66C
sound/MIDI1340.SMG	631474	0x4D159000	9760	0x1D678
sound/MIDI1341.SMG	631479	0x4D15B800	11984	0x1D684
sound/MIDI1342.SMG	631485	0x4D15E800	26816	0x1D690
sound/MIDI1350.SMG	631499	0x4D165800	12720	0x1D69C
sound/MIDI1351.SMG	631506	0x4D169000	23104	0x1D6A8
sound/MIDI1352.SMG	631518	0x4D16F000	18640	0x1D6B4
sound/MIDI1353.SMG	631528	0x4D174000	19808	0x1D6C0
sound/MIDI1360.SMG	631538	0x4D179000	23776	0x1D6CC
sound/MIDI1361.SMG	631550	0x4D17F000	25536	0x1D6D8
sound/MIDI1362.SMG	631563	0x4D185800	37920	0x1D6E4
sound/MIDI1363.SMG	631582	0x4D18F000	23776	0x1D6F0
sound/MIDI1370.SMG	631594	0x4D195000	30064	0x1D6FC
sound/MIDI1371.SMG	631609	0x4D19C800	19760	0x1D708
sound/MIDI1372.SMG	631619	0x4D1A1800	32720	0x1D714
sound/MIDI1373.SMG	631635	0x4D1A9800	30944	0x1D720
sound/MIDI1380.SMG	631651	0x4D1B1800	28448	0x1D72C
sound/MIDI1381.SMG	631665	0x4D1B8800	43296	0x1D738
sound/MIDI1382.SMG	631687	0x4D1C3800	42208	0x1D744
sound/MIDI1383.SMG	631708	0x4D1CE000	33776	0x1D750
sound/MIDI1390.SMG	631725	0x4D1D6800	16144	0x1D75C
sound/MIDI1391.SMG	631733	0x4D1DA800	29728	0x1D768
sound/MIDI1392.SMG	631748	0x4D1E2000	19824	0x1D774
sound/MIDI1393.SMG	631758	0x4D1E7000	31728	0x1D780
sound/MIDI13A0.SMG	631774	0x4D1EF000	42080	0x1D78C
sound/MIDI13A1.SMG	631795	0x4D1F9800	44912	0x1D798
sound/MIDI13A2.SMG	631817	0x4D204800	32272	0x1D7A4
sound/MIDI13A3.SMG	631833	0x4D20C800	20608	0x1D7B0
sound/MIDI13A4.SMG	631844	0x4D212000	32272	0x1D7BC
sound/MIDI13B0.SMG	631860	0x4D21A000	19936	0x1D7C8
sound/MIDI13B1.SMG	631870	0x4D21F000	40032	0x1D7D4
sound/MIDI13B2.SMG	631890	0x4D229000	32752	0x1D7E0
sound/MIDI13B3.SMG	631906	0x4D231000	11952	0x1D7EC
sound/MIDI13C0.SMG	631912	0x4D234000	48736	0x1D7F8
sound/MIDI13C1.SMG	631936	0x4D240000	47200	0x1D804
sound/MIDI13C2.SMG	631960	0x4D24C000	47584	0x1D810
sound/MIDI13C3.SMG	631984	0x4D258000	48736	0x1D81C
sound/MIDI13D0.SMG	632008	0x4D264000	21536	0x1D828
sound/MIDI13D1.SMG	632019	0x4D269800	30032	0x1D834
sound/MIDI13D2.SMG	632034	0x4D271000	27328	0x1D840
sound/MIDI13D3.SMG	632048	0x4D278000	2448	0x1D84C
sound/MIDI13E0.SMG	632050	0x4D279000	42752	0x1D858
sound/MIDI13E1.SMG	632071	0x4D283800	48048	0x1D864
sound/MIDI13E2.SMG	632095	0x4D28F800	42752	0x1D870
sound/MIDI13E3.SMG	632116	0x4D29A000	48064	0x1D87C
sound/MIDI13F0.SMG	632140	0x4D2A6000	32208	0x1D888
sound/MIDI13F1.SMG	632156	0x4D2AE000	27792	0x1D894
sound/MIDI13F2.SMG	632170	0x4D2B5000	32432	0x1D8A0
sound/MIDI13F3.SMG	632186	0x4D2BD000	32208	0x1D8AC
sound/MIDI1400.SMG	632202	0x4D2C5000	45728	0x1D8B8
sound/MIDI1401.SMG	632225	0x4D2D0800	25536	0x1D8C4
sound/MIDI1402.SMG	632238	0x4D2D7000	25536	0x1D8D0
sound/MIDI1403.SMG	632251	0x4D2DD800	45728	0x1D8DC
sound/MIDI1410.SMG	632274	0x4D2E9000	30880	0x1D8E8
sound/MIDI1411.SMG	632290	0x4D2F1000	19936	0x1D8F4
sound/MIDI1412.SMG	632300	0x4D2F6000	38352	0x1D900
sound/MIDI1413.SMG	632319	0x4D2FF800	30880	0x1D90C
sound/MIDI1420.SMG	632335	0x4D307800	28672	0x1D918
sound/MIDI1421.SMG	632349	0x4D30E800	45232	0x1D924
sound/MIDI1422.SMG	632372	0x4D31A000	17728	0x1D930
sound/MIDI1423.SMG	632381	0x4D31E800	28688	0x1D93C
sound/MIDI1430.SMG	632396	0x4D326000	39792	0x1D948
sound/MIDI1431.SMG	632416	0x4D330000	16752	0x1D954
sound/MIDI1432.SMG	632425	0x4D334800	3920	0x1D960
sound/MIDI1433.SMG	632427	0x4D335800	32048	0x1D96C
sound/MIDI1440.SMG	632443	0x4D33D800	18672	0x1D978
sound/MIDI1441.SMG	632453	0x4D342800	16848	0x1D984
sound/MIDI1442.SMG	632462	0x4D347000	18672	0x1D990
sound/MIDI1450.SMG	632472	0x4D34C000	17728	0x1D99C
sound/MIDI1451.SMG	632481	0x4D350800	34288	0x1D9A8
sound/MIDI1452.SMG	632498	0x4D359000	17728	0x1D9B4
sound/MIDI1453.SMG	632507	0x4D35D800	17728	0x1D9C0
sound/MIDI1460.SMG	632516	0x4D362000	34784	0x1D9CC
sound/MIDI1461.SMG	632533	0x4D36A800	30912	0x1D9D8
sound/MIDI1462.SMG	632549	0x4D372800	34256	0x1D9E4
sound/MIDI1463.SMG	632566	0x4D37B000	34784	0x1D9F0
sound/MIDI1470.SMG	632583	0x4D383800	28672	0x1D9FC
sound/MIDI1471.SMG	632597	0x4D38A800	45232	0x1DA08
sound/MIDI1472.SMG	632620	0x4D396000	17728	0x1DA14
sound/MIDI1473.SMG	632629	0x4D39A800	28688	0x1DA20
sound/MIDI1480.SMG	632644	0x4D3A2000	22416	0x1DA2C
sound/MIDI1481.SMG	632655	0x4D3A7800	46704	0x1DA38
sound/MIDI1482.SMG	632678	0x4D3B3000	42864	0x1DA44
sound/MIDI1483.SMG	632699	0x4D3BD800	22416	0x1DA50
sound/MIDI1490.SMG	632710	0x4D3C3000	46176	0x1DA5C
sound/MIDI1491.SMG	632733	0x4D3CE800	46176	0x1DA68
sound/MIDI1492.SMG	632756	0x4D3DA000	46176	0x1DA74
sound/MIDI1493.SMG	632779	0x4D3E5800	46176	0x1DA80
sound/MIDI14A0.SMG	632802	0x4D3F1000	21328	0x1DA8C
sound/MIDI14A1.SMG	632813	0x4D3F6800	23232	0x1DA98
sound/MIDI14A2.SMG	632825	0x4D3FC800	26768	0x1DAA4
sound/MIDI14A3.SMG	632839	0x4D403800	28400	0x1DAB0
sound/MIDI14B0.SMG	632853	0x4D40A800	26016	0x1DABC
sound/MIDI14B1.SMG	632866	0x4D411000	43584	0x1DAC8
sound/MIDI14B2.SMG	632888	0x4D41C000	20448	0x1DAD4
sound/MIDI14B3.SMG	632898	0x4D421000	26016	0x1DAE0
sound/MIDI14C0.SMG	632911	0x4D427800	24368	0x1DAEC
sound/MIDI14C1.SMG	632923	0x4D42D800	19616	0x1DAF8
sound/MIDI14C2.SMG	632933	0x4D432800	20480	0x1DB04
sound/MIDI14C3.SMG	632943	0x4D437800	26768	0x1DB10
sound/MIDI14D0.SMG	632957	0x4D43E800	24592	0x1DB1C
sound/MIDI14D1.SMG	632970	0x4D445000	37040	0x1DB28
sound/MIDI14D2.SMG	632989	0x4D44E800	24864	0x1DB34
sound/MIDI14D3.SMG	633002	0x4D455000	24592	0x1DB40
sound/MIDI14E0.SMG	633015	0x4D45B800	24592	0x1DB4C
sound/MIDI14E1.SMG	633028	0x4D462000	37040	0x1DB58
sound/MIDI14E2.SMG	633047	0x4D46B800	24864	0x1DB64
sound/MIDI14E3.SMG	633060	0x4D472000	24592	0x1DB70
sound/MIDI14F0.SMG	633073	0x4D478800	27920	0x1DB7C
sound/MIDI14F1.SMG	633087	0x4D47F800	48624	0x1DB88
sound/MIDI14F2.SMG	633111	0x4D48B800	28592	0x1DB94
sound/MIDI14F3.SMG	633125	0x4D492800	27904	0x1DBA0
sound/MIDI14F4.SMG	633139	0x4D499800	29664	0x1DBAC
sound/MIDI1500.SMG	633154	0x4D4A1000	19152	0x1DBB8
sound/MIDI1501.SMG	633164	0x4D4A6000	29376	0x1DBC4
sound/MIDI1502.SMG	633179	0x4D4AD800	27152	0x1DBD0
sound/MIDI1503.SMG	633193	0x4D4B4800	25328	0x1DBDC
sound/MIDI1504.SMG	633206	0x4D4BB000	39744	0x1DBE8
sound/MIDI1510.SMG	633226	0x4D4C5000	24688	0x1DBF4
sound/MIDI1511.SMG	633239	0x4D4CB800	48768	0x1DC00
sound/MIDI1512.SMG	633263	0x4D4D7800	25664	0x1DC0C
sound/MIDI1513.SMG	633276	0x4D4DE000	24688	0x1DC18
sound/MIDI1520.SMG	633289	0x4D4E4800	26304	0x1DC24
sound/MIDI1521.SMG	633302	0x4D4EB000	21296	0x1DC30
sound/MIDI1522.SMG	633313	0x4D4F0800	32752	0x1DC3C
sound/MIDI1530.SMG	633329	0x4D4F8800	34896	0x1DC48
sound/MIDI1531.SMG	633347	0x4D501800	46960	0x1DC54
sound/MIDI1532.SMG	633370	0x4D50D000	29040	0x1DC60
sound/MIDI1533.SMG	633385	0x4D514800	34896	0x1DC6C
sound/MIDI1534.SMG	633403	0x4D51D800	30384	0x1DC78
sound/MIDI1540.SMG	633418	0x4D525000	39904	0x1DC84
sound/MIDI1541.SMG	633438	0x4D52F000	29792	0x1DC90
sound/MIDI1542.SMG	633453	0x4D536800	28032	0x1DC9C
sound/MIDI1543.SMG	633467	0x4D53D800	49248	0x1DCA8
sound/MIDI1550.SMG	633492	0x4D54A000	29296	0x1DCB4
sound/MIDI1551.SMG	633507	0x4D551800	28128	0x1DCC0
sound/MIDI1552.SMG	633521	0x4D558800	29296	0x1DCCC
sound/MIDI1553.SMG	633536	0x4D560000	27776	0x1DCD8
sound/MIDI1560.SMG	633550	0x4D567000	20496	0x1DCE4
sound/MIDI1561.SMG	633561	0x4D56C800	14416	0x1DCF0
sound/MIDI1562.SMG	633569	0x4D570800	20496	0x1DCFC
sound/MIDI1563.SMG	633580	0x4D576000	29952	0x1DD08
sound/MIDI1570.SMG	633595	0x4D57D800	45936	0x1DD14
sound/MIDI1571.SMG	633618	0x4D589000	47568	0x1DD20
sound/MIDI1572.SMG	633642	0x4D595000	29296	0x1DD2C
sound/MIDI1573.SMG	633657	0x4D59C800	31728	0x1DD38
sound/MIDI1580.SMG	633673	0x4D5A4800	19152	0x1DD44
sound/MIDI1581.SMG	633683	0x4D5A9800	29376	0x1DD50
sound/MIDI1582.SMG	633698	0x4D5B1000	29536	0x1DD5C
sound/MIDI1583.SMG	633713	0x4D5B8800	35120	0x1DD68
sound/MIDI1590.SMG	633731	0x4D5C1800	22240	0x1DD74
sound/MIDI1591.SMG	633742	0x4D5C7000	22272	0x1DD80
sound/MIDI1592.SMG	633753	0x4D5CC800	22256	0x1DD8C
sound/MIDI1593.SMG	633764	0x4D5D2000	22272	0x1DD98
sound/MIDI15A0.SMG	633775	0x4D5D7800	36368	0x1DDA4
sound/MIDI15A1.SMG	633793	0x4D5E0800	34096	0x1DDB0
sound/MIDI15A2.SMG	633810	0x4D5E9000	36368	0x1DDBC
sound/MIDI15B0.SMG	633828	0x4D5F2000	5024	0x1DDC8
sound/MIDI15B1.SMG	633831	0x4D5F3800	16896	0x1DDD4
sound/MIDI15B2.SMG	633840	0x4D5F8000	12352	0x1DDE0
sound/MIDI15B3.SMG	633847	0x4D5FB800	8272	0x1DDEC
sound/MIDI15C0.SMG	633852	0x4D5FE000	24144	0x1DDF8
sound/MIDI15C1.SMG	633864	0x4D604000	27392	0x1DE04
sound/MIDI15C2.SMG	633878	0x4D60B000	26720	0x1DE10
sound/MIDI15D0.SMG	633892	0x4D612000	12320	0x1DE1C
sound/MIDI15D1.SMG	633899	0x4D615800	24176	0x1DE28
sound/MIDI15D2.SMG	633911	0x4D61B800	24176	0x1DE34
sound/MIDI15D3.SMG	633923	0x4D621800	12320	0x1DE40
sound/MIDI15E0.SMG	633930	0x4D625000	27328	0x1DE4C
sound/MIDI15E1.SMG	633944	0x4D62C000	27328	0x1DE58
sound/MIDI15E2.SMG	633958	0x4D633000	10336	0x1DE64
sound/MIDI15E3.SMG	633964	0x4D636000	33216	0x1DE70
sound/MIDI15F0.SMG	633981	0x4D63E800	27328	0x1DE7C
sound/MIDI15F1.SMG	633995	0x4D645800	27328	0x1DE88
sound/MIDI15F2.SMG	634009	0x4D64C800	32576	0x1DE94
sound/MIDI15F3.SMG	634025	0x4D654800	30992	0x1DEA0
sound/MIDI1600.SMG	634041	0x4D65C800	27328	0x1DEAC
sound/MIDI1601.SMG	634055	0x4D663800	27328	0x1DEB8
sound/MIDI1602.SMG	634069	0x4D66A800	21216	0x1DEC4
sound/MIDI1603.SMG	634080	0x4D670000	12336	0x1DED0
sound/MIDI1610.SMG	634087	0x4D673800	27328	0x1DEDC
sound/MIDI1611.SMG	634101	0x4D67A800	27328	0x1DEE8
sound/MIDI1612.SMG	634115	0x4D681800	24976	0x1DEF4
sound/MIDI1620.SMG	634128	0x4D688000	5024	0x1DF00
sound/MIDI1621.SMG	634131	0x4D689800	5024	0x1DF0C
sound/MIDI1622.SMG	634134	0x4D68B000	5024	0x1DF18
sound/MIDI1623.SMG	634137	0x4D68C800	26064	0x1DF24
sound/MIDI1630.SMG	634150	0x4D693000	19680	0x1DF30
sound/MIDI1631.SMG	634160	0x4D698000	19056	0x1DF3C
sound/MIDI1632.SMG	634170	0x4D69D000	19680	0x1DF48
sound/MIDI1633.SMG	634180	0x4D6A2000	28800	0x1DF54
sound/MIDI1640.SMG	634195	0x4D6A9800	27968	0x1DF60
sound/MIDI1641.SMG	634209	0x4D6B0800	40080	0x1DF6C
sound/MIDI1642.SMG	634229	0x4D6BA800	27968	0x1DF78
sound/MIDI1643.SMG	634243	0x4D6C1800	21136	0x1DF84
sound/MIDI1650.SMG	634254	0x4D6C7000	20240	0x1DF90
sound/MIDI1651.SMG	634264	0x4D6CC000	27072	0x1DF9C
sound/MIDI1652.SMG	634278	0x4D6D3000	23152	0x1DFA8
sound/MIDI1653.SMG	634290	0x4D6D9000	20240	0x1DFB4
sound/MIDI1660.SMG	634300	0x4D6DE000	28928	0x1DFC0
sound/MIDI1661.SMG	634315	0x4D6E5800	42704	0x1DFCC
sound/MIDI1662.SMG	634336	0x4D6F0000	31504	0x1DFD8
sound/MIDI1663.SMG	634352	0x4D6F8000	28928	0x1DFE4
sound/MIDI1670.SMG	634367	0x4D6FF800	35120	0x1DFF0
sound/MIDI1671.SMG	634385	0x4D708800	24464	0x1DFFC
sound/MIDI1672.SMG	634397	0x4D70E800	39952	0x1E008
sound/MIDI1680.SMG	634417	0x4D718800	23600	0x1E014
sound/MIDI1681.SMG	634429	0x4D71E800	43104	0x1E020
sound/MIDI1682.SMG	634451	0x4D729800	23600	0x1E02C
sound/MIDI1683.SMG	634463	0x4D72F800	46384	0x1E038
sound/MIDI1690.SMG	634486	0x4D73B000	26064	0x1E044
sound/MIDI1691.SMG	634499	0x4D741800	33600	0x1E050
sound/MIDI1692.SMG	634516	0x4D74A000	30448	0x1E05C
sound/MIDI1693.SMG	634531	0x4D751800	26064	0x1E068
sound/MIDI16A0.SMG	634544	0x4D758000	23024	0x1E074
sound/MIDI16A1.SMG	634556	0x4D75E000	18864	0x1E080
sound/MIDI16A2.SMG	634566	0x4D763000	34256	0x1E08C
sound/MIDI16A3.SMG	634583	0x4D76B800	23024	0x1E098
sound/MIDI16B0.SMG	634595	0x4D771800	37168	0x1E0A4
sound/MIDI16B1.SMG	634614	0x4D77B000	31184	0x1E0B0
sound/MIDI16B2.SMG	634630	0x4D783000	29584	0x1E0BC
sound/MIDI16B3.SMG	634645	0x4D78A800	18240	0x1E0C8
sound/MIDI16B4.SMG	634654	0x4D78F000	37168	0x1E0D4
sound/MIDI16C0.SMG	634673	0x4D798800	24704	0x1E0E0
sound/MIDI16C1.SMG	634686	0x4D79F000	20368	0x1E0EC
sound/MIDI16C2.SMG	634696	0x4D7A4000	25792	0x1E0F8
sound/MIDI16C3.SMG	634709	0x4D7AA800	34160	0x1E104
sound/MIDI16D0.SMG	634726	0x4D7B3000	29056	0x1E110
sound/MIDI16D1.SMG	634741	0x4D7BA800	28336	0x1E11C
sound/MIDI16D2.SMG	634755	0x4D7C1800	16800	0x1E128
sound/MIDI16E0.SMG	634764	0x4D7C6000	22880	0x1E134
sound/MIDI16E1.SMG	634776	0x4D7CC000	34624	0x1E140
sound/MIDI16E2.SMG	634793	0x4D7D4800	26880	0x1E14C
sound/MIDI16F0.SMG	634807	0x4D7DB800	33648	0x1E158
sound/MIDI16F1.SMG	634824	0x4D7E4000	29568	0x1E164
sound/MIDI16F2.SMG	634839	0x4D7EB800	21424	0x1E170
sound/MIDI16F3.SMG	634850	0x4D7F1000	33648	0x1E17C
sound/MIDI1700.SMG	634867	0x4D7F9800	26880	0x1E188
sound/MIDI1701.SMG	634881	0x4D800800	34624	0x1E194
sound/MIDI1702.SMG	634898	0x4D809000	28160	0x1E1A0
sound/MIDI1710.SMG	634912	0x4D810000	18640	0x1E1AC
sound/MIDI1711.SMG	634922	0x4D815000	25072	0x1E1B8
sound/MIDI1712.SMG	634935	0x4D81B800	22848	0x1E1C4
sound/MIDI1713.SMG	634947	0x4D821800	26464	0x1E1D0
sound/MIDI1720.SMG	634960	0x4D828000	31712	0x1E1DC
sound/MIDI1721.SMG	634976	0x4D830000	33728	0x1E1E8
sound/MIDI1722.SMG	634993	0x4D838800	31712	0x1E1F4
sound/MIDI1723.SMG	635009	0x4D840800	31712	0x1E200
sound/MIDI1724.SMG	635025	0x4D848800	23808	0x1E20C
sound/MIDI1730.SMG	635037	0x4D84E800	37312	0x1E218
sound/MIDI1731.SMG	635056	0x4D858000	42336	0x1E224
sound/MIDI1732.SMG	635077	0x4D862800	38560	0x1E230
sound/MIDI1740.SMG	635096	0x4D86C000	31600	0x1E23C
sound/MIDI1741.SMG	635112	0x4D874000	41712	0x1E248
sound/MIDI1742.SMG	635133	0x4D87E800	42304	0x1E254
sound/MIDI1750.SMG	635154	0x4D889000	25648	0x1E260
sound/MIDI1751.SMG	635167	0x4D88F800	29344	0x1E26C
sound/MIDI1752.SMG	635182	0x4D897000	29328	0x1E278
sound/MIDI1753.SMG	635197	0x4D89E800	31696	0x1E284
sound/MIDI1760.SMG	635213	0x4D8A6800	27600	0x1E290
sound/MIDI1761.SMG	635227	0x4D8AD800	30480	0x1E29C
sound/MIDI1762.SMG	635242	0x4D8B5000	16768	0x1E2A8
sound/MIDI1763.SMG	635251	0x4D8B9800	32368	0x1E2B4
sound/MIDI1764.SMG	635267	0x4D8C1800	27600	0x1E2C0
sound/MIDI1770.SMG	635281	0x4D8C8800	30944	0x1E2CC
sound/MIDI1771.SMG	635297	0x4D8D0800	30768	0x1E2D8
sound/MIDI1772.SMG	635313	0x4D8D8800	26192	0x1E2E4
sound/MIDI1773.SMG	635326	0x4D8DF000	30944	0x1E2F0
sound/MIDI1780.SMG	635342	0x4D8E7000	30672	0x1E2FC
sound/MIDI1781.SMG	635357	0x4D8EE800	33360	0x1E308
sound/MIDI1782.SMG	635374	0x4D8F7000	30768	0x1E314
sound/MIDI1783.SMG	635390	0x4D8FF000	20224	0x1E320
sound/MIDI1790.SMG	635400	0x4D904000	25952	0x1E32C
sound/MIDI1791.SMG	635413	0x4D90A800	18400	0x1E338
sound/MIDI1792.SMG	635422	0x4D90F000	26960	0x1E344
sound/MIDI1793.SMG	635436	0x4D916000	28608	0x1E350
sound/MIDI1794.SMG	635450	0x4D91D000	29952	0x1E35C
sound/MIDI17A0.SMG	635465	0x4D924800	13536	0x1E368
sound/MIDI17A1.SMG	635472	0x4D928000	29728	0x1E374
sound/MIDI17A2.SMG	635487	0x4D92F800	16192	0x1E380
sound/MIDI17A3.SMG	635495	0x4D933800	13536	0x1E38C
sound/MIDI17B0.SMG	635502	0x4D937000	30896	0x1E398
sound/MIDI17B1.SMG	635518	0x4D93F000	30624	0x1E3A4
sound/MIDI17B2.SMG	635533	0x4D946800	30896	0x1E3B0
sound/MIDI17B3.SMG	635549	0x4D94E800	30736	0x1E3BC
sound/MIDI17B4.SMG	635565	0x4D956800	30624	0x1E3C8
sound/MIDI17C0.SMG	635580	0x4D95E000	24448	0x1E3D4
sound/MIDI17C1.SMG	635592	0x4D964000	14432	0x1E3E0
sound/MIDI17C2.SMG	635600	0x4D968000	21616	0x1E3EC
sound/MIDI17C3.SMG	635611	0x4D96D800	24448	0x1E3F8
sound/MIDI17D0.SMG	635623	0x4D973800	31440	0x1E404
sound/MIDI17D1.SMG	635639	0x4D97B800	31776	0x1E410
sound/MIDI17D2.SMG	635655	0x4D983800	34272	0x1E41C
sound/MIDI17D3.SMG	635672	0x4D98C000	31440	0x1E428
sound/MIDI17E0.SMG	635688	0x4D994000	29696	0x1E434
sound/MIDI17E1.SMG	635703	0x4D99B800	33088	0x1E440
sound/MIDI17E2.SMG	635720	0x4D9A4000	30384	0x1E44C
sound/MIDI17E3.SMG	635735	0x4D9AB800	29696	0x1E458
sound/MIDI17F0.SMG	635750	0x4D9B3000	32560	0x1E464
sound/MIDI17F1.SMG	635766	0x4D9BB000	30672	0x1E470
sound/MIDI17F2.SMG	635781	0x4D9C2800	34096	0x1E47C
sound/MIDI17F3.SMG	635798	0x4D9CB000	29024	0x1E488
sound/MIDI17F4.SMG	635813	0x4D9D2800	32560	0x1E494
sound/MIDI1800.SMG	635829	0x4D9DA800	27088	0x1E4A0
sound/MIDI1801.SMG	635843	0x4D9E1800	20912	0x1E4AC
sound/MIDI1802.SMG	635854	0x4D9E7000	19344	0x1E4B8
sound/MIDI1803.SMG	635864	0x4D9EC000	27104	0x1E4C4
sound/MIDI1810.SMG	635878	0x4D9F3000	20944	0x1E4D0
sound/MIDI1811.SMG	635889	0x4D9F8800	24512	0x1E4DC
sound/MIDI1812.SMG	635901	0x4D9FE800	20944	0x1E4E8
sound/MIDI1813.SMG	635912	0x4DA04000	24512	0x1E4F4
sound/MIDI1820.SMG	635924	0x4DA0A000	27088	0x1E500
sound/MIDI1821.SMG	635938	0x4DA11000	15632	0x1E50C
sound/MIDI1822.SMG	635946	0x4DA15000	19344	0x1E518
sound/MIDI1823.SMG	635956	0x4DA1A000	27088	0x1E524
sound/MIDI1830.SMG	635970	0x4DA21000	20768	0x1E530
sound/MIDI1831.SMG	635981	0x4DA26800	22736	0x1E53C
sound/MIDI1832.SMG	635993	0x4DA2C800	34240	0x1E548
sound/MIDI1833.SMG	636010	0x4DA35000	20768	0x1E554
sound/MIDI1834.SMG	636021	0x4DA3A800	27520	0x1E560
sound/MIDI1840.SMG	636035	0x4DA41800	9504	0x1E56C
sound/MIDI1841.SMG	636040	0x4DA44000	11296	0x1E578
sound/MIDI1842.SMG	636046	0x4DA47000	17504	0x1E584
sound/MIDI1843.SMG	636055	0x4DA4B800	25552	0x1E590
sound/MIDI1850.SMG	636068	0x4DA52000	25568	0x1E59C
sound/MIDI1851.SMG	636081	0x4DA58800	25424	0x1E5A8
sound/MIDI1852.SMG	636094	0x4DA5F000	29728	0x1E5B4
sound/MIDI1853.SMG	636109	0x4DA66800	25936	0x1E5C0
sound/MIDI1860.SMG	636122	0x4DA6D000	25936	0x1E5CC
sound/MIDI1861.SMG	636135	0x4DA73800	25424	0x1E5D8
sound/MIDI1862.SMG	636148	0x4DA7A000	30352	0x1E5E4
sound/MIDI1863.SMG	636163	0x4DA81800	25936	0x1E5F0
sound/MIDI1870.SMG	636176	0x4DA88000	25936	0x1E5FC
sound/MIDI1871.SMG	636189	0x4DA8E800	25424	0x1E608
sound/MIDI1872.SMG	636202	0x4DA95000	30352	0x1E614
sound/MIDI1873.SMG	636217	0x4DA9C800	25936	0x1E620
sound/MIDI1880.SMG	636230	0x4DAA3000	9568	0x1E62C
sound/MIDI1881.SMG	636235	0x4DAA5800	11360	0x1E638
sound/MIDI1882.SMG	636241	0x4DAA8800	17664	0x1E644
sound/MIDI1883.SMG	636250	0x4DAAD000	25840	0x1E650
sound/MIDI1890.SMG	636263	0x4DAB3800	9568	0x1E65C
sound/MIDI1891.SMG	636268	0x4DAB6000	11360	0x1E668
sound/MIDI1892.SMG	636274	0x4DAB9000	17664	0x1E674
sound/MIDI1893.SMG	636283	0x4DABD800	25840	0x1E680
sound/MIDI18A0.SMG	636296	0x4DAC4000	23760	0x1E68C
sound/MIDI18A1.SMG	636308	0x4DACA000	38064	0x1E698
sound/MIDI18A2.SMG	636327	0x4DAD3800	18192	0x1E6A4
sound/MIDI18A3.SMG	636336	0x4DAD8000	23760	0x1E6B0
sound/MIDI18B0.SMG	636348	0x4DADE000	18176	0x1E6BC
sound/MIDI18B1.SMG	636357	0x4DAE2800	20528	0x1E6C8
sound/MIDI18B2.SMG	636368	0x4DAE8000	26752	0x1E6D4
sound/MIDI18B3.SMG	636382	0x4DAEF000	13952	0x1E6E0
sound/MIDI18C0.SMG	636389	0x4DAF2800	14352	0x1E6EC
sound/MIDI18C1.SMG	636397	0x4DAF6800	20496	0x1E6F8
sound/MIDI18C2.SMG	636408	0x4DAFC000	37408	0x1E704
sound/MIDI18C3.SMG	636427	0x4DB05800	22192	0x1E710
sound/MIDI18D0.SMG	636438	0x4DB0B000	20480	0x1E71C
sound/MIDI18D1.SMG	636448	0x4DB10000	22192	0x1E728
sound/MIDI18D2.SMG	636459	0x4DB15800	24064	0x1E734
sound/MIDI18D3.SMG	636471	0x4DB1B800	20480	0x1E740
sound/MIDI18E0.SMG	636481	0x4DB20800	33056	0x1E74C
sound/MIDI18E1.SMG	636498	0x4DB29000	25984	0x1E758
sound/MIDI18E2.SMG	636511	0x4DB2F800	29792	0x1E764
sound/MIDI18E3.SMG	636526	0x4DB37000	33056	0x1E770
sound/MIDI18F0.SMG	636543	0x4DB3F800	15984	0x1E77C
sound/MIDI18F1.SMG	636551	0x4DB43800	44496	0x1E788
sound/MIDI18F2.SMG	636573	0x4DB4E800	37792	0x1E794
sound/MIDI18F3.SMG	636592	0x4DB58000	26288	0x1E7A0
sound/MIDI1900.SMG	636605	0x4DB5E800	27968	0x1E7AC
sound/MIDI1901.SMG	636619	0x4DB65800	26672	0x1E7B8
sound/MIDI1902.SMG	636633	0x4DB6C800	18784	0x1E7C4
sound/MIDI1903.SMG	636643	0x4DB71800	24752	0x1E7D0
sound/MIDI1904.SMG	636656	0x4DB78000	27968	0x1E7DC
sound/MIDI1910.SMG	636670	0x4DB7F000	25824	0x1E7E8
sound/MIDI1911.SMG	636683	0x4DB85800	22992	0x1E7F4
sound/MIDI1912.SMG	636695	0x4DB8B800	12800	0x1E800
sound/MIDI1913.SMG	636702	0x4DB8F000	23824	0x1E80C
sound/MIDI1920.SMG	636714	0x4DB95000	30384	0x1E818
sound/MIDI1921.SMG	636729	0x4DB9C800	31616	0x1E824
sound/MIDI1922.SMG	636745	0x4DBA4800	39168	0x1E830
sound/MIDI1930.SMG	636765	0x4DBAE800	16656	0x1E83C
sound/MIDI1931.SMG	636774	0x4DBB3000	33776	0x1E848
sound/MIDI1932.SMG	636791	0x4DBBB800	16448	0x1E854
sound/MIDI1933.SMG	636800	0x4DBC0000	29680	0x1E860
sound/MIDI1940.SMG	636815	0x4DBC7800	34656	0x1E86C
sound/MIDI1941.SMG	636832	0x4DBD0000	34624	0x1E878
sound/MIDI1942.SMG	636849	0x4DBD8800	19728	0x1E884
sound/MIDI1950.SMG	636859	0x4DBDD800	30800	0x1E890
sound/MIDI1951.SMG	636875	0x4DBE5800	31552	0x1E89C
sound/MIDI1952.SMG	636891	0x4DBED800	32480	0x1E8A8
sound/MIDI1953.SMG	636907	0x4DBF5800	30816	0x1E8B4
sound/MIDI1960.SMG	636923	0x4DBFD800	30416	0x1E8C0
sound/MIDI1961.SMG	636938	0x4DC05000	23648	0x1E8CC
sound/MIDI1962.SMG	636950	0x4DC0B000	30032	0x1E8D8
sound/MIDI1963.SMG	636965	0x4DC12800	30416	0x1E8E4
sound/MIDI1964.SMG	636980	0x4DC1A000	28112	0x1E8F0
sound/MIDI1970.SMG	636994	0x4DC21000	19968	0x1E8FC
sound/MIDI1971.SMG	637004	0x4DC26000	35280	0x1E908
sound/MIDI1972.SMG	637022	0x4DC2F000	10832	0x1E914
sound/MIDI1973.SMG	637028	0x4DC32000	17840	0x1E920
sound/MIDI1980.SMG	637037	0x4DC36800	28192	0x1E92C
sound/MIDI1981.SMG	637051	0x4DC3D800	36992	0x1E938
sound/MIDI1982.SMG	637070	0x4DC47000	26944	0x1E944
sound/MIDI1983.SMG	637084	0x4DC4E000	28192	0x1E950
sound/MIDI1990.SMG	637098	0x4DC55000	22576	0x1E95C
sound/MIDI1991.SMG	637110	0x4DC5B000	26960	0x1E968
sound/MIDI1992.SMG	637124	0x4DC62000	6416	0x1E974
sound/MIDI1993.SMG	637128	0x4DC64000	22576	0x1E980
sound/MIDI19A0.SMG	637140	0x4DC6A000	28192	0x1E98C
sound/MIDI19A1.SMG	637154	0x4DC71000	36992	0x1E998
sound/MIDI19A2.SMG	637173	0x4DC7A800	26944	0x1E9A4
sound/MIDI19A3.SMG	637187	0x4DC81800	28192	0x1E9B0
sound/MIDI19B0.SMG	637201	0x4DC88800	15600	0x1E9BC
sound/MIDI19B1.SMG	637209	0x4DC8C800	11184	0x1E9C8
sound/MIDI19B2.SMG	637215	0x4DC8F800	27744	0x1E9D4
sound/MIDI19B3.SMG	637229	0x4DC96800	28128	0x1E9E0
sound/MIDI19B4.SMG	637243	0x4DC9D800	19488	0x1E9EC
sound/MIDI19C0.SMG	637253	0x4DCA2800	12944	0x1E9F8
sound/MIDI19C1.SMG	637260	0x4DCA6000	31280	0x1EA04
sound/MIDI19C2.SMG	637276	0x4DCAE000	30160	0x1EA10
sound/MIDI19D0.SMG	637291	0x4DCB5800	12944	0x1EA1C
sound/MIDI19D1.SMG	637298	0x4DCB9000	11760	0x1EA28
sound/MIDI19D2.SMG	637304	0x4DCBC000	23360	0x1EA34
sound/MIDI19E0.SMG	637316	0x4DCC2000	12944	0x1EA40
sound/MIDI19E1.SMG	637323	0x4DCC5800	31280	0x1EA4C
sound/MIDI19E2.SMG	637339	0x4DCCD800	30160	0x1EA58
sound/MIDI19F0.SMG	637354	0x4DCD5000	12944	0x1EA64
sound/MIDI19F1.SMG	637361	0x4DCD8800	11760	0x1EA70
sound/MIDI19F2.SMG	637367	0x4DCDB800	23360	0x1EA7C
sound/MIDI1A00.SMG	637379	0x4DCE1800	11984	0x1EA88
sound/MIDI1A01.SMG	637385	0x4DCE4800	10224	0x1EA94
sound/MIDI1A02.SMG	637390	0x4DCE7000	34544	0x1EAA0
sound/MIDI1A10.SMG	637407	0x4DCEF800	33056	0x1EAAC
sound/MIDI1A11.SMG	637424	0x4DCF8000	37472	0x1EAB8
sound/MIDI1A12.SMG	637443	0x4DD01800	35280	0x1EAC4
sound/MIDI1A13.SMG	637461	0x4DD0A800	24096	0x1EAD0
sound/MIDI1A70.SMG	637473	0x4DD10800	36736	0x1EADC
sound/MIDI1A71.SMG	637491	0x4DD19800	34592	0x1EAE8
sound/MIDI1A72.SMG	637508	0x4DD22000	34096	0x1EAF4
sound/MIDI1A73.SMG	637525	0x4DD2A800	36736	0x1EB00
sound/MIDI1A74.SMG	637543	0x4DD33800	36736	0x1EB0C
sound/MIDI1A80.SMG	637561	0x4DD3C800	14496	0x1EB18
sound/MIDI1A81.SMG	637569	0x4DD40800	28240	0x1EB24
sound/MIDI1A82.SMG	637583	0x4DD47800	33712	0x1EB30
sound/MIDI1A83.SMG	637600	0x4DD50000	17728	0x1EB3C
sound/MIDI1A90.SMG	637609	0x4DD54800	33808	0x1EB48
sound/MIDI1A91.SMG	637626	0x4DD5D000	31280	0x1EB54
sound/MIDI1A92.SMG	637642	0x4DD65000	33888	0x1EB60
sound/MIDI1A93.SMG	637659	0x4DD6D800	33808	0x1EB6C
sound/MIDI1AA0.SMG	637676	0x4DD76000	18704	0x1EB78
sound/MIDI1AA1.SMG	637686	0x4DD7B000	27216	0x1EB84
sound/MIDI1AA2.SMG	637700	0x4DD82000	11776	0x1EB90
sound/MIDI1AA3.SMG	637706	0x4DD85000	18704	0x1EB9C
sound/MIDI1AB0.SMG	637716	0x4DD8A000	35344	0x1EBA8
sound/MIDI1AB1.SMG	637734	0x4DD93000	24048	0x1EBB4
sound/MIDI1AB2.SMG	637746	0x4DD99000	14992	0x1EBC0
sound/MIDI1AB3.SMG	637754	0x4DD9D000	35936	0x1EBCC
sound/MIDI1AC0.SMG	637772	0x4DDA6000	17904	0x1EBD8
sound/MIDI1AC1.SMG	637781	0x4DDAA800	34752	0x1EBE4
sound/MIDI1AC2.SMG	637798	0x4DDB3000	22704	0x1EBF0
sound/MIDI1AC3.SMG	637810	0x4DDB9000	21696	0x1EBFC
sound/MIDI1AC4.SMG	637821	0x4DDBE800	24848	0x1EC08
sound/MIDI1AC5.SMG	637834	0x4DDC5000	23424	0x1EC14
sound/MIDI1AD0.SMG	637846	0x4DDCB000	14176	0x1EC20
sound/MIDI1AD1.SMG	637853	0x4DDCE800	31632	0x1EC2C
sound/MIDI1AD2.SMG	637869	0x4DDD6800	20528	0x1EC38
sound/MIDI1AE0.SMG	637880	0x4DDDC000	16512	0x1EC44
sound/MIDI1AE1.SMG	637889	0x4DDE0800	41696	0x1EC50
sound/MIDI1AE2.SMG	637910	0x4DDEB000	34288	0x1EC5C
sound/MIDI1AF0.SMG	637927	0x4DDF3800	21072	0x1EC68
sound/MIDI1AF1.SMG	637938	0x4DDF9000	42336	0x1EC74
sound/MIDI1AF2.SMG	637959	0x4DE03800	31792	0x1EC80
sound/MIDI1B00.SMG	637975	0x4DE0B800	25296	0x1EC8C
sound/MIDI1B01.SMG	637988	0x4DE12000	30672	0x1EC98
sound/MIDI1B02.SMG	638003	0x4DE19800	34832	0x1ECA4
sound/MIDI1B10.SMG	638021	0x4DE22800	25312	0x1ECB0
sound/MIDI1B11.SMG	638034	0x4DE29000	30672	0x1ECBC
sound/MIDI1B12.SMG	638049	0x4DE30800	34832	0x1ECC8
sound/MIDI1B20.SMG	638067	0x4DE39800	12976	0x1ECD4
sound/MIDI1B21.SMG	638074	0x4DE3D000	30320	0x1ECE0
sound/MIDI1B22.SMG	638089	0x4DE44800	20512	0x1ECEC
sound/MIDI1FF0.SMG	638100	0x4DE4A000	12800	0x1ECF8
sound/MIDI1FF1.SMG	638107	0x4DE4D800	12800	0x1ED04
sound/MIDI2000.SMG	638114	0x4DE51000	28416	0x1ED10
sound/MIDI2001.SMG	638128	0x4DE58000	31392	0x1ED1C
sound/MIDI2002.SMG	638144	0x4DE60000	26768	0x1ED28
sound/MIDI2003.SMG	638158	0x4DE67000	28400	0x1ED34
sound/MIDI2010.SMG	638172	0x4DE6E000	37584	0x1ED40
sound/MIDI2011.SMG	638191	0x4DE77800	19312	0x1ED4C
sound/MIDI2012.SMG	638201	0x4DE7C800	19312	0x1ED58
sound/MIDI2013.SMG	638211	0x4DE81800	47408	0x1ED64
sound/MIDI2014.SMG	638235	0x4DE8D800	24816	0x1ED70
sound/MIDI2020.SMG	638248	0x4DE94000	18944	0x1ED7C
sound/MIDI2021.SMG	638258	0x4DE99000	25408	0x1ED88
sound/MIDI2022.SMG	638271	0x4DE9F800	30464	0x1ED94
sound/MIDI2023.SMG	638286	0x4DEA7000	19376	0x1EDA0
sound/MIDI2024.SMG	638296	0x4DEAC000	36352	0x1EDAC
sound/MIDI2030.SMG	638314	0x4DEB5000	18944	0x1EDB8
sound/MIDI2031.SMG	638324	0x4DEBA000	25408	0x1EDC4
sound/MIDI2032.SMG	638337	0x4DEC0800	30464	0x1EDD0
sound/MIDI2033.SMG	638352	0x4DEC8000	19376	0x1EDDC
sound/MIDI2034.SMG	638362	0x4DECD000	36352	0x1EDE8
sound/MIDI2035.SMG	638380	0x4DED6000	33184	0x1EDF4
sound/MIDI2036.SMG	638397	0x4DEDE800	24464	0x1EE00
sound/MIDI2040.SMG	638409	0x4DEE4800	18944	0x1EE0C
sound/MIDI2041.SMG	638419	0x4DEE9800	25408	0x1EE18
sound/MIDI2042.SMG	638432	0x4DEF0000	30464	0x1EE24
sound/MIDI2043.SMG	638447	0x4DEF7800	19376	0x1EE30
sound/MIDI2044.SMG	638457	0x4DEFC800	36352	0x1EE3C
sound/MIDI2045.SMG	638475	0x4DF05800	33184	0x1EE48
sound/MIDI2046.SMG	638492	0x4DF0E000	24464	0x1EE54
sound/MIDI2047.SMG	638504	0x4DF14000	46176	0x1EE60
sound/MIDI2048.SMG	638527	0x4DF1F800	12400	0x1EE6C
sound/MIDI2050.SMG	638534	0x4DF23000	31216	0x1EE78
sound/MIDI2051.SMG	638550	0x4DF2B000	19456	0x1EE84
sound/MIDI2052.SMG	638560	0x4DF30000	31344	0x1EE90
sound/MIDI2053.SMG	638576	0x4DF38000	43280	0x1EE9C
sound/MIDI2054.SMG	638598	0x4DF43000	48080	0x1EEA8
sound/MIDI2060.SMG	638622	0x4DF4F000	25664	0x1EEB4
sound/MIDI2061.SMG	638635	0x4DF55800	31248	0x1EEC0
sound/MIDI2062.SMG	638651	0x4DF5D800	34256	0x1EECC
sound/MIDI2063.SMG	638668	0x4DF66000	17728	0x1EED8
sound/MIDI2070.SMG	638677	0x4DF6A800	12352	0x1EEE4
sound/MIDI2071.SMG	638684	0x4DF6E000	37888	0x1EEF0
sound/MIDI2072.SMG	638703	0x4DF77800	25280	0x1EEFC
sound/MIDI2080.SMG	638716	0x4DF7E000	45792	0x1EF08
sound/MIDI2081.SMG	638739	0x4DF89800	21712	0x1EF14
sound/MIDI2082.SMG	638750	0x4DF8F000	39072	0x1EF20
sound/MIDI2083.SMG	638770	0x4DF99000	15952	0x1EF2C
sound/MIDI2090.SMG	638778	0x4DF9D000	16384	0x1EF38
sound/MIDI20A0.SMG	638786	0x4DFA1000	44080	0x1EF44
sound/MIDI20A1.SMG	638808	0x4DFAC000	46896	0x1EF50
sound/MIDI20A2.SMG	638831	0x4DFB7800	34128	0x1EF5C
sound/MIDI20A3.SMG	638848	0x4DFC0000	46896	0x1EF68
sound/MIDI20A4.SMG	638871	0x4DFCB800	42320	0x1EF74
sound/MIDI20A5.SMG	638892	0x4DFD6000	42320	0x1EF80
sound/MIDI20B0.SMG	638913	0x4DFE0800	19936	0x1EF8C
sound/MIDI20B1.SMG	638923	0x4DFE5800	40032	0x1EF98
sound/MIDI20B2.SMG	638943	0x4DFEF800	11776	0x1EFA4
sound/MIDI20B3.SMG	638949	0x4DFF2800	18704	0x1EFB0
sound/MIDI20C0.SMG	638959	0x4DFF7800	17392	0x1EFBC
sound/MIDI20C1.SMG	638968	0x4DFFC000	38352	0x1EFC8
sound/MIDI20C2.SMG	638987	0x4E005800	14992	0x1EFD4
sound/MIDI20C3.SMG	638995	0x4E009800	35936	0x1EFE0
sound/MIDI20D0.SMG	639013	0x4E012800	16496	0x1EFEC
sound/MIDI20D1.SMG	639022	0x4E017000	38864	0x1EFF8
sound/MIDI20D2.SMG	639041	0x4E020800	46720	0x1F004
sound/MIDI20D3.SMG	639064	0x4E02C000	35024	0x1F010
sound/MIDI20D4.SMG	639082	0x4E035000	24848	0x1F01C
sound/MIDI20E0.SMG	639095	0x4E03B800	19504	0x1F028
sound/MIDI20E1.SMG	639105	0x4E040800	32112	0x1F034
sound/MIDI20E2.SMG	639121	0x4E048800	20528	0x1F040
sound/MIDI20F0.SMG	639132	0x4E04E000	19504	0x1F04C
sound/MIDI20F1.SMG	639142	0x4E053000	19504	0x1F058
sound/MIDI20F2.SMG	639152	0x4E058000	39232	0x1F064
sound/MIDI2100.SMG	639172	0x4E062000	14288	0x1F070
sound/MIDI2101.SMG	639179	0x4E065800	21952	0x1F07C
sound/MIDI2102.SMG	639190	0x4E06B000	27184	0x1F088
sound/MIDI2103.SMG	639204	0x4E072000	14288	0x1F094
sound/MIDI2110.SMG	639211	0x4E075800	35408	0x1F0A0
sound/MIDI2111.SMG	639229	0x4E07E800	26144	0x1F0AC
sound/MIDI2112.SMG	639242	0x4E085000	48400	0x1F0B8
sound/MIDI2120.SMG	639266	0x4E091000	37216	0x1F0C4
sound/MIDI2121.SMG	639285	0x4E09A800	42736	0x1F0D0
sound/MIDI2122.SMG	639306	0x4E0A5000	42736	0x1F0DC
sound/MIDI2123.SMG	639327	0x4E0AF800	26064	0x1F0E8
sound/MIDI2130.SMG	639340	0x4E0B6000	33552	0x1F0F4
sound/MIDI2131.SMG	639357	0x4E0BE800	31312	0x1F100
sound/MIDI2132.SMG	639373	0x4E0C6800	35584	0x1F10C
sound/MIDI2140.SMG	639391	0x4E0CF800	5024	0x1F118
sound/MIDI2141.SMG	639394	0x4E0D1000	16896	0x1F124
sound/MIDI2142.SMG	639403	0x4E0D5800	12352	0x1F130
sound/MIDI2150.SMG	639410	0x4E0D9000	19936	0x1F13C
sound/MIDI2151.SMG	639420	0x4E0DE000	27168	0x1F148
sound/MIDI2160.SMG	639434	0x4E0E5000	33520	0x1F154
sound/MIDI2161.SMG	639451	0x4E0ED800	43344	0x1F160
sound/MIDI2162.SMG	639473	0x4E0F8800	43344	0x1F16C
sound/MIDI2163.SMG	639495	0x4E103800	33536	0x1F178
sound/MIDI2164.SMG	639512	0x4E10C000	19488	0x1F184
sound/MIDI2170.SMG	639522	0x4E111000	19936	0x1F190
sound/MIDI2171.SMG	639532	0x4E116000	19936	0x1F19C
sound/MIDI2172.SMG	639542	0x4E11B000	41552	0x1F1A8
sound/MIDI2173.SMG	639563	0x4E125800	17504	0x1F1B4
sound/MIDI2180.SMG	639572	0x4E12A000	45680	0x1F1C0
sound/MIDI2181.SMG	639595	0x4E135800	45216	0x1F1CC
sound/MIDI2182.SMG	639618	0x4E141000	45680	0x1F1D8
sound/MIDI2183.SMG	639641	0x4E14C800	17504	0x1F1E4
sound/MIDI2190.SMG	639650	0x4E151000	42032	0x1F1F0
sound/MIDI2191.SMG	639671	0x4E15B800	24912	0x1F1FC
sound/MIDI2192.SMG	639684	0x4E162000	42032	0x1F208
sound/MIDI2193.SMG	639705	0x4E16C800	17200	0x1F214
sound/MIDI2194.SMG	639714	0x4E171000	28592	0x1F220
sound/MIDI21A0.SMG	639728	0x4E178000	40272	0x1F22C
sound/MIDI21A1.SMG	639748	0x4E182000	12400	0x1F238
sound/MIDI21A2.SMG	639755	0x4E185800	46320	0x1F244
sound/MIDI21A3.SMG	639778	0x4E191000	31632	0x1F250
sound/MIDI21A4.SMG	639794	0x4E199000	17200	0x1F25C
sound/MIDI21A5.SMG	639803	0x4E19D800	33440	0x1F268
sound/MIDI21B0.SMG	639820	0x4E1A6000	19552	0x1F274
sound/MIDI21B1.SMG	639830	0x4E1AB000	19936	0x1F280
sound/MIDI21B2.SMG	639840	0x4E1B0000	48384	0x1F28C
sound/MIDI21B3.SMG	639864	0x4E1BC000	29680	0x1F298
sound/MIDI21B4.SMG	639879	0x4E1C3800	19552	0x1F2A4
sound/MIDI21C0.SMG	639889	0x4E1C8800	36368	0x1F2B0
sound/MIDI21C1.SMG	639907	0x4E1D1800	34096	0x1F2BC
sound/MIDI21C2.SMG	639924	0x4E1DA000	36368	0x1F2C8
sound/MIDI21D0.SMG	639942	0x4E1E3000	16496	0x1F2D4
sound/MIDI21D1.SMG	639951	0x4E1E7800	30704	0x1F2E0
sound/MIDI21D2.SMG	639966	0x4E1EF000	26368	0x1F2EC
sound/MIDI21E0.SMG	639979	0x4E1F5800	15376	0x1F2F8
sound/MIDI21E1.SMG	639987	0x4E1F9800	49136	0x1F304
sound/MIDI21E2.SMG	640011	0x4E205800	49520	0x1F310
sound/MIDI21E3.SMG	640036	0x4E212000	15376	0x1F31C
sound/MIDI21F0.SMG	640044	0x4E216000	22416	0x1F328
sound/MIDI21F1.SMG	640055	0x4E21B800	46704	0x1F334
sound/MIDI21F2.SMG	640078	0x4E227000	42864	0x1F340
sound/MIDI21F3.SMG	640099	0x4E231800	22416	0x1F34C
sound/MIDI2200.SMG	640110	0x4E237000	34336	0x1F358
sound/MIDI2201.SMG	640127	0x4E23F800	41552	0x1F364
sound/MIDI2202.SMG	640148	0x4E24A000	34336	0x1F370
sound/MIDI2203.SMG	640165	0x4E252800	30624	0x1F37C
sound/MIDI2210.SMG	640180	0x4E25A000	30064	0x1F388
sound/MIDI2211.SMG	640195	0x4E261800	19760	0x1F394
sound/MIDI2220.SMG	640205	0x4E266800	45936	0x1F3A0
sound/MIDI2221.SMG	640228	0x4E272000	47568	0x1F3AC
sound/MIDI2222.SMG	640252	0x4E27E000	29296	0x1F3B8
sound/MIDI2230.SMG	640267	0x4E285800	21088	0x1F3C4
sound/MIDI2231.SMG	640278	0x4E28B000	16096	0x1F3D0
sound/MIDI2232.SMG	640286	0x4E28F000	21088	0x1F3DC
sound/MIDI2240.SMG	640297	0x4E294800	32912	0x1F3E8
sound/MIDI2241.SMG	640314	0x4E29D000	37888	0x1F3F4
sound/MIDI2242.SMG	640333	0x4E2A6800	39072	0x1F400
sound/MIDI2243.SMG	640353	0x4E2B0800	12352	0x1F40C
sound/MIDI2244.SMG	640360	0x4E2B4000	12352	0x1F418
sound/MIDI2250.SMG	640367	0x4E2B7800	27344	0x1F424
sound/MIDI2251.SMG	640381	0x4E2BE800	40848	0x1F430
sound/MIDI2260.SMG	640401	0x4E2C8800	19376	0x1F43C
sound/MIDI2261.SMG	640411	0x4E2CD800	9376	0x1F448
sound/MIDI2262.SMG	640416	0x4E2D0000	16208	0x1F454
sound/MIDI2263.SMG	640424	0x4E2D4000	19376	0x1F460
sound/MIDI2270.SMG	640434	0x4E2D9000	27968	0x1F46C
sound/MIDI2271.SMG	640448	0x4E2E0000	40080	0x1F478
sound/MIDI2272.SMG	640468	0x4E2EA000	27968	0x1F484
sound/MIDI2280.SMG	640482	0x4E2F1000	28672	0x1F490
sound/MIDI2281.SMG	640496	0x4E2F8000	45232	0x1F49C
sound/MIDI2282.SMG	640519	0x4E303800	17728	0x1F4A8
sound/MIDI2283.SMG	640528	0x4E308000	28688	0x1F4B4
sound/MIDI2290.SMG	640543	0x4E30F800	20160	0x1F4C0
sound/MIDI2291.SMG	640553	0x4E314800	37936	0x1F4CC
sound/MIDI2292.SMG	640572	0x4E31E000	37072	0x1F4D8
sound/MIDI22A0.SMG	640591	0x4E327800	19296	0x1F4E4
sound/MIDI22A1.SMG	640601	0x4E32C800	34256	0x1F4F0
sound/MIDI22B0.SMG	640618	0x4E335000	29296	0x1F4FC
sound/MIDI22B1.SMG	640633	0x4E33C800	28128	0x1F508
sound/MIDI22B2.SMG	640647	0x4E343800	29296	0x1F514
sound/MIDI22B3.SMG	640662	0x4E34B000	27776	0x1F520
sound/MIDI22C0.SMG	640676	0x4E352000	26304	0x1F52C
sound/MIDI22C1.SMG	640689	0x4E358800	21296	0x1F538
sound/MIDI22D0.SMG	640700	0x4E35E000	28672	0x1F544
sound/MIDI22D1.SMG	640714	0x4E365000	45232	0x1F550
sound/MIDI22D2.SMG	640737	0x4E370800	17728	0x1F55C
sound/MIDI22D3.SMG	640746	0x4E375000	28688	0x1F568
sound/MIDI22F0.SMG	640761	0x4E37C800	27888	0x1F574
sound/MIDI22F1.SMG	640775	0x4E383800	49632	0x1F580
sound/MIDI22F2.SMG	640800	0x4E390000	29408	0x1F58C
sound/MIDI22F3.SMG	640815	0x4E397800	27888	0x1F598
sound/MIDI2300.SMG	640829	0x4E39E800	25664	0x1F5A4
sound/MIDI2301.SMG	640842	0x4E3A5000	31248	0x1F5B0
sound/MIDI2302.SMG	640858	0x4E3AD000	34256	0x1F5BC
sound/MIDI2310.SMG	640875	0x4E3B5800	32896	0x1F5C8
sound/MIDI2311.SMG	640892	0x4E3BE000	29488	0x1F5D4
sound/MIDI2312.SMG	640907	0x4E3C5800	32896	0x1F5E0
sound/MIDI2320.SMG	640924	0x4E3CE000	35088	0x1F5EC
sound/MIDI2330.SMG	640942	0x4E3D7000	17728	0x1F5F8
sound/MIDI2331.SMG	640951	0x4E3DB800	34288	0x1F604
sound/MIDI2332.SMG	640968	0x4E3E4000	17728	0x1F610
sound/MIDI2333.SMG	640977	0x4E3E8800	17728	0x1F61C
sound/MIDI2340.SMG	640986	0x4E3ED000	45728	0x1F628
sound/MIDI2341.SMG	641009	0x4E3F8800	25536	0x1F634
sound/MIDI2342.SMG	641022	0x4E3FF000	25536	0x1F640
sound/MIDI2343.SMG	641035	0x4E405800	45728	0x1F64C
sound/MIDI2350.SMG	641058	0x4E411000	20160	0x1F658
sound/MIDI2351.SMG	641068	0x4E416000	37936	0x1F664
sound/MIDI2352.SMG	641087	0x4E41F800	37072	0x1F670
sound/MIDI2360.SMG	641106	0x4E429000	27584	0x1F67C
sound/MIDI2361.SMG	641120	0x4E430000	21120	0x1F688
sound/MIDI2362.SMG	641131	0x4E435800	21792	0x1F694
sound/MIDI2363.SMG	641142	0x4E43B000	27584	0x1F6A0
sound/MIDI2370.SMG	641156	0x4E442000	26320	0x1F6AC
sound/MIDI2371.SMG	641169	0x4E448800	18736	0x1F6B8
sound/MIDI2372.SMG	641179	0x4E44D800	26320	0x1F6C4
sound/MIDI2373.SMG	641192	0x4E454000	49040	0x1F6D0
sound/MIDI2374.SMG	641216	0x4E460000	21360	0x1F6DC
sound/MIDI2375.SMG	641227	0x4E465800	39984	0x1F6E8
sound/MIDI2380.SMG	641247	0x4E46F800	12352	0x1F6F4
sound/MIDI2381.SMG	641254	0x4E473000	9216	0x1F700
sound/MIDI2382.SMG	641259	0x4E475800	16096	0x1F70C
sound/MIDI2390.SMG	641267	0x4E479800	37728	0x1F718
sound/MIDI2391.SMG	641286	0x4E483000	49552	0x1F724
sound/MIDI23A0.SMG	641311	0x4E48F800	30208	0x1F730
sound/MIDI23A1.SMG	641326	0x4E497000	48512	0x1F73C
sound/MIDI23A2.SMG	641350	0x4E4A3000	30208	0x1F748
sound/MIDI23A3.SMG	641365	0x4E4AA800	37792	0x1F754
sound/MIDI23B0.SMG	641384	0x4E4B4000	48736	0x1F760
sound/MIDI23B1.SMG	641408	0x4E4C0000	47200	0x1F76C
sound/MIDI23B2.SMG	641432	0x4E4CC000	47584	0x1F778
sound/MIDI23B3.SMG	641456	0x4E4D8000	48736	0x1F784
sound/MIDI23C0.SMG	641480	0x4E4E4000	15744	0x1F790
sound/MIDI23C1.SMG	641488	0x4E4E8000	12960	0x1F79C
sound/MIDI23C2.SMG	641495	0x4E4EB800	17136	0x1F7A8
sound/MIDI23C3.SMG	641504	0x4E4F0000	25344	0x1F7B4
sound/MIDI23C4.SMG	641517	0x4E4F6800	12960	0x1F7C0
sound/MIDI23C5.SMG	641524	0x4E4FA000	25344	0x1F7CC
sound/MIDI23C6.SMG	641537	0x4E500800	21536	0x1F7D8
sound/MIDI23C7.SMG	641548	0x4E506000	22928	0x1F7E4
sound/MIDI23C8.SMG	641560	0x4E50C000	25344	0x1F7F0
sound/MIDI23D0.SMG	641573	0x4E512800	30944	0x1F7FC
sound/MIDI23D1.SMG	641589	0x4E51A800	27920	0x1F808
sound/MIDI23D2.SMG	641603	0x4E521800	32720	0x1F814
sound/MIDI23D3.SMG	641619	0x4E529800	30944	0x1F820
sound/MIDI23E0.SMG	641635	0x4E531800	9568	0x1F82C
sound/MIDI23E1.SMG	641640	0x4E534000	11360	0x1F838
sound/MIDI23E2.SMG	641646	0x4E537000	17664	0x1F844
sound/MIDI23E3.SMG	641655	0x4E53B800	25840	0x1F850
sound/MIDI23F0.SMG	641668	0x4E542000	20768	0x1F85C
sound/MIDI23F1.SMG	641679	0x4E547800	22736	0x1F868
sound/MIDI23F2.SMG	641691	0x4E54D800	34240	0x1F874
sound/MIDI23F3.SMG	641708	0x4E556000	20768	0x1F880
sound/MIDI23F4.SMG	641719	0x4E55B800	27520	0x1F88C
sound/MIDI2410.SMG	641733	0x4E562800	25936	0x1F898
sound/MIDI2411.SMG	641746	0x4E569000	25424	0x1F8A4
sound/MIDI2412.SMG	641759	0x4E56F800	38224	0x1F8B0
sound/MIDI2413.SMG	641778	0x4E579000	25936	0x1F8BC
sound/MIDI2430.SMG	641791	0x4E57F800	23776	0x1F8C8
sound/MIDI2431.SMG	641803	0x4E585800	25536	0x1F8D4
sound/MIDI2432.SMG	641816	0x4E58C000	37920	0x1F8E0
sound/MIDI2433.SMG	641835	0x4E595800	23776	0x1F8EC
sound/MIDI2440.SMG	641847	0x4E59B800	5024	0x1F8F8
sound/MIDI2441.SMG	641850	0x4E59D000	42880	0x1F904
sound/MIDI2442.SMG	641871	0x4E5A7800	5024	0x1F910
sound/MIDI2443.SMG	641874	0x4E5A9000	19936	0x1F91C
sound/MIDI2450.SMG	641884	0x4E5AE000	16144	0x1F928
sound/MIDI2451.SMG	641892	0x4E5B2000	29728	0x1F934
sound/MIDI2452.SMG	641907	0x4E5B9800	19824	0x1F940
sound/MIDI2470.SMG	641917	0x4E5BE800	23776	0x1F94C
sound/MIDI2471.SMG	641929	0x4E5C4800	25536	0x1F958
sound/MIDI2472.SMG	641942	0x4E5CB000	37920	0x1F964
sound/MIDI2473.SMG	641961	0x4E5D4800	23776	0x1F970
sound/MIDI2480.SMG	641973	0x4E5DA800	19008	0x1F97C
sound/MIDI2481.SMG	641983	0x4E5DF800	37488	0x1F988
sound/MIDI2482.SMG	642002	0x4E5E9000	46784	0x1F994
sound/MIDI2483.SMG	642025	0x4E5F4800	32944	0x1F9A0
sound/MIDI2490.SMG	642042	0x4E5FD000	25904	0x1F9AC
sound/MIDI2491.SMG	642055	0x4E603800	45840	0x1F9B8
sound/MIDI2492.SMG	642078	0x4E60F000	36336	0x1F9C4
sound/MIDI2493.SMG	642096	0x4E618000	25904	0x1F9D0
sound/MIDI24A0.SMG	642109	0x4E61E800	17136	0x1F9DC
sound/MIDI24A1.SMG	642118	0x4E623000	21456	0x1F9E8
sound/MIDI24A2.SMG	642129	0x4E628800	24720	0x1F9F4
sound/MIDI24A3.SMG	642142	0x4E62F000	46224	0x1FA00
sound/MIDI24B0.SMG	642165	0x4E63A800	24592	0x1FA0C
sound/MIDI24B1.SMG	642178	0x4E641000	37040	0x1FA18
sound/MIDI24B2.SMG	642197	0x4E64A800	24864	0x1FA24
sound/MIDI24B3.SMG	642210	0x4E651000	24592	0x1FA30
sound/MIDI24C0.SMG	642223	0x4E657800	25872	0x1FA3C
sound/MIDI24C1.SMG	642236	0x4E65E000	38176	0x1FA48
sound/MIDI24C2.SMG	642255	0x4E667800	11120	0x1FA54
sound/MIDI24C3.SMG	642261	0x4E66A800	46992	0x1FA60
sound/MIDI24D0.SMG	642284	0x4E676000	16144	0x1FA6C
sound/MIDI24D1.SMG	642292	0x4E67A000	29728	0x1FA78
sound/MIDI24D2.SMG	642307	0x4E681800	19824	0x1FA84
sound/MIDI24E0.SMG	642317	0x4E686800	15744	0x1FA90
sound/MIDI24E1.SMG	642325	0x4E68A800	25664	0x1FA9C
sound/MIDI24E2.SMG	642338	0x4E691000	15488	0x1FAA8
sound/MIDI24F0.SMG	642346	0x4E695000	10896	0x1FAB4
sound/MIDI24F1.SMG	642352	0x4E698000	17584	0x1FAC0
sound/MIDI2500.SMG	642361	0x4E69C800	15744	0x1FACC
sound/MIDI2501.SMG	642369	0x4E6A0800	25664	0x1FAD8
sound/MIDI2502.SMG	642382	0x4E6A7000	15488	0x1FAE4
sound/MIDI2503.SMG	642390	0x4E6AB000	48880	0x1FAF0
sound/MIDI2504.SMG	642414	0x4E6B7000	47344	0x1FAFC
sound/MIDI2505.SMG	642438	0x4E6C3000	34448	0x1FB08
sound/MIDI2506.SMG	642455	0x4E6CB800	21104	0x1FB14
sound/MIDI2507.SMG	642466	0x4E6D1000	29408	0x1FB20
sound/MIDI2508.SMG	642481	0x4E6D8800	9216	0x1FB2C
sound/MIDI2509.SMG	642486	0x4E6DB000	23776	0x1FB38
sound/MIDI250A.SMG	642498	0x4E6E1000	23776	0x1FB44
sound/MIDI250B.SMG	642510	0x4E6E7000	38208	0x1FB50
sound/MIDI250C.SMG	642529	0x4E6F0800	22208	0x1FB5C
sound/MIDI250D.SMG	642540	0x4E6F6000	27056	0x1FB68
sound/MIDI250E.SMG	642554	0x4E6FD000	23776	0x1FB74
sound/MIDI250F.SMG	642566	0x4E703000	7712	0x1FB80
sound/MIDI2510.SMG	642570	0x4E705000	17136	0x1FB8C
sound/MIDI2511.SMG	642579	0x4E709800	21456	0x1FB98
sound/MIDI2512.SMG	642590	0x4E70F000	24720	0x1FBA4
sound/MIDI2513.SMG	642603	0x4E715800	46224	0x1FBB0
sound/MIDI2520.SMG	642626	0x4E721000	23664	0x1FBBC
sound/MIDI2521.SMG	642638	0x4E727000	50384	0x1FBC8
sound/MIDI2522.SMG	642663	0x4E733800	31632	0x1FBD4
sound/MIDI2523.SMG	642679	0x4E73B800	23664	0x1FBE0
sound/MIDI2530.SMG	642691	0x4E741800	39904	0x1FBEC
sound/MIDI2531.SMG	642711	0x4E74B800	29792	0x1FBF8
sound/MIDI2532.SMG	642726	0x4E753000	28032	0x1FC04
sound/MIDI2533.SMG	642740	0x4E75A000	49248	0x1FC10
sound/MIDI2540.SMG	642765	0x4E766800	23776	0x1FC1C
sound/MIDI2541.SMG	642777	0x4E76C800	25536	0x1FC28
sound/MIDI2542.SMG	642790	0x4E773000	37920	0x1FC34
sound/MIDI2543.SMG	642809	0x4E77C800	23776	0x1FC40
sound/MIDI2550.SMG	642821	0x4E782800	5024	0x1FC4C
sound/MIDI2551.SMG	642824	0x4E784000	5024	0x1FC58
sound/MIDI2552.SMG	642827	0x4E785800	5024	0x1FC64
sound/MIDI2560.SMG	642830	0x4E787000	5024	0x1FC70
sound/MIDI2561.SMG	642833	0x4E788800	5024	0x1FC7C
sound/MIDI2562.SMG	642836	0x4E78A000	5024	0x1FC88
sound/MIDI2570.SMG	642839	0x4E78B800	5024	0x1FC94
sound/MIDI2571.SMG	642842	0x4E78D000	5024	0x1FCA0
sound/MIDI2572.SMG	642845	0x4E78E800	5024	0x1FCAC
sound/MIDI2900.SMG	642848	0x4E790000	57328	0x1FCB8
sound/MIDI2901.SMG	642876	0x4E79E000	57328	0x1FCC4
sound/MIDI2902.SMG	642904	0x4E7AC000	57328	0x1FCD0
sound/MIDI2903.SMG	642932	0x4E7BA000	57328	0x1FCDC
sound/MIDI2904.SMG	642960	0x4E7C8000	57328	0x1FCE8
sound/MIDI2905.SMG	642988	0x4E7D6000	57328	0x1FCF4
sound/MIDI2906.SMG	643016	0x4E7E4000	57328	0x1FD00
sound/MIDI2907.SMG	643044	0x4E7F2000	57328	0x1FD0C
sound/MIDI2908.SMG	643072	0x4E800000	57328	0x1FD18
sound/MIDI2909.SMG	643100	0x4E80E000	57328	0x1FD24
sound/MIDI290A.SMG	643128	0x4E81C000	57328	0x1FD30
sound/MIDI3000.SMG	643156	0x4E82A000	23776	0x1FD3C
sound/MIDI3001.SMG	643168	0x4E830000	34448	0x1FD48
sound/MIDI3002.SMG	643185	0x4E838800	34448	0x1FD54
sound/MIDI3003.SMG	643202	0x4E841000	48880	0x1FD60
sound/MIDI3004.SMG	643226	0x4E84D000	47344	0x1FD6C
sound/MIDI3005.SMG	643250	0x4E859000	34448	0x1FD78
sound/MIDI3006.SMG	643267	0x4E861800	21104	0x1FD84
sound/MIDI3007.SMG	643278	0x4E867000	29408	0x1FD90
sound/MIDI3008.SMG	643293	0x4E86E800	9216	0x1FD9C
sound/MIDI3009.SMG	643298	0x4E871000	38592	0x1FDA8
sound/MIDI300A.SMG	643317	0x4E87A800	12352	0x1FDB4
sound/MIDI300B.SMG	643324	0x4E87E000	38208	0x1FDC0
sound/MIDI300C.SMG	643343	0x4E887800	22208	0x1FDCC
sound/MIDI300D.SMG	643354	0x4E88D000	27056	0x1FDD8
sound/MIDI300E.SMG	643368	0x4E894000	12352	0x1FDE4
sound/MIDI300F.SMG	643375	0x4E897800	7712	0x1FDF0
sound/MIDI3010.SMG	643379	0x4E899800	13664	0x1FDFC
sound/MIDI3011.SMG	643386	0x4E89D000	29632	0x1FE08
sound/MIDI3012.SMG	643401	0x4E8A4800	23536	0x1FE14
sound/MIDI3013.SMG	643413	0x4E8AA800	21360	0x1FE20
sound/MIDI3014.SMG	643424	0x4E8B0000	34384	0x1FE2C
sound/MIDI3015.SMG	643441	0x4E8B8800	34384	0x1FE38
sound/MIDI3016.SMG	643458	0x4E8C1000	34368	0x1FE44
sound/MIDI3017.SMG	643475	0x4E8C9800	34384	0x1FE50
sound/MIDI3018.SMG	643492	0x4E8D2000	31744	0x1FE5C
sound/MIDI3019.SMG	643508	0x4E8DA000	31744	0x1FE68
sound/MIDI301A.SMG	643524	0x4E8E2000	31744	0x1FE74
sound/MIDI301B.SMG	643540	0x4E8EA000	26224	0x1FE80
sound/MIDI301C.SMG	643553	0x4E8F0800	35584	0x1FE8C
sound/MIDI301D.SMG	643571	0x4E8F9800	12352	0x1FE98
sound/MIDI301E.SMG	643578	0x4E8FD000	11056	0x1FEA4
sound/MIDI301F.SMG	643584	0x4E900000	29792	0x1FEB0
sound/MIDI3020.SMG	643599	0x4E907800	19232	0x1FEBC
sound/MIDI3021.SMG	643609	0x4E90C800	27088	0x1FEC8
sound/MIDI3022.SMG	643623	0x4E913800	21120	0x1FED4
sound/MIDI3023.SMG	643634	0x4E919000	40272	0x1FEE0
sound/MIDI3024.SMG	643654	0x4E923000	38000	0x1FEEC
sound/MIDI3025.SMG	643673	0x4E92C800	10896	0x1FEF8
sound/MIDI3026.SMG	643679	0x4E92F800	40336	0x1FF04
sound/MIDI3027.SMG	643699	0x4E939800	34560	0x1FF10
sound/MIDI3028.SMG	643716	0x4E942000	34656	0x1FF1C
sound/MIDI3029.SMG	643733	0x4E94A800	34416	0x1FF28
sound/MIDI302A.SMG	643750	0x4E953000	39168	0x1FF34
sound/MIDI302B.SMG	643770	0x4E95D000	34384	0x1FF40
sound/MIDI302C.SMG	643787	0x4E965800	46848	0x1FF4C
sound/MIDI302D.SMG	643810	0x4E971000	34640	0x1FF58
sound/MIDI302E.SMG	643827	0x4E979800	44416	0x1FF64
sound/Nature.ses	643849	0x4E984800	1290	0x1FF70
soundat3/V001_0.at3	643850	0x4E985000	7680	0x264CC
soundat3/V003_0.at3	643854	0x4E987000	12480	0x264D8
soundat3/V003_1.at3	643861	0x4E98A800	24000	0x264E4
soundat3/V004_0.at3	643873	0x4E990800	20544	0x264F0
soundat3/V004_1.at3	643884	0x4E996000	15360	0x264FC
soundat3/V005_0.at3	643892	0x4E99A000	28224	0x26508
soundat3/V006_0.at3	643906	0x4E9A1000	16896	0x26514
soundat3/V006_1.at3	643915	0x4E9A5800	12480	0x26520
soundat3/V011_0.at3	643922	0x4E9A9000	34560	0x2652C
soundat3/V011_1.at3	643939	0x4E9B1800	32064	0x26538
soundat3/V013_0.at3	643955	0x4E9B9800	30336	0x26544
soundat3/V013_1.at3	643970	0x4E9C1000	24576	0x26550
soundat3/V014_0.at3	643982	0x4E9C7000	23616	0x2655C
soundat3/V014_1.at3	643994	0x4E9CD000	19200	0x26568
soundat3/V015_0.at3	644004	0x4E9D2000	29376	0x26574
soundat3/V015_1.at3	644019	0x4E9D9800	20736	0x26580
soundat3/V015_2.at3	644030	0x4E9DF000	20928	0x2658C
soundat3/V016_0.at3	644041	0x4E9E4800	12288	0x26598
soundat3/V016_1.at3	644047	0x4E9E7800	13248	0x265A4
soundat3/V016_2.at3	644054	0x4E9EB000	10944	0x265B0
soundat3/VP001_1.at3	644060	0x4E9EE000	6720	0x265BC
soundat3/VP001_2.at3	644064	0x4E9F0000	7104	0x265C8
soundat3/VP001_3.at3	644068	0x4E9F2000	26112	0x265D4
soundat3/VP001_4.at3	644081	0x4E9F8800	44928	0x265E0
soundat3/VP001_5.at3	644103	0x4EA03800	40128	0x265EC
soundat3/VP001_6.at3	644123	0x4EA0D800	55872	0x265F8
soundat3/VP002_1.at3	644151	0x4EA1B800	7680	0x26604
soundat3/VP002_2.at3	644155	0x4EA1D800	9600	0x26610
soundat3/VP002_3.at3	644160	0x4EA20000	19392	0x2661C
soundat3/VP002_4.at3	644170	0x4EA25000	61056	0x26628
soundat3/VP002_5.at3	644200	0x4EA34000	23232	0x26634
soundat3/VP002_6.at3	644212	0x4EA3A000	19584	0x26640
soundat3/VP003_1.at3	644222	0x4EA3F000	1728	0x2664C
soundat3/VP003_2.at3	644223	0x4EA3F800	21504	0x26658
soundat3/VP003_3.at3	644234	0x4EA45000	38016	0x26664
soundat3/VP003_4.at3	644253	0x4EA4E800	38016	0x26670
soundat3/VP003_5.at3	644272	0x4EA58000	39936	0x2667C
soundat3/VP003_6.at3	644292	0x4EA62000	38016	0x26688
soundat3/VP004_1.at3	644311	0x4EA6B800	11520	0x26694
soundat3/VP004_2.at3	644317	0x4EA6E800	19008	0x266A0
soundat3/VP004_3.at3	644327	0x4EA73800	26304	0x266AC
soundat3/VP004_4.at3	644340	0x4EA7A000	27264	0x266B8
soundat3/VP004_5.at3	644354	0x4EA81000	23040	0x266C4
soundat3/VP004_6.at3	644366	0x4EA87000	37056	0x266D0
soundat3/VP005_1.at3	644385	0x4EA90800	6528	0x266DC
soundat3/VP005_2.at3	644389	0x4EA92800	24960	0x266E8
soundat3/VP005_3.at3	644402	0x4EA99000	36480	0x266F4
soundat3/VP005_4.at3	644420	0x4EAA2000	42432	0x26700
soundat3/VP005_5.at3	644441	0x4EAAC800	26688	0x2670C
soundat3/VP005_6.at3	644455	0x4EAB3800	38976	0x26718
soundat3/VP005_7.at3	644475	0x4EABD800	9024	0x26724
soundat3/VP005_8.at3	644480	0x4EAC0000	28224	0x26730
soundat3/VP005_9.at3	644494	0x4EAC7000	41280	0x2673C
soundat3/VP006_1.at3	644515	0x4EAD1800	9792	0x26748
soundat3/VP006_2.at3	644520	0x4EAD4000	27456	0x26754
soundat3/VP006_3.at3	644534	0x4EADB000	20736	0x26760
soundat3/VP006_4.at3	644545	0x4EAE0800	26112	0x2676C
soundat3/VP006_5.at3	644558	0x4EAE7000	36096	0x26778
soundat3/VP006_6.at3	644576	0x4EAF0000	35328	0x26784
soundat3/b_bgm1-1.at3	644594	0x4EAF9000	1383168	0x26790
soundat3/b_bgm1-2.at3	645270	0x4EC4B000	691584	0x2679C
soundat3/b_bgm1-3.at3	645608	0x4ECF4000	691584	0x267A8
soundat3/b_bgm1-4.at3	645946	0x4ED9D000	345792	0x267B4
soundat3/b_bgm102.at3	646115	0x4EDF1800	625344	0x267C0
soundat3/b_bgm112.at3	646421	0x4EE8A800	625344	0x267CC
soundat3/b_bgm122.at3	646727	0x4EF23800	625344	0x267D8
soundat3/b_bgm132.at3	647033	0x4EFBC800	724992	0x267E4
soundat3/b_bgm2-1.at3	647387	0x4F06D800	1819392	0x267F0
soundat3/b_bgm2-2.at3	648276	0x4F22A000	910848	0x267FC
soundat3/b_bgm2-3.at3	648721	0x4F308800	909696	0x26808
soundat3/b_bgm3-2.at3	649166	0x4F3E7000	922944	0x26814
soundat3/b_bgm4-2.at3	649617	0x4F4C8800	950592	0x26820
soundat3/b_bgm5-2.at3	650082	0x4F5B1000	625344	0x2682C
soundat3/b_bgm6-2.at3	650388	0x4F64A000	934656	0x26838
soundat3/b_bgm7-2.at3	650845	0x4F72E800	1033344	0x26844
soundat3/b_bgm8-2.at3	651350	0x4F82B000	927168	0x26850
soundat3/b_bgm9-2.at3	651803	0x4F90D800	625344	0x2685C
soundat3/config.at3	652109	0x4F9A6800	494592	0x26868
soundat3/f_se20.at3	652351	0x4FA1F800	12480	0x26874
soundat3/f_se21.at3	652358	0x4FA23000	10176	0x26880
soundat3/f_se22.at3	652363	0x4FA25800	7680	0x2688C
soundat3/f_se24.at3	652367	0x4FA27800	24768	0x26898
soundat3/f_se25.at3	652380	0x4FA2E000	7680	0x268A4
soundat3/f_se27.at3	652384	0x4FA30000	5184	0x268B0
soundat3/f_se38.at3	652387	0x4FA31800	11904	0x268BC
soundat3/f_se66.at3	652393	0x4FA34800	63936	0x268C8
soundat3/hunt.at3	652425	0x4FA44800	766656	0x268D4
soundat3/ice.at3	652800	0x4FB00000	36288	0x268E0
soundat3/mantra.at3	652818	0x4FB09000	553920	0x268EC
soundat3/me001.at3	653089	0x4FB90800	10752	0x268F8
soundat3/me002.at3	653095	0x4FB93800	7680	0x26904
soundat3/me003.at3	653099	0x4FB95800	10176	0x26910
soundat3/me004.at3	653104	0x4FB98000	7680	0x2691C
soundat3/me005.at3	653108	0x4FB9A000	10176	0x26928
soundat3/me006.at3	653113	0x4FB9C800	7680	0x26934
soundat3/me007.at3	653117	0x4FB9E800	17472	0x26940
soundat3/me008.at3	653126	0x4FBA3000	12480	0x2694C
soundat3/me009.at3	653133	0x4FBA6800	12480	0x26958
soundat3/me00a.at3	653140	0x4FBAA000	7680	0x26964
soundat3/me00b.at3	653144	0x4FBAC000	7680	0x26970
soundat3/me00c.at3	653148	0x4FBAE000	12480	0x2697C
soundat3/me00d.at3	653155	0x4FBB1800	12480	0x26988
soundat3/me00e.at3	653162	0x4FBB5000	5184	0x26994
soundat3/me00f.at3	653165	0x4FBB6800	10176	0x269A0
soundat3/me010.at3	653170	0x4FBB9000	5184	0x269AC
soundat3/me011.at3	653173	0x4FBBA800	12480	0x269B8
soundat3/me012.at3	653180	0x4FBBE000	5184	0x269C4
soundat3/me013.at3	653183	0x4FBBF800	12480	0x269D0
soundat3/me014.at3	653190	0x4FBC3000	7680	0x269DC
soundat3/me015.at3	653194	0x4FBC5000	10176	0x269E8
soundat3/me016.at3	653199	0x4FBC7800	10176	0x269F4
soundat3/me017.at3	653204	0x4FBCA000	7680	0x26A00
soundat3/me018.at3	653208	0x4FBCC000	10176	0x26A0C
soundat3/me019.at3	653213	0x4FBCE800	5184	0x26A18
soundat3/me01a.at3	653216	0x4FBD0000	10176	0x26A24
soundat3/me01b.at3	653221	0x4FBD2800	7680	0x26A30
soundat3/me01c.at3	653225	0x4FBD4800	5184	0x26A3C
soundat3/me01d.at3	653228	0x4FBD6000	12480	0x26A48
soundat3/me01e.at3	653235	0x4FBD9800	10176	0x26A54
soundat3/me01f.at3	653240	0x4FBDC000	12480	0x26A60
soundat3/me020.at3	653247	0x4FBDF800	12480	0x26A6C
soundat3/me021.at3	653254	0x4FBE3000	12480	0x26A78
soundat3/me022.at3	653261	0x4FBE6800	12480	0x26A84
soundat3/me023.at3	653268	0x4FBEA000	14016	0x26A90
soundat3/me024.at3	653275	0x4FBED800	10176	0x26A9C
soundat3/me025.at3	653280	0x4FBF0000	12480	0x26AA8
soundat3/me026.at3	653287	0x4FBF3800	10176	0x26AB4
soundat3/me027.at3	653292	0x4FBF6000	12480	0x26AC0
soundat3/me028.at3	653299	0x4FBF9800	7680	0x26ACC
soundat3/me029.at3	653303	0x4FBFB800	2688	0x26AD8
soundat3/me02a.at3	653305	0x4FBFC800	7680	0x26AE4
soundat3/me02b.at3	653309	0x4FBFE800	10176	0x26AF0
soundat3/me02c.at3	653314	0x4FC01000	12480	0x26AFC
soundat3/me02d.at3	653321	0x4FC04800	7680	0x26B08
soundat3/me02e.at3	653325	0x4FC06800	10176	0x26B14
soundat3/me02f.at3	653330	0x4FC09000	7680	0x26B20
soundat3/me030.at3	653334	0x4FC0B000	7680	0x26B2C
soundat3/me031.at3	653338	0x4FC0D000	12480	0x26B38
soundat3/me032.at3	653345	0x4FC10800	5184	0x26B44
soundat3/me033.at3	653348	0x4FC12000	10176	0x26B50
soundat3/me034.at3	653353	0x4FC14800	7680	0x26B5C
soundat3/me035.at3	653357	0x4FC16800	10176	0x26B68
soundat3/me036.at3	653362	0x4FC19000	11712	0x26B74
soundat3/me037.at3	653368	0x4FC1C000	12480	0x26B80
soundat3/me038.at3	653375	0x4FC1F800	10176	0x26B8C
soundat3/me039.at3	653380	0x4FC22000	7680	0x26B98
soundat3/me03a.at3	653384	0x4FC24000	10176	0x26BA4
soundat3/me03b.at3	653389	0x4FC26800	12480	0x26BB0
soundat3/me03c.at3	653396	0x4FC2A000	14016	0x26BBC
soundat3/me03d.at3	653403	0x4FC2D800	12480	0x26BC8
soundat3/me03e.at3	653410	0x4FC31000	10176	0x26BD4
soundat3/me03f.at3	653415	0x4FC33800	12480	0x26BE0
soundat3/me040.at3	653422	0x4FC37000	12480	0x26BEC
soundat3/me041.at3	653429	0x4FC3A800	10176	0x26BF8
soundat3/me042.at3	653434	0x4FC3D000	12480	0x26C04
soundat3/me043.at3	653441	0x4FC40800	5184	0x26C10
soundat3/me044.at3	653444	0x4FC42000	12480	0x26C1C
soundat3/me045.at3	653451	0x4FC45800	12480	0x26C28
soundat3/me046.at3	653458	0x4FC49000	5184	0x26C34
soundat3/me047.at3	653461	0x4FC4A800	12480	0x26C40
soundat3/me048.at3	653468	0x4FC4E000	7680	0x26C4C
soundat3/me049.at3	653472	0x4FC50000	7680	0x26C58
soundat3/me04a.at3	653476	0x4FC52000	2688	0x26C64
soundat3/me04b.at3	653478	0x4FC53000	10176	0x26C70
soundat3/me04c.at3	653483	0x4FC55800	12480	0x26C7C
soundat3/me04d.at3	653490	0x4FC59000	12480	0x26C88
soundat3/me04e.at3	653497	0x4FC5C800	12480	0x26C94
soundat3/me04f.at3	653504	0x4FC60000	10176	0x26CA0
soundat3/me050.at3	653509	0x4FC62800	12480	0x26CAC
soundat3/me051.at3	653516	0x4FC66000	12480	0x26CB8
soundat3/me052.at3	653523	0x4FC69800	5184	0x26CC4
soundat3/me053.at3	653526	0x4FC6B000	17472	0x26CD0
soundat3/me054.at3	653535	0x4FC6F800	7680	0x26CDC
soundat3/me055.at3	653539	0x4FC71800	5184	0x26CE8
soundat3/me056.at3	653542	0x4FC73000	5184	0x26CF4
soundat3/me057.at3	653545	0x4FC74800	12480	0x26D00
soundat3/me058.at3	653552	0x4FC78000	12480	0x26D0C
soundat3/me059.at3	653559	0x4FC7B800	7680	0x26D18
soundat3/me05a.at3	653563	0x4FC7D800	7680	0x26D24
soundat3/me05b.at3	653567	0x4FC7F800	5184	0x26D30
soundat3/me05c.at3	653570	0x4FC81000	8256	0x26D3C
soundat3/me05d.at3	653575	0x4FC83800	10176	0x26D48
soundat3/me05e.at3	653580	0x4FC86000	7680	0x26D54
soundat3/me05f.at3	653584	0x4FC88000	7680	0x26D60
soundat3/me060.at3	653588	0x4FC8A000	7680	0x26D6C
soundat3/me061.at3	653592	0x4FC8C000	7680	0x26D78
soundat3/me062.at3	653596	0x4FC8E000	5184	0x26D84
soundat3/me063.at3	653599	0x4FC8F800	7680	0x26D90
soundat3/me064.at3	653603	0x4FC91800	12480	0x26D9C
soundat3/me066.at3	653610	0x4FC95000	10176	0x26DA8
soundat3/me101.at3	653615	0x4FC97800	12480	0x26DB4
soundat3/me102.at3	653622	0x4FC9B000	7680	0x26DC0
soundat3/me103.at3	653626	0x4FC9D000	7680	0x26DCC
soundat3/me104.at3	653630	0x4FC9F000	12480	0x26DD8
soundat3/me105.at3	653637	0x4FCA2800	12480	0x26DE4
soundat3/me106.at3	653644	0x4FCA6000	12480	0x26DF0
soundat3/me107.at3	653651	0x4FCA9800	10176	0x26DFC
soundat3/me108.at3	653656	0x4FCAC000	7680	0x26E08
soundat3/me109.at3	653660	0x4FCAE000	7680	0x26E14
soundat3/me10a.at3	653664	0x4FCB0000	12480	0x26E20
soundat3/me10b.at3	653671	0x4FCB3800	12480	0x26E2C
soundat3/me10c.at3	653678	0x4FCB7000	12480	0x26E38
soundat3/me10d.at3	653685	0x4FCBA800	12480	0x26E44
soundat3/me10e.at3	653692	0x4FCBE000	10176	0x26E50
soundat3/me10f.at3	653697	0x4FCC0800	7680	0x26E5C
soundat3/me110.at3	653701	0x4FCC2800	14976	0x26E68
soundat3/me111.at3	653709	0x4FCC6800	14976	0x26E74
soundat3/me112.at3	653717	0x4FCCA800	10176	0x26E80
soundat3/me113.at3	653722	0x4FCCD000	12480	0x26E8C
soundat3/me114.at3	653729	0x4FCD0800	5184	0x26E98
soundat3/me115.at3	653732	0x4FCD2000	12480	0x26EA4
soundat3/me116.at3	653739	0x4FCD5800	10176	0x26EB0
soundat3/me117.at3	653744	0x4FCD8000	12480	0x26EBC
soundat3/me118.at3	653751	0x4FCDB800	12480	0x26EC8
soundat3/me119.at3	653758	0x4FCDF000	14016	0x26ED4
soundat3/me11a.at3	653765	0x4FCE2800	14016	0x26EE0
soundat3/me11b.at3	653772	0x4FCE6000	10176	0x26EEC
soundat3/me11c.at3	653777	0x4FCE8800	7680	0x26EF8
soundat3/me11d.at3	653781	0x4FCEA800	7680	0x26F04
soundat3/me11e.at3	653785	0x4FCEC800	7680	0x26F10
soundat3/me11f.at3	653789	0x4FCEE800	7680	0x26F1C
soundat3/me120.at3	653793	0x4FCF0800	10176	0x26F28
soundat3/me121.at3	653798	0x4FCF3000	12480	0x26F34
soundat3/me122.at3	653805	0x4FCF6800	12480	0x26F40
soundat3/me123.at3	653812	0x4FCFA000	10176	0x26F4C
soundat3/me124.at3	653817	0x4FCFC800	10176	0x26F58
soundat3/me125.at3	653822	0x4FCFF000	14016	0x26F64
soundat3/me126.at3	653829	0x4FD02800	5184	0x26F70
soundat3/me127.at3	653832	0x4FD04000	12480	0x26F7C
soundat3/me128.at3	653839	0x4FD07800	12480	0x26F88
soundat3/me129.at3	653846	0x4FD0B000	12480	0x26F94
soundat3/me12a.at3	653853	0x4FD0E800	17472	0x26FA0
soundat3/me12b.at3	653862	0x4FD13000	5184	0x26FAC
soundat3/me12c.at3	653865	0x4FD14800	5184	0x26FB8
soundat3/me12d.at3	653868	0x4FD16000	12480	0x26FC4
soundat3/me12e.at3	653875	0x4FD19800	14016	0x26FD0
soundat3/me12f.at3	653882	0x4FD1D000	14016	0x26FDC
soundat3/me130.at3	653889	0x4FD20800	12480	0x26FE8
soundat3/me131.at3	653896	0x4FD24000	7680	0x26FF4
soundat3/me132.at3	653900	0x4FD26000	14016	0x27000
soundat3/me133.at3	653907	0x4FD29800	12480	0x2700C
soundat3/me134.at3	653914	0x4FD2D000	12480	0x27018
soundat3/me135.at3	653921	0x4FD30800	12480	0x27024
soundat3/me136.at3	653928	0x4FD34000	10176	0x27030
soundat3/me137.at3	653933	0x4FD36800	12480	0x2703C
soundat3/me138.at3	653940	0x4FD3A000	10176	0x27048
soundat3/me139.at3	653945	0x4FD3C800	12480	0x27054
soundat3/me13a.at3	653952	0x4FD40000	12480	0x27060
soundat3/me13b.at3	653959	0x4FD43800	14976	0x2706C
soundat3/me13c.at3	653967	0x4FD47800	12480	0x27078
soundat3/me13d.at3	653974	0x4FD4B000	14016	0x27084
soundat3/me13e.at3	653981	0x4FD4E800	14016	0x27090
soundat3/me13f.at3	653988	0x4FD52000	14016	0x2709C
soundat3/me140.at3	653995	0x4FD55800	14016	0x270A8
soundat3/me141.at3	654002	0x4FD59000	14016	0x270B4
soundat3/me142.at3	654009	0x4FD5C800	14016	0x270C0
soundat3/me143.at3	654016	0x4FD60000	11712	0x270CC
soundat3/me144.at3	654022	0x4FD63000	10176	0x270D8
soundat3/me145.at3	654027	0x4FD65800	7680	0x270E4
soundat3/me146.at3	654031	0x4FD67800	14016	0x270F0
soundat3/me147.at3	654038	0x4FD6B000	11712	0x270FC
soundat3/me148.at3	654044	0x4FD6E000	5184	0x27108
soundat3/me149.at3	654047	0x4FD6F800	5184	0x27114
soundat3/me14a.at3	654050	0x4FD71000	7680	0x27120
soundat3/me14b.at3	654054	0x4FD73000	12480	0x2712C
soundat3/me14c.at3	654061	0x4FD76800	7680	0x27138
soundat3/me14d.at3	654065	0x4FD78800	7680	0x27144
soundat3/me14e.at3	654069	0x4FD7A800	10176	0x27150
soundat3/me14f.at3	654074	0x4FD7D000	10176	0x2715C
soundat3/me150.at3	654079	0x4FD7F800	10176	0x27168
soundat3/me151.at3	654084	0x4FD82000	7680	0x27174
soundat3/me152.at3	654088	0x4FD84000	7680	0x27180
soundat3/me153.at3	654092	0x4FD86000	7680	0x2718C
soundat3/me154.at3	654096	0x4FD88000	11712	0x27198
soundat3/me155.at3	654102	0x4FD8B000	5184	0x271A4
soundat3/me156.at3	654105	0x4FD8C800	5184	0x271B0
soundat3/me157.at3	654108	0x4FD8E000	5184	0x271BC
soundat3/mp001.at3	654111	0x4FD8F800	26304	0x271C8
soundat3/mp002.at3	654124	0x4FD96000	14016	0x271D4
soundat3/mp003.at3	654131	0x4FD99800	13056	0x271E0
soundat3/mp004.at3	654138	0x4FD9D000	26112	0x271EC
soundat3/mp005.at3	654151	0x4FDA3800	16320	0x271F8
soundat3/mp006.at3	654159	0x4FDA7800	9024	0x27204
soundat3/mp007.at3	654164	0x4FDAA000	14016	0x27210
soundat3/mp008.at3	654171	0x4FDAD800	14016	0x2721C
soundat3/mp00a.at3	654178	0x4FDB1000	14016	0x27228
soundat3/mp00b.at3	654185	0x4FDB4800	14016	0x27234
soundat3/mp00c.at3	654192	0x4FDB8000	14016	0x27240
soundat3/mp00d.at3	654199	0x4FDBB800	14016	0x2724C
soundat3/mp00e.at3	654206	0x4FDBF000	14016	0x27258
soundat3/mp00f.at3	654213	0x4FDC2800	14016	0x27264
soundat3/mp011.at3	654220	0x4FDC6000	10176	0x27270
soundat3/mp013.at3	654225	0x4FDC8800	12480	0x2727C
soundat3/mp014.at3	654232	0x4FDCC000	10176	0x27288
soundat3/mp015.at3	654237	0x4FDCE800	7680	0x27294
soundat3/mp016.at3	654241	0x4FDD0800	7680	0x272A0
soundat3/mp017.at3	654245	0x4FDD2800	14016	0x272AC
soundat3/mp018.at3	654252	0x4FDD6000	14016	0x272B8
soundat3/mp019.at3	654259	0x4FDD9800	14016	0x272C4
soundat3/mp01a.at3	654266	0x4FDDD000	14016	0x272D0
soundat3/mp01b.at3	654273	0x4FDE0800	14016	0x272DC
soundat3/mp01c.at3	654280	0x4FDE4000	14016	0x272E8
soundat3/mp01d.at3	654287	0x4FDE7800	14016	0x272F4
soundat3/mp01e.at3	654294	0x4FDEB000	14016	0x27300
soundat3/mp01f.at3	654301	0x4FDEE800	10176	0x2730C
soundat3/roll.at3	654306	0x4FDF1000	5762688	0x27318
soundat3/se01-1.at3	657120	0x50370000	25728	0x27324
soundat3/se01-2.at3	657133	0x50376800	12864	0x27330
soundat3/se01-3.at3	657140	0x5037A000	12864	0x2733C
soundat3/se01-4.at3	657147	0x5037D800	6432	0x27348
soundat3/serasong.at3	657151	0x5037F800	52224	0x27354
soundat3/test2.at3	657177	0x5038C800	1170240	0x27360
soundat3/zenmetu.at3	657749	0x504AA800	108288	0x2736C
sprite/bg00.tmx	657802	0x504C5000	1048640	0x2805C
sprite/spr_file.txt	658315	0x505C5800	39	0x28068
sprite/test.mlk	658316	0x505C6000	124	0x28074
sprite/test.mot	658317	0x505C6800	80	0x28080
sprite/test.spr	658318	0x505C7000	238064	0x2808C
staff/roll.spr	658435	0x50601800	795488	0x280CC
title/atlus_lg.spr	658824	0x506C4000	296880	0x280E4
title/titl_01.spr	658969	0x5070C800	268224	0x280F0
title/titl_bg.spr	659100	0x5074E000	921840	0x280FC
voice/NANG0010.ADB	659551	0x5082F800	50720	0x28130
voice/NANG0020.ADB	659576	0x5083C000	160288	0x2813C
voice/NANG0021.ADB	659655	0x50863800	50720	0x28148
voice/NANG0022.ADB	659680	0x50870000	113696	0x28154
voice/NANG0030.ADB	659736	0x5088C000	201760	0x28160
voice/NANG0040.ADB	659835	0x508BD800	274976	0x2816C
voice/NANG0041.ADB	659970	0x50901000	189472	0x28178
voice/NANG0042.ADB	660063	0x5092F800	91680	0x28184
voice/NANG0050.ADB	660108	0x50946000	504352	0x28190
voice/NANG0051.ADB	660355	0x509C1800	154656	0x2819C
voice/NANG0052.ADB	660431	0x509E7800	195616	0x281A8
voice/NANG0053.ADB	660527	0x50A17800	145440	0x281B4
voice/NANG0060.ADB	660599	0x50A3B800	647712	0x281C0
voice/NANG0061.ADB	660916	0x50ADA000	176672	0x281CC
voice/NANG0062.ADB	661003	0x50B05800	164384	0x281D8
voice/NANG0063.ADB	661084	0x50B2E000	123424	0x281E4
voice/NANG0064.ADB	661145	0x50B4C800	151584	0x281F0
voice/NANG0070.ADB	661220	0x50B72000	173600	0x281FC
voice/NANG0080.ADB	661305	0x50B9C800	195616	0x28208
voice/NANG0090.ADB	661401	0x50BCC800	104480	0x28214
voice/NANG0100.ADB	661453	0x50BE6800	176672	0x28220
voice/NANG0110.ADB	661540	0x50C12000	397856	0x2822C
voice/NANG0111.ADB	661735	0x50C73800	71712	0x28238
voice/NANG0112.ADB	661771	0x50C85800	133152	0x28244
voice/NANG0113.ADB	661837	0x50CA6800	151584	0x28250
voice/NANG0114.ADB	661912	0x50CCC000	106528	0x2825C
voice/NANG0120.ADB	661965	0x50CE6800	457248	0x28268
voice/NANG0121.ADB	662189	0x50D56800	103968	0x28274
voice/NANG0122.ADB	662240	0x50D70000	130592	0x28280
voice/NANG0123.ADB	662304	0x50D90000	121376	0x2828C
voice/NANG0124.ADB	662364	0x50DAE000	162848	0x28298
voice/NANG0130.ADB	662444	0x50DD6000	171040	0x282A4
voice/NANG0131.ADB	662528	0x50E00000	102432	0x282B0
voice/NANG0132.ADB	662579	0x50E19800	96288	0x282BC
voice/NANG0133.ADB	662627	0x50E31800	54816	0x282C8
voice/NANG0140.ADB	662654	0x50E3F000	162848	0x282D4
voice/NANG0141.ADB	662734	0x50E67000	89120	0x282E0
voice/NANG0142.ADB	662778	0x50E7D000	60448	0x282EC
voice/NANG0150.ADB	662808	0x50E8C000	200736	0x282F8
voice/NANG0151.ADB	662907	0x50EBD800	60960	0x28304
voice/NANG0152.ADB	662937	0x50ECC800	130592	0x28310
voice/NANG0160.ADB	663001	0x50EEC800	249376	0x2831C
voice/NANG0161.ADB	663123	0x50F29800	102432	0x28328
voice/NANG0162.ADB	663174	0x50F43000	110624	0x28334
voice/NANG0163.ADB	663229	0x50F5E800	17952	0x28340
voice/NANG0170.ADB	663238	0x50F63000	119328	0x2834C
voice/NANG0180.ADB	663297	0x50F80800	192544	0x28358
voice/NANG0181.ADB	663392	0x50FB0000	39456	0x28364
voice/NANG0182.ADB	663412	0x50FBA000	121376	0x28370
voice/NANG0183.ADB	663472	0x50FD8000	35360	0x2837C
voice/NANG0190.ADB	663490	0x50FE1000	289312	0x28388
voice/NANG0191.ADB	663632	0x51028000	38944	0x28394
voice/NANG0192.ADB	663652	0x51032000	99360	0x283A0
voice/NANG0193.ADB	663701	0x5104A800	124448	0x283AC
voice/NANG0200.ADB	663762	0x51069000	45600	0x283B8
voice/NANG0210.ADB	663785	0x51074800	290848	0x283C4
voice/NANG0211.ADB	663928	0x510BC000	47648	0x283D0
voice/NANG0212.ADB	663952	0x510C8000	87072	0x283DC
voice/NANG0213.ADB	663995	0x510DD800	132640	0x283E8
voice/NANG0220.ADB	664060	0x510FE000	179744	0x283F4
voice/NANG0221.ADB	664148	0x5112A000	78368	0x28400
voice/NANG0222.ADB	664187	0x5113D800	108064	0x2840C
voice/NANG0230.ADB	664240	0x51158000	129056	0x28418
voice/NANG0240.ADB	664304	0x51178000	115232	0x28424
voice/NANG0250.ADB	664361	0x51194800	47648	0x28430
voice/NANG0260.ADB	664385	0x511A0800	12832	0x2843C
voice/NANG0270.ADB	664392	0x511A4000	153632	0x28448
voice/NANG0271.ADB	664468	0x511CA000	60448	0x28454
voice/NANG0272.ADB	664498	0x511D9000	98848	0x28460
voice/NANG0280.ADB	664547	0x511F1800	23072	0x2846C
voice/NANG0290.ADB	664559	0x511F7800	56864	0x28478
voice/NARU0010.ADB	664587	0x51205800	45600	0x28484
voice/NARU0020.ADB	664610	0x51211000	27168	0x28490
voice/NARU0030.ADB	664624	0x51218000	166432	0x2849C
voice/NARU0039.ADB	664706	0x51241000	170016	0x284A8
voice/NARU0040.ADB	664790	0x5126B000	84000	0x284B4
voice/NARU0050.ADB	664832	0x51280000	73760	0x284C0
voice/NARU0051.ADB	664869	0x51292800	50720	0x284CC
voice/NARU0052.ADB	664894	0x5129F000	37408	0x284D8
voice/NARU0055.ADB	664913	0x512A8800	220704	0x284E4
voice/NARU0060.ADB	665021	0x512DE800	72736	0x284F0
voice/NARU0061.ADB	665057	0x512F0800	22048	0x284FC
voice/NARU0062.ADB	665068	0x512F6000	49696	0x28508
voice/NARU0070.ADB	665093	0x51302800	63520	0x28514
voice/NARU0071.ADB	665125	0x51312800	34848	0x28520
voice/NARU0072.ADB	665143	0x5131B800	35872	0x2852C
voice/NARU0080.ADB	665161	0x51324800	64544	0x28538
voice/NARU0090.ADB	665193	0x51334800	28704	0x28544
voice/NARU0100.ADB	665208	0x5133C000	90144	0x28550
voice/NARU0110.ADB	665253	0x51352800	35360	0x2855C
voice/NARU0120.ADB	665271	0x5135B800	182304	0x28568
voice/NARU0130.ADB	665361	0x51388800	210464	0x28574
voice/NARU0140.ADB	665464	0x513BC000	151584	0x28580
voice/NARU0141.ADB	665539	0x513E1800	173600	0x2858C
voice/NARU0142.ADB	665624	0x5140C000	135712	0x28598
voice/NARU0143.ADB	665691	0x5142D800	228384	0x285A4
voice/NARU0150.ADB	665803	0x51465800	72736	0x285B0
voice/NARU0160.ADB	665839	0x51477800	120352	0x285BC
voice/NARU0161.ADB	665898	0x51495000	70176	0x285C8
voice/NARU0162.ADB	665933	0x514A6800	90144	0x285D4
voice/NARU0170.ADB	665978	0x514BD000	74272	0x285E0
voice/NARU0180.ADB	666015	0x514CF800	112672	0x285EC
voice/NARU0181.ADB	666071	0x514EB800	24608	0x285F8
voice/NARU0182.ADB	666084	0x514F2000	82976	0x28604
voice/NARU0190.ADB	666125	0x51506800	160800	0x28610
voice/NARU0191.ADB	666204	0x5152E000	123424	0x2861C
voice/NARU0192.ADB	666265	0x5154C800	64544	0x28628
voice/NARU0200.ADB	666297	0x5155C800	75808	0x28634
voice/NARU0205.ADB	666335	0x5156F800	74272	0x28640
voice/NARU0211.ADB	666372	0x51582000	93216	0x2864C
voice/NARU0212.ADB	666418	0x51599000	32800	0x28658
voice/NARU0215.ADB	666435	0x515A1800	171040	0x28664
voice/NARU0221.ADB	666519	0x515CB800	74272	0x28670
voice/NARU0222.ADB	666556	0x515DE000	72224	0x2867C
voice/NARU0230.ADB	666592	0x515F0000	68640	0x28688
voice/NARU0240.ADB	666626	0x51601000	65056	0x28694
voice/NARU0241.ADB	666658	0x51611000	20000	0x286A0
voice/NARU0242.ADB	666668	0x51616000	52256	0x286AC
voice/NARU0250.ADB	666694	0x51623000	103456	0x286B8
voice/NARU0251.ADB	666745	0x5163C800	66592	0x286C4
voice/NARU0252.ADB	666778	0x5164D000	47648	0x286D0
voice/NARU0260.ADB	666802	0x51659000	97312	0x286DC
voice/NARU0261.ADB	666850	0x51671000	95776	0x286E8
voice/NARU0262.ADB	666897	0x51688800	25632	0x286F4
voice/NARU0270.ADB	666910	0x5168F000	76832	0x28700
voice/NARU0275.ADB	666948	0x516A2000	328224	0x2870C
voice/NARU0280.ADB	667109	0x516F2800	114720	0x28718
voice/NARU0281.ADB	667166	0x5170F000	33824	0x28724
voice/NARU0282.ADB	667183	0x51717800	64032	0x28730
voice/NARU0290.ADB	667215	0x51727800	38432	0x2873C
voice/NARU0300.ADB	667234	0x51731000	124448	0x28748
voice/NARU0310.ADB	667295	0x5174F800	33824	0x28754
voice/NARU0320.ADB	667312	0x51758000	86560	0x28760
voice/NARU0330.ADB	667355	0x5176D800	13344	0x2876C
voice/NARU0340.ADB	667362	0x51771000	127520	0x28778
voice/NARU0341.ADB	667425	0x51790800	79904	0x28784
voice/NARU0342.ADB	667465	0x517A4800	57888	0x28790
voice/NARU0350.ADB	667494	0x517B3000	20512	0x2879C
voice/NARU0360.ADB	667505	0x517B8800	58400	0x287A8
voice/NARU0370.ADB	667534	0x517C7000	83488	0x287B4
voice/NARU0380.ADB	667575	0x517DB800	76320	0x287C0
voice/NARU0389.ADB	667613	0x517EE800	14368	0x287CC
voice/NARU0390.ADB	667621	0x517F2800	44064	0x287D8
voice/NARU0400.ADB	667643	0x517FD800	23072	0x287E4
voice/NARU0410.ADB	667655	0x51803800	132640	0x287F0
voice/NARU0420.ADB	667720	0x51824000	17952	0x287FC
voice/NARU0430.ADB	667729	0x51828800	123936	0x28808
voice/NARU0440.ADB	667790	0x51847000	66592	0x28814
voice/NARU0450.ADB	667823	0x51857800	64032	0x28820
voice/NARU0460.ADB	667855	0x51867800	23072	0x2882C
voice/NARU0470.ADB	667867	0x5186D800	13344	0x28838
voice/NARU0480.ADB	667874	0x51871000	44576	0x28844
voice/NARU0490.ADB	667896	0x5187C000	42016	0x28850
voice/NARU0500.ADB	667917	0x51886800	504864	0x2885C
voice/NARU0510.ADB	668164	0x51902000	99872	0x28868
voice/NARU0520.ADB	668213	0x5191A800	132640	0x28874
voice/NARU0530.ADB	668278	0x5193B000	27168	0x28880
voice/NARU0540.ADB	668292	0x51942000	24608	0x2888C
voice/NARU0550.ADB	668305	0x51948800	31264	0x28898
voice/NARU0560.ADB	668321	0x51950800	312352	0x288A4
voice/NARU0570.ADB	668474	0x5199D000	56352	0x288B0
voice/NARU0580.ADB	668502	0x519AB000	60960	0x288BC
voice/NARU0581.ADB	668532	0x519BA000	27168	0x288C8
voice/NARU0582.ADB	668546	0x519C1000	38432	0x288D4
voice/NARU0590.ADB	668565	0x519CA800	133152	0x288E0
voice/NARU0591.ADB	668631	0x519EB800	132128	0x288EC
voice/NARU0592.ADB	668696	0x51A0C000	89632	0x288F8
voice/NARU0600.ADB	668740	0x51A22000	84512	0x28904
voice/NARU0610.ADB	668782	0x51A37000	15392	0x28910
voice/NARU0620.ADB	668790	0x51A3B000	98848	0x2891C
voice/NARU0621.ADB	668839	0x51A53800	39456	0x28928
voice/NARU0622.ADB	668859	0x51A5D800	35360	0x28934
voice/NARU0630.ADB	668877	0x51A66800	114208	0x28940
voice/NARU0640.ADB	668933	0x51A82800	49696	0x2894C
voice/NARU0650.ADB	668958	0x51A8F000	46112	0x28958
voice/NARU0660.ADB	668981	0x51A9A800	50720	0x28964
voice/NARU0670.ADB	669006	0x51AA7000	28704	0x28970
voice/NARU0680.ADB	669021	0x51AAE800	95776	0x2897C
voice/NARU0681.ADB	669068	0x51AC6000	33312	0x28988
voice/NARU0682.ADB	669085	0x51ACE800	41504	0x28994
voice/NARU0690.ADB	669106	0x51AD9000	102944	0x289A0
voice/NARU0691.ADB	669157	0x51AF2800	61472	0x289AC
voice/NARU0692.ADB	669188	0x51B02000	76320	0x289B8
voice/NARU0700.ADB	669226	0x51B15000	24096	0x289C4
voice/NARU0710.ADB	669238	0x51B1B000	48672	0x289D0
voice/NARU0711.ADB	669262	0x51B27000	17440	0x289DC
voice/NARU0720.ADB	669271	0x51B2B800	69152	0x289E8
voice/NARU0730.ADB	669305	0x51B3C800	27168	0x289F4
voice/NARU0740.ADB	669319	0x51B43800	15904	0x28A00
voice/NARU0750.ADB	669327	0x51B47800	102432	0x28A0C
voice/NARU0760.ADB	669378	0x51B61000	103968	0x28A18
voice/NARU0770.ADB	669429	0x51B7A800	25120	0x28A24
voice/NARU0780.ADB	669442	0x51B81000	33312	0x28A30
voice/NARU0790.ADB	669459	0x51B89800	38944	0x28A3C
voice/NARU0800.ADB	669479	0x51B93800	96288	0x28A48
voice/NARU0810.ADB	669527	0x51BAB800	93728	0x28A54
voice/NARU0820.ADB	669573	0x51BC2800	69152	0x28A60
voice/NARU0830.ADB	669607	0x51BD3800	91168	0x28A6C
voice/NARU0840.ADB	669652	0x51BEA000	76320	0x28A78
voice/NARU0850.ADB	669690	0x51BFD000	46624	0x28A84
voice/NARU0860.ADB	669713	0x51C08800	45088	0x28A90
voice/NARU0870.ADB	669736	0x51C14000	156192	0x28A9C
voice/NARU0880.ADB	669813	0x51C3A800	94240	0x28AA8
voice/NARU0890.ADB	669860	0x51C52000	21536	0x28AB4
voice/NARU0899.ADB	669871	0x51C57800	16416	0x28AC0
voice/NARU0900.ADB	669880	0x51C5C000	46624	0x28ACC
voice/NARU0910.ADB	669903	0x51C67800	26656	0x28AD8
voice/NARU0920.ADB	669917	0x51C6E800	88608	0x28AE4
voice/NARU0930.ADB	669961	0x51C84800	102432	0x28AF0
voice/NARU0940.ADB	670012	0x51C9E000	58400	0x28AFC
voice/NARU0950.ADB	670041	0x51CAC800	69152	0x28B08
voice/NARU0959.ADB	670075	0x51CBD800	74784	0x28B14
voice/NARU0960.ADB	670112	0x51CD0000	476704	0x28B20
voice/NARU0970.ADB	670345	0x51D44800	129568	0x28B2C
voice/NARU0980.ADB	670409	0x51D64800	56864	0x28B38
voice/NARU0990.ADB	670437	0x51D72800	98848	0x28B44
voice/NARU1000.ADB	670486	0x51D8B000	26144	0x28B50
voice/NARU1001.ADB	670499	0x51D91800	29216	0x28B5C
voice/NARU1002.ADB	670514	0x51D99000	32288	0x28B68
voice/NARU1003.ADB	670530	0x51DA1000	33312	0x28B74
voice/NARU1004.ADB	670547	0x51DA9800	46112	0x28B80
voice/NARU1010.ADB	670570	0x51DB5000	149024	0x28B8C
voice/NARU1011.ADB	670643	0x51DD9800	83488	0x28B98
voice/NARU1012.ADB	670684	0x51DEE000	81440	0x28BA4
voice/NARU1020.ADB	670724	0x51E02000	182816	0x28BB0
voice/NARU1021.ADB	670814	0x51E2F000	88096	0x28BBC
voice/NARU1022.ADB	670858	0x51E45000	57376	0x28BC8
voice/NARU1023.ADB	670887	0x51E53800	129056	0x28BD4
voice/NARU1030.ADB	670951	0x51E73800	70688	0x28BE0
voice/NARU1031.ADB	670986	0x51E85000	14368	0x28BEC
voice/NARU1032.ADB	670994	0x51E89000	51232	0x28BF8
voice/NARU1040.ADB	671020	0x51E96000	115744	0x28C04
voice/NARU1041.ADB	671077	0x51EB2800	84512	0x28C10
voice/NARU1042.ADB	671119	0x51EC7800	37408	0x28C1C
voice/NARU1050.ADB	671138	0x51ED1000	140320	0x28C28
voice/NARU1051.ADB	671207	0x51EF3800	93728	0x28C34
voice/NARU1052.ADB	671253	0x51F0A800	45600	0x28C40
voice/NARU1060.ADB	671276	0x51F16000	19488	0x28C4C
voice/NARU1070.ADB	671286	0x51F1B000	161312	0x28C58
voice/NARU1080.ADB	671365	0x51F42800	32800	0x28C64
voice/NARU1090.ADB	671382	0x51F4B000	95264	0x28C70
voice/NARU1100.ADB	671429	0x51F62800	37920	0x28C7C
voice/NARU1101.ADB	671448	0x51F6C000	65056	0x28C88
voice/NARU1102.ADB	671480	0x51F7C000	69664	0x28C94
voice/NARU1110.ADB	671515	0x51F8D800	99872	0x28CA0
voice/NARU1120.ADB	671564	0x51FA6000	78880	0x28CAC
voice/NARU1130.ADB	671603	0x51FB9800	119328	0x28CB8
voice/NARU1140.ADB	671662	0x51FD7000	28192	0x28CC4
voice/NARU1150.ADB	671676	0x51FDE000	89632	0x28CD0
voice/NARU1151.ADB	671720	0x51FF4000	19488	0x28CDC
voice/NARU1152.ADB	671730	0x51FF9000	70688	0x28CE8
voice/NARU1160.ADB	671765	0x5200A800	88096	0x28CF4
voice/NARU1170.ADB	671809	0x52020800	502816	0x28D00
voice/NARU1180.ADB	672055	0x5209B800	25632	0x28D0C
voice/NARU1190.ADB	672068	0x520A2000	25632	0x28D18
voice/NARU1200.ADB	672081	0x520A8800	25632	0x28D24
voice/NARU1210.ADB	672094	0x520AF000	48672	0x28D30
voice/NARU1220.ADB	672118	0x520BB000	23072	0x28D3C
voice/NARU1230.ADB	672130	0x520C1000	24096	0x28D48
voice/NARU1240.ADB	672142	0x520C7000	22560	0x28D54
voice/NARU1250.ADB	672154	0x520CD000	47136	0x28D60
voice/NARU1260.ADB	672178	0x520D9000	23072	0x28D6C
voice/NARU1270.ADB	672190	0x520DF000	47648	0x28D78
voice/NBAT0010.ADB	672214	0x520EB000	157728	0x28D84
voice/NBAT0011.ADB	672292	0x52112000	41504	0x28D90
voice/NBAT0020.ADB	672313	0x5211C800	525344	0x28D9C
voice/NBAT0030.ADB	672570	0x5219D000	76832	0x28DA8
voice/NBAT0031.ADB	672608	0x521B0000	55328	0x28DB4
voice/NBAT0040.ADB	672636	0x521BE000	63520	0x28DC0
voice/NBAT0050.ADB	672668	0x521CE000	81440	0x28DCC
voice/NBAT0051.ADB	672708	0x521E2000	42528	0x28DD8
voice/NBAT0052.ADB	672729	0x521EC800	95776	0x28DE4
voice/NBAT0060.ADB	672776	0x52204000	58400	0x28DF0
voice/NBAT0061.ADB	672805	0x52212800	135200	0x28DFC
voice/NBAT0062.ADB	672872	0x52234000	92704	0x28E08
voice/NBAT0070.ADB	672918	0x5224B000	34336	0x28E14
voice/NBAT0071.ADB	672935	0x52253800	134176	0x28E20
voice/NBAT0080.ADB	673001	0x52274800	102944	0x28E2C
voice/NBAT0090.ADB	673052	0x5228E000	65568	0x28E38
voice/NBAT0100.ADB	673085	0x5229E800	68128	0x28E44
voice/NBAT0110.ADB	673119	0x522AF800	186400	0x28E50
voice/NBAT0111.ADB	673211	0x522DD800	117280	0x28E5C
voice/NBAT0112.ADB	673269	0x522FA800	113184	0x28E68
voice/NBAT0120.ADB	673325	0x52316800	175648	0x28E74
voice/NBAT0121.ADB	673411	0x52341800	100896	0x28E80
voice/NBAT0122.ADB	673461	0x5235A800	74784	0x28E8C
voice/NBAT0130.ADB	673498	0x5236D000	187424	0x28E98
voice/NBAT0140.ADB	673590	0x5239B000	46624	0x28EA4
voice/NBAT0150.ADB	673613	0x523A6800	36384	0x28EB0
voice/NBAT0160.ADB	673631	0x523AF800	139296	0x28EBC
voice/NBAT0170.ADB	673700	0x523D2000	121376	0x28EC8
voice/NBAT0180.ADB	673760	0x523F0000	84000	0x28ED4
voice/NBAT0190.ADB	673802	0x52405000	33312	0x28EE0
voice/NBAT0200.ADB	673819	0x5240D800	15904	0x28EEC
voice/NBAT0201.ADB	673827	0x52411800	80416	0x28EF8
voice/NBAT0202.ADB	673867	0x52425800	38432	0x28F04
voice/NBAT0210.ADB	673886	0x5242F000	67104	0x28F10
voice/NBAT0220.ADB	673919	0x5243F800	66080	0x28F1C
voice/NBAT0221.ADB	673952	0x52450000	262176	0x28F28
voice/NBAT0230.ADB	674081	0x52490800	73760	0x28F34
voice/NBAT0240.ADB	674118	0x524A3000	103968	0x28F40
voice/NBAT0250.ADB	674169	0x524BC800	181792	0x28F4C
voice/NBAT0251.ADB	674258	0x524E9000	107552	0x28F58
voice/NBAT0252.ADB	674311	0x52503800	65568	0x28F64
voice/NBAT0260.ADB	674344	0x52514000	26144	0x28F70
voice/NBAT0261.ADB	674357	0x5251A800	141344	0x28F7C
voice/NBAT0262.ADB	674427	0x5253D800	24608	0x28F88
voice/NBAT0270.ADB	674440	0x52544000	209440	0x28F94
voice/NBAT0271.ADB	674543	0x52577800	108064	0x28FA0
voice/NBAT0272.ADB	674596	0x52592000	81952	0x28FAC
voice/NBAT0273.ADB	674637	0x525A6800	41504	0x28FB8
voice/NBAT0280.ADB	674658	0x525B1000	146464	0x28FC4
voice/NBRN0010.ADB	674730	0x525D5000	31264	0x28FD0
voice/NBRN0020.ADB	674746	0x525DD000	170528	0x28FDC
voice/NBRN0021.ADB	674830	0x52607000	55328	0x28FE8
voice/NBRN0022.ADB	674858	0x52615000	38944	0x28FF4
voice/NBRN0023.ADB	674878	0x5261F000	31776	0x29000
voice/NBRN0030.ADB	674894	0x52627000	48672	0x2900C
voice/NBRN0031.ADB	674918	0x52633000	92704	0x29018
voice/NBRN0032.ADB	674964	0x5264A000	87584	0x29024
voice/NBRN0035.ADB	675007	0x5265F800	157216	0x29030
voice/NBRN0040.ADB	675084	0x52686000	131616	0x2903C
voice/NBRN0050.ADB	675149	0x526A6800	202272	0x29048
voice/NBRN0051.ADB	675248	0x526D8000	128544	0x29054
voice/NBRN0052.ADB	675311	0x526F7800	62496	0x29060
voice/NBRN0060.ADB	675342	0x52707000	47136	0x2906C
voice/NBRN0070.ADB	675366	0x52713000	103968	0x29078
voice/NBRN0080.ADB	675417	0x5272C800	28192	0x29084
voice/NBRN0090.ADB	675431	0x52733800	148000	0x29090
voice/NBRN0100.ADB	675504	0x52758000	94752	0x2909C
voice/NBRN0110.ADB	675551	0x5276F800	166944	0x290A8
voice/NBRN0120.ADB	675633	0x52798800	106528	0x290B4
voice/NBRN0130.ADB	675686	0x527B3000	158240	0x290C0
voice/NBRN0140.ADB	675764	0x527DA000	238624	0x290CC
voice/NBRN0150.ADB	675881	0x52814800	359968	0x290D8
voice/NBRN0160.ADB	676057	0x5286C800	32288	0x290E4
voice/NBRN0170.ADB	676073	0x52874800	44576	0x290F0
voice/NBRN0180.ADB	676095	0x5287F800	73760	0x290FC
voice/NBRN0190.ADB	676132	0x52892000	37920	0x29108
voice/NBRN0200.ADB	676151	0x5289B800	97824	0x29114
voice/NBRN0210.ADB	676199	0x528B3800	64032	0x29120
voice/NBRN0220.ADB	676231	0x528C3800	128032	0x2912C
voice/NBRN0230.ADB	676294	0x528E3000	161824	0x29138
voice/NBRN0240.ADB	676374	0x5290B000	175136	0x29144
voice/NBRN0250.ADB	676460	0x52936000	235552	0x29150
voice/NBRN0260.ADB	676576	0x52970000	191520	0x2915C
voice/NBRN0261.ADB	676670	0x5299F000	130080	0x29168
voice/NBRN0262.ADB	676734	0x529BF000	103968	0x29174
voice/NBRN0270.ADB	676785	0x529D8800	306208	0x29180
voice/NBRN0271.ADB	676935	0x52A23800	81440	0x2918C
voice/NBRN0272.ADB	676975	0x52A37800	43040	0x29198
voice/NBRN0273.ADB	676997	0x52A42800	35360	0x291A4
voice/NBRN0274.ADB	677015	0x52A4B800	140320	0x291B0
voice/NBRN0275.ADB	677084	0x52A6E000	30240	0x291BC
voice/NBRN0276.ADB	677099	0x52A75800	26656	0x291C8
voice/NBRN0280.ADB	677113	0x52A7C800	348192	0x291D4
voice/NBRN0281.ADB	677284	0x52AD2000	51744	0x291E0
voice/NBRN0282.ADB	677310	0x52ADF000	141344	0x291EC
voice/NBRN0283.ADB	677380	0x52B02000	129568	0x291F8
voice/NBRN0290.ADB	677444	0x52B22000	168480	0x29204
voice/NBRN0291.ADB	677527	0x52B4B800	46112	0x29210
voice/NBRN0292.ADB	677550	0x52B57000	100896	0x2921C
voice/NBRN0293.ADB	677600	0x52B70000	119328	0x29228
voice/NCAT0010.ADB	677659	0x52B8D800	29216	0x29234
voice/NCAT0020.ADB	677674	0x52B95000	30240	0x29240
voice/NCAT0030.ADB	677689	0x52B9C800	39456	0x2924C
voice/NGIL0010.ADB	677709	0x52BA6800	329760	0x29258
voice/NGIL0020.ADB	677871	0x52BF7800	143392	0x29264
voice/NGIL0021.ADB	677942	0x52C1B000	239648	0x29270
voice/NGIL0030.ADB	678060	0x52C56000	344096	0x2927C
voice/NGIL0031.ADB	678229	0x52CAA800	56352	0x29288
voice/NGIL0032.ADB	678257	0x52CB8800	65568	0x29294
voice/NGIL0033.ADB	678290	0x52CC9000	35360	0x292A0
voice/NGIL0034.ADB	678308	0x52CD2000	77856	0x292AC
voice/NGIL0040.ADB	678347	0x52CE5800	87072	0x292B8
voice/NGIL0050.ADB	678390	0x52CFB000	84512	0x292C4
voice/NGIL0060.ADB	678432	0x52D10000	307232	0x292D0
voice/NGIL0061.ADB	678583	0x52D5B800	47136	0x292DC
voice/NGIL0062.ADB	678607	0x52D67800	39968	0x292E8
voice/NGIL0063.ADB	678627	0x52D71800	56352	0x292F4
voice/NGIL0064.ADB	678655	0x52D7F800	45088	0x29300
voice/NGIL0065.ADB	678678	0x52D8B000	37408	0x2930C
voice/NGIL0069.ADB	678697	0x52D94800	469536	0x29318
voice/NGIL0070.ADB	678927	0x52E07800	80928	0x29324
voice/NGIL0080.ADB	678967	0x52E1B800	109600	0x29330
voice/NGIL0081.ADB	679021	0x52E36800	63520	0x2933C
voice/NGIL0082.ADB	679053	0x52E46800	81440	0x29348
voice/NGIL0090.ADB	679093	0x52E5A800	77344	0x29354
voice/NGIL0100.ADB	679131	0x52E6D800	110624	0x29360
voice/NGIL0110.ADB	679186	0x52E89000	102432	0x2936C
voice/NGIL0120.ADB	679237	0x52EA2800	96800	0x29378
voice/NGIL0121.ADB	679285	0x52EBA800	28192	0x29384
voice/NGIL0122.ADB	679299	0x52EC1800	46112	0x29390
voice/NGIL0130.ADB	679322	0x52ECD000	108576	0x2939C
voice/NGIL0140.ADB	679376	0x52EE8000	175648	0x293A8
voice/NGIL0150.ADB	679462	0x52F13000	141856	0x293B4
voice/NGIL0160.ADB	679532	0x52F36000	114720	0x293C0
voice/NGIL0170.ADB	679589	0x52F52800	171040	0x293CC
voice/NGIL0180.ADB	679673	0x52F7C800	208416	0x293D8
voice/NGIL0190.ADB	679775	0x52FAF800	209952	0x293E4
voice/NGIL0191.ADB	679878	0x52FE3000	146976	0x293F0
voice/NGIL0192.ADB	679950	0x53007000	104480	0x293FC
voice/NGIL0200.ADB	680002	0x53021000	159264	0x29408
voice/NGIL0201.ADB	680080	0x53048000	139296	0x29414
voice/NGIL0202.ADB	680149	0x5306A800	34848	0x29420
voice/NGIL0210.ADB	680167	0x53073800	173600	0x2942C
voice/NGIL0211.ADB	680252	0x5309E000	125472	0x29438
voice/NGIL0212.ADB	680314	0x530BD000	137760	0x29444
voice/NGIL0220.ADB	680382	0x530DF000	295968	0x29450
voice/NGIL0221.ADB	680527	0x53127800	81952	0x2945C
voice/NGIL0222.ADB	680568	0x5313C000	261664	0x29468
voice/NGIL0223.ADB	680696	0x5317C000	123936	0x29474
voice/NGIL0224.ADB	680757	0x5319A800	133152	0x29480
voice/NGIL0230.ADB	680823	0x531BB800	1371168	0x2948C
voice/NGIL0231.ADB	681493	0x5330A800	545824	0x29498
voice/NGIL0239.ADB	681760	0x53390000	432672	0x294A4
voice/NGIL0240.ADB	681972	0x533FA000	55328	0x294B0
voice/NGIL0251.ADB	682000	0x53408000	50208	0x294BC
voice/NGIL0252.ADB	682025	0x53414800	31264	0x294C8
voice/NGIL0260.ADB	682041	0x5341C800	28192	0x294D4
voice/NGIL0270.ADB	682055	0x53423800	108576	0x294E0
voice/NGIL0271.ADB	682109	0x5343E800	52256	0x294EC
voice/NGIL0272.ADB	682135	0x5344B800	46112	0x294F8
voice/NGIL0280.ADB	682158	0x53457000	79392	0x29504
voice/NGIL0281.ADB	682197	0x5346A800	18976	0x29510
voice/NGIL0282.ADB	682207	0x5346F800	34336	0x2951C
voice/NGIL0290.ADB	682224	0x53478000	110624	0x29528
voice/NGIL0300.ADB	682279	0x53493800	206880	0x29534
voice/NGIL0301.ADB	682381	0x534C6800	113184	0x29540
voice/NGIL0302.ADB	682437	0x534E2800	85536	0x2954C
voice/NGIL0310.ADB	682479	0x534F7800	110112	0x29558
voice/NGIL0320.ADB	682533	0x53512800	142368	0x29564
voice/NGIL0330.ADB	682603	0x53535800	102432	0x29570
voice/NGIL0340.ADB	682654	0x5354F000	75296	0x2957C
voice/NGIL0350.ADB	682691	0x53561800	117280	0x29588
voice/NGIL0360.ADB	682749	0x5357E800	98848	0x29594
voice/NGIL0370.ADB	682798	0x53597000	34848	0x295A0
voice/NGIL0380.ADB	682816	0x535A0000	102944	0x295AC
voice/NGIL0381.ADB	682867	0x535B9800	38432	0x295B8
voice/NGIL0382.ADB	682886	0x535C3000	73760	0x295C4
voice/NGIL0385.ADB	682923	0x535D5800	148000	0x295D0
voice/NGIL0390.ADB	682996	0x535FA000	98336	0x295DC
voice/NGIL0399.ADB	683045	0x53612800	56352	0x295E8
voice/NGIL0400.ADB	683073	0x53620800	47648	0x295F4
voice/NGIL0410.ADB	683097	0x5362C800	46112	0x29600
voice/NGIL0420.ADB	683120	0x53638000	267808	0x2960C
voice/NGIL0421.ADB	683251	0x53679800	123936	0x29618
voice/NGIL0422.ADB	683312	0x53698000	88096	0x29624
voice/NGIL0430.ADB	683356	0x536AE000	104480	0x29630
voice/NGIL0431.ADB	683408	0x536C8000	57376	0x2963C
voice/NGIL0432.ADB	683437	0x536D6800	54816	0x29648
voice/NGIL0440.ADB	683464	0x536E4000	214048	0x29654
voice/NGIL0441.ADB	683569	0x53718800	90144	0x29660
voice/NGIL0442.ADB	683614	0x5372F000	76320	0x2966C
voice/NGIL0450.ADB	683652	0x53742000	219680	0x29678
voice/NGIL0451.ADB	683760	0x53778000	28192	0x29684
voice/NGIL0452.ADB	683774	0x5377F000	138272	0x29690
voice/NGIL0460.ADB	683842	0x537A1000	84000	0x2969C
voice/NGIL0470.ADB	683884	0x537B6000	81440	0x296A8
voice/NGIL0480.ADB	683924	0x537CA000	31776	0x296B4
voice/NGIL0490.ADB	683940	0x537D2000	132128	0x296C0
voice/NGIL0500.ADB	684005	0x537F2800	52256	0x296CC
voice/NGIL0510.ADB	684031	0x537FF800	30240	0x296D8
voice/NGIL0520.ADB	684046	0x53807000	33312	0x296E4
voice/NGIL0530.ADB	684063	0x5380F800	217632	0x296F0
voice/NGIL0531.ADB	684170	0x53845000	158240	0x296FC
voice/NGIL0532.ADB	684248	0x5386C000	47136	0x29708
voice/NGIL0540.ADB	684272	0x53878000	116768	0x29714
voice/NGIL0550.ADB	684330	0x53895000	33312	0x29720
voice/NGIL0560.ADB	684347	0x5389D800	22560	0x2972C
voice/NGIL0570.ADB	684359	0x538A3800	49184	0x29738
voice/NGIL0575.ADB	684384	0x538B0000	335392	0x29744
voice/NGIL0579.ADB	684548	0x53902000	63520	0x29750
voice/NGIL0580.ADB	684580	0x53912000	31776	0x2975C
voice/NGIL0590.ADB	684596	0x5391A000	126496	0x29768
voice/NGIL0591.ADB	684658	0x53939000	48672	0x29774
voice/NGIL0592.ADB	684682	0x53945000	72736	0x29780
voice/NGIL0600.ADB	684718	0x53957000	125472	0x2978C
voice/NGIL0610.ADB	684780	0x53976000	103968	0x29798
voice/NGIL0620.ADB	684831	0x5398F800	92192	0x297A4
voice/NGIL0621.ADB	684877	0x539A6800	31776	0x297B0
voice/NGIL0622.ADB	684893	0x539AE800	65056	0x297BC
voice/NGIL0630.ADB	684925	0x539BE800	344096	0x297C8
voice/NGIL0631.ADB	685094	0x53A13000	89632	0x297D4
voice/NGIL0632.ADB	685138	0x53A29000	158752	0x297E0
voice/NGIL0633.ADB	685216	0x53A50000	70176	0x297EC
voice/NGIL0640.ADB	685251	0x53A61800	104480	0x297F8
voice/NGIL0650.ADB	685303	0x53A7B800	12832	0x29804
voice/NGIL0660.ADB	685310	0x53A7F000	16928	0x29810
voice/NGIL0670.ADB	685319	0x53A83800	228384	0x2981C
voice/NGIL0671.ADB	685431	0x53ABB800	164384	0x29828
voice/NGIL0672.ADB	685512	0x53AE4000	65056	0x29834
voice/NGIL0680.ADB	685544	0x53AF4000	74272	0x29840
voice/NGIL0690.ADB	685581	0x53B06800	211488	0x2984C
voice/NGIL0691.ADB	685685	0x53B3A800	159264	0x29858
voice/NGIL0692.ADB	685763	0x53B61800	71712	0x29864
voice/NGIL0693.ADB	685799	0x53B73800	63520	0x29870
voice/NGIL0700.ADB	685831	0x53B83800	87584	0x2987C
voice/NGIL0701.ADB	685874	0x53B99000	29216	0x29888
voice/NGIL0702.ADB	685889	0x53BA0800	28704	0x29894
voice/NGIL0703.ADB	685904	0x53BA8000	20000	0x298A0
voice/NGIL0710.ADB	685914	0x53BAD000	39456	0x298AC
voice/NGIL0720.ADB	685934	0x53BB7000	36896	0x298B8
voice/NGIL0730.ADB	685953	0x53BC0800	36896	0x298C4
voice/NGIL0740.ADB	685972	0x53BCA000	99360	0x298D0
voice/NGIL0750.ADB	686021	0x53BE2800	103968	0x298DC
voice/NGIL0760.ADB	686072	0x53BFC000	101920	0x298E8
voice/NGIL0761.ADB	686122	0x53C15000	34848	0x298F4
voice/NGIL0762.ADB	686140	0x53C1E000	45088	0x29900
voice/NGIL0770.ADB	686163	0x53C29800	34336	0x2990C
voice/NGIL0780.ADB	686180	0x53C32000	168992	0x29918
voice/NGIL0781.ADB	686263	0x53C5B800	59936	0x29924
voice/NGIL0782.ADB	686293	0x53C6A800	148512	0x29930
voice/NGIL0790.ADB	686366	0x53C8F000	23584	0x2993C
voice/NGIL0800.ADB	686378	0x53C95000	72224	0x29948
voice/NGIL0810.ADB	686414	0x53CA7000	38432	0x29954
voice/NGIL0820.ADB	686433	0x53CB0800	212000	0x29960
voice/NGIL0830.ADB	686537	0x53CE4800	113696	0x2996C
voice/NGIL0840.ADB	686593	0x53D00800	48160	0x29978
voice/NGIL0850.ADB	686617	0x53D0C800	50720	0x29984
voice/NGIL0860.ADB	686642	0x53D19000	88096	0x29990
voice/NGIL0870.ADB	686686	0x53D2F000	121888	0x2999C
voice/NGIL0880.ADB	686746	0x53D4D000	180256	0x299A8
voice/NGIL0881.ADB	686835	0x53D79800	65568	0x299B4
voice/NGIL0882.ADB	686868	0x53D8A000	113184	0x299C0
voice/NGIL0890.ADB	686924	0x53DA6000	21536	0x299CC
voice/NGIL0900.ADB	686935	0x53DAB800	166944	0x299D8
voice/NGIL0901.ADB	687017	0x53DD4800	48160	0x299E4
voice/NGIL0902.ADB	687041	0x53DE0800	20512	0x299F0
voice/NGIL0903.ADB	687052	0x53DE6000	65568	0x299FC
voice/NGIL0910.ADB	687085	0x53DF6800	246816	0x29A08
voice/NGIL0920.ADB	687206	0x53E33000	197664	0x29A14
voice/NGIL0930.ADB	687303	0x53E63800	21024	0x29A20
voice/NGIL0940.ADB	687314	0x53E69000	87072	0x29A2C
voice/NGIL0950.ADB	687357	0x53E7E800	20512	0x29A38
voice/NGIL0960.ADB	687368	0x53E84000	53280	0x29A44
voice/NGIL0970.ADB	687395	0x53E91800	24096	0x29A50
voice/NGIL0980.ADB	687407	0x53E97800	72224	0x29A5C
voice/NHAR0010.ADB	687443	0x53EA9800	293408	0x29A68
voice/NHAR0020.ADB	687587	0x53EF1800	157728	0x29A74
voice/NHAR0030.ADB	687665	0x53F18800	47136	0x29A80
voice/NHAR0040.ADB	687689	0x53F24800	125472	0x29A8C
voice/NHAR0050.ADB	687751	0x53F43800	57888	0x29A98
voice/NHAR0060.ADB	687780	0x53F52000	183840	0x29AA4
voice/NHAR0070.ADB	687870	0x53F7F000	205856	0x29AB0
voice/NHAR0080.ADB	687971	0x53FB1800	196128	0x29ABC
voice/NHAR0090.ADB	688067	0x53FE1800	50720	0x29AC8
voice/NHAR0100.ADB	688092	0x53FEE000	37920	0x29AD4
voice/NHAR0110.ADB	688111	0x53FF7800	44064	0x29AE0
voice/NHAR0120.ADB	688133	0x54002800	270368	0x29AEC
voice/NHAR0130.ADB	688266	0x54045000	142880	0x29AF8
voice/NHAR0131.ADB	688336	0x54068000	133664	0x29B04
voice/NHAR0140.ADB	688402	0x54089000	648224	0x29B10
voice/NHAR0150.ADB	688719	0x54127800	19488	0x29B1C
voice/NHAR0160.ADB	688729	0x5412C800	199712	0x29B28
voice/NHAR0161.ADB	688827	0x5415D800	194592	0x29B34
voice/NHAR0170.ADB	688923	0x5418D800	393248	0x29B40
voice/NHAR0180.ADB	689116	0x541EE000	322080	0x29B4C
voice/NHET0010.ADB	689274	0x5423D000	25632	0x29B58
voice/NHET0020.ADB	689287	0x54243800	104992	0x29B64
voice/NHET0030.ADB	689339	0x5425D800	143904	0x29B70
voice/NHET0031.ADB	689410	0x54281000	44576	0x29B7C
voice/NHET0032.ADB	689432	0x5428C000	70688	0x29B88
voice/NHET0040.ADB	689467	0x5429D800	28192	0x29B94
voice/NHET0050.ADB	689481	0x542A4800	49696	0x29BA0
voice/NHET0060.ADB	689506	0x542B1000	290848	0x29BAC
voice/NHET0061.ADB	689649	0x542F8800	20000	0x29BB8
voice/NHET0062.ADB	689659	0x542FD800	45600	0x29BC4
voice/NHET0063.ADB	689682	0x54309000	95776	0x29BD0
voice/NHET0064.ADB	689729	0x54320800	54304	0x29BDC
voice/NHET0065.ADB	689756	0x5432E000	183328	0x29BE8
voice/NHET0070.ADB	689846	0x5435B000	57376	0x29BF4
voice/NHET0071.ADB	689875	0x54369800	23584	0x29C00
voice/NHET0072.ADB	689887	0x5436F800	23072	0x29C0C
voice/NHET0080.ADB	689899	0x54375800	225312	0x29C18
voice/NHET0081.ADB	690010	0x543AD000	137760	0x29C24
voice/NHET0082.ADB	690078	0x543CF000	98336	0x29C30
voice/NHET0090.ADB	690127	0x543E7800	133664	0x29C3C
voice/NHET0100.ADB	690193	0x54408800	37920	0x29C48
voice/NHET0105.ADB	690212	0x54412000	262688	0x29C54
voice/NHET0110.ADB	690341	0x54452800	400928	0x29C60
voice/NHET0111.ADB	690537	0x544B4800	221728	0x29C6C
voice/NHET0112.ADB	690646	0x544EB000	43552	0x29C78
voice/NHET0113.ADB	690668	0x544F6000	129056	0x29C84
voice/NHET0120.ADB	690732	0x54516000	184864	0x29C90
voice/NHET0130.ADB	690823	0x54543800	101920	0x29C9C
voice/NHET0131.ADB	690873	0x5455C800	39456	0x29CA8
voice/NHET0132.ADB	690893	0x54566800	25632	0x29CB4
voice/NHET0140.ADB	690906	0x5456D000	82976	0x29CC0
voice/NHET0150.ADB	690947	0x54581800	66592	0x29CCC
voice/NHET0160.ADB	690980	0x54592000	32288	0x29CD8
voice/NHET0170.ADB	690996	0x5459A000	217632	0x29CE4
voice/NHET0171.ADB	691103	0x545CF800	16928	0x29CF0
voice/NHET0172.ADB	691112	0x545D4000	113184	0x29CFC
voice/NHET0173.ADB	691168	0x545F0000	58400	0x29D08
voice/NHET0180.ADB	691197	0x545FE800	123424	0x29D14
voice/NHET0181.ADB	691258	0x5461D000	78368	0x29D20
voice/NHET0182.ADB	691297	0x54630800	44576	0x29D2C
voice/NHET0190.ADB	691319	0x5463B800	213536	0x29D38
voice/NHET0191.ADB	691424	0x54670000	30240	0x29D44
voice/NHET0192.ADB	691439	0x54677800	63008	0x29D50
voice/NHET0193.ADB	691470	0x54687000	47648	0x29D5C
voice/NHET0200.ADB	691494	0x54693000	215072	0x29D68
voice/NHET0201.ADB	691600	0x546C8000	33824	0x29D74
voice/NHET0202.ADB	691617	0x546D0800	102944	0x29D80
voice/NHET0203.ADB	691668	0x546EA000	48160	0x29D8C
voice/NHET0210.ADB	691692	0x546F6000	116256	0x29D98
voice/NHET0220.ADB	691749	0x54712800	142880	0x29DA4
voice/NHET0221.ADB	691819	0x54735800	35872	0x29DB0
voice/NHET0222.ADB	691837	0x5473E800	79392	0x29DBC
voice/NHET0230.ADB	691876	0x54752000	88608	0x29DC8
voice/NHET0231.ADB	691920	0x54768000	35872	0x29DD4
voice/NHET0232.ADB	691938	0x54771000	48672	0x29DE0
voice/NHET0240.ADB	691962	0x5477D000	90144	0x29DEC
voice/NHET0241.ADB	692007	0x54793800	52256	0x29DF8
voice/NHET0242.ADB	692033	0x547A0800	22560	0x29E04
voice/NHET0249.ADB	692045	0x547A6800	132640	0x29E10
voice/NHET0250.ADB	692110	0x547C7000	36384	0x29E1C
voice/NHET0251.ADB	692128	0x547D0000	354336	0x29E28
voice/NHET0260.ADB	692302	0x54827000	54816	0x29E34
voice/NHET0270.ADB	692329	0x54834800	64544	0x29E40
voice/NHET0271.ADB	692361	0x54844800	71200	0x29E4C
voice/NHET0272.ADB	692396	0x54856000	92192	0x29E58
voice/NHET0280.ADB	692442	0x5486D000	154144	0x29E64
voice/NHET0281.ADB	692518	0x54893000	38432	0x29E70
voice/NHET0282.ADB	692537	0x5489C800	119840	0x29E7C
voice/NHET0290.ADB	692596	0x548BA000	86048	0x29E88
voice/NHET0300.ADB	692639	0x548CF800	99360	0x29E94
voice/NHET0310.ADB	692688	0x548E8000	199712	0x29EA0
voice/NHET0320.ADB	692786	0x54919000	32800	0x29EAC
voice/NHET0330.ADB	692803	0x54921800	40480	0x29EB8
voice/NHET0340.ADB	692823	0x5492B800	72224	0x29EC4
voice/NHET0350.ADB	692859	0x5493D800	109600	0x29ED0
voice/NHET0360.ADB	692913	0x54958800	109600	0x29EDC
voice/NHET0361.ADB	692967	0x54973800	30752	0x29EE8
voice/NHET0362.ADB	692983	0x5497B800	65056	0x29EF4
voice/NHET0370.ADB	693015	0x5498B800	111136	0x29F00
voice/NHET0380.ADB	693070	0x549A7000	25120	0x29F0C
voice/NHET0390.ADB	693083	0x549AD800	69664	0x29F18
voice/NHET0391.ADB	693118	0x549BF000	69152	0x29F24
voice/NHET0392.ADB	693152	0x549D0000	16416	0x29F30
voice/NHET0400.ADB	693161	0x549D4800	61472	0x29F3C
voice/NHET0410.ADB	693192	0x549E4000	95776	0x29F48
voice/NHET0420.ADB	693239	0x549FB800	122400	0x29F54
voice/NHET0430.ADB	693299	0x54A19800	15904	0x29F60
voice/NHET0440.ADB	693307	0x54A1D800	33824	0x29F6C
voice/NHET0450.ADB	693324	0x54A26000	19488	0x29F78
voice/NHET0460.ADB	693334	0x54A2B000	21024	0x29F84
voice/NHET0470.ADB	693345	0x54A30800	107552	0x29F90
voice/NHET0480.ADB	693398	0x54A4B000	80416	0x29F9C
voice/NHET0490.ADB	693438	0x54A5F000	89120	0x29FA8
voice/NHET0500.ADB	693482	0x54A75000	17952	0x29FB4
voice/NHET0510.ADB	693491	0x54A79800	29728	0x29FC0
voice/NHET0520.ADB	693506	0x54A81000	77856	0x29FCC
voice/NHET0521.ADB	693545	0x54A94800	14880	0x29FD8
voice/NHET0522.ADB	693553	0x54A98800	61472	0x29FE4
voice/NHET0530.ADB	693584	0x54AA8000	108064	0x29FF0
voice/NHET0531.ADB	693637	0x54AC2800	48160	0x29FFC
voice/NHET0532.ADB	693661	0x54ACE800	62496	0x2A008
voice/NHET0540.ADB	693692	0x54ADE000	39968	0x2A014
voice/NHET0550.ADB	693712	0x54AE8000	89120	0x2A020
voice/NHET0560.ADB	693756	0x54AFE000	67104	0x2A02C
voice/NHET0570.ADB	693789	0x54B0E800	89120	0x2A038
voice/NHET0580.ADB	693833	0x54B24800	55328	0x2A044
voice/NHET0590.ADB	693861	0x54B32800	41504	0x2A050
voice/NHET0600.ADB	693882	0x54B3D000	120864	0x2A05C
voice/NHET0610.ADB	693942	0x54B5B000	151584	0x2A068
voice/NHET0611.ADB	694017	0x54B80800	70688	0x2A074
voice/NHET0612.ADB	694052	0x54B92000	88608	0x2A080
voice/NHET0620.ADB	694096	0x54BA8000	35872	0x2A08C
voice/NHET0630.ADB	694114	0x54BB1000	31264	0x2A098
voice/NHET0640.ADB	694130	0x54BB9000	68640	0x2A0A4
voice/NHET0641.ADB	694164	0x54BCA000	42016	0x2A0B0
voice/NHET0642.ADB	694185	0x54BD4800	40480	0x2A0BC
voice/NHET0650.ADB	694205	0x54BDE800	64544	0x2A0C8
voice/NHET0660.ADB	694237	0x54BEE800	75808	0x2A0D4
voice/NHET0661.ADB	694275	0x54C01800	35360	0x2A0E0
voice/NHET0662.ADB	694293	0x54C0A800	59936	0x2A0EC
voice/NHET0670.ADB	694323	0x54C19800	180768	0x2A0F8
voice/NHET0671.ADB	694412	0x54C46000	260128	0x2A104
voice/NHET0680.ADB	694540	0x54C86000	74272	0x2A110
voice/NHET0690.ADB	694577	0x54C98800	23072	0x2A11C
voice/NHET0700.ADB	694589	0x54C9E800	27680	0x2A128
voice/NHET0710.ADB	694603	0x54CA5800	38432	0x2A134
voice/NHET0730.ADB	694622	0x54CAF000	249376	0x2A140
voice/NHET0740.ADB	694744	0x54CEC000	115232	0x2A14C
voice/NHET0750.ADB	694801	0x54D08800	35360	0x2A158
voice/NHET0760.ADB	694819	0x54D11800	65568	0x2A164
voice/NHET0770.ADB	694852	0x54D22000	235552	0x2A170
voice/NHET0780.ADB	694968	0x54D5C000	216096	0x2A17C
voice/NHET0790.ADB	695074	0x54D91000	121376	0x2A188
voice/NHET0800.ADB	695134	0x54DAF000	23584	0x2A194
voice/NHET0810.ADB	695146	0x54DB5000	39456	0x2A1A0
voice/NHET0820.ADB	695166	0x54DBF000	187424	0x2A1AC
voice/NHET0821.ADB	695258	0x54DED000	59936	0x2A1B8
voice/NHET0822.ADB	695288	0x54DFC000	118816	0x2A1C4
voice/NHET0830.ADB	695347	0x54E19800	16416	0x2A1D0
voice/NHET0840.ADB	695356	0x54E1E000	39968	0x2A1DC
voice/NHET0850.ADB	695376	0x54E28000	40480	0x2A1E8
voice/NHET0860.ADB	695396	0x54E32000	44064	0x2A1F4
voice/NHET0870.ADB	695418	0x54E3D000	36896	0x2A200
voice/NJNA0010.ADB	695437	0x54E46800	102432	0x2A20C
voice/NJNA0020.ADB	695488	0x54E60000	67104	0x2A218
voice/NJNA0030.ADB	695521	0x54E70800	111648	0x2A224
voice/NJNA0031.ADB	695576	0x54E8C000	63008	0x2A230
voice/NJNA0032.ADB	695607	0x54E9B800	64032	0x2A23C
voice/NJNA0040.ADB	695639	0x54EAB800	173600	0x2A248
voice/NJNA0041.ADB	695724	0x54ED6000	108064	0x2A254
voice/NJNA0042.ADB	695777	0x54EF0800	76320	0x2A260
voice/NJNA0050.ADB	695815	0x54F03800	132640	0x2A26C
voice/NJNA0060.ADB	695880	0x54F24000	116768	0x2A278
voice/NJNA0070.ADB	695938	0x54F41000	81952	0x2A284
voice/NJNA0080.ADB	695979	0x54F55800	216096	0x2A290
voice/NJNA0081.ADB	696085	0x54F8A800	95264	0x2A29C
voice/NJNA0082.ADB	696132	0x54FA2000	168992	0x2A2A8
voice/NJNA0090.ADB	696215	0x54FCB800	42528	0x2A2B4
voice/NJNA0100.ADB	696236	0x54FD6000	176160	0x2A2C0
voice/NJNA0101.ADB	696323	0x55001800	26144	0x2A2CC
voice/NJNA0102.ADB	696336	0x55008000	175136	0x2A2D8
voice/NJNA0110.ADB	696422	0x55033000	141344	0x2A2E4
voice/NJNA0111.ADB	696492	0x55056000	42016	0x2A2F0
voice/NJNA0112.ADB	696513	0x55060800	103456	0x2A2FC
voice/NJNA0120.ADB	696564	0x5507A000	50720	0x2A308
voice/NJNA0121.ADB	696589	0x55086800	99360	0x2A314
voice/NJNA0130.ADB	696638	0x5509F000	46112	0x2A320
voice/NJNA0140.ADB	696661	0x550AA800	215584	0x2A32C
voice/NJNA0141.ADB	696767	0x550DF800	112160	0x2A338
voice/NJNA0142.ADB	696822	0x550FB000	82976	0x2A344
voice/NJNA0150.ADB	696863	0x5510F800	99872	0x2A350
voice/NJNA0160.ADB	696912	0x55128000	171552	0x2A35C
voice/NJNA0161.ADB	696996	0x55152000	127520	0x2A368
voice/NJNA0162.ADB	697059	0x55171800	22560	0x2A374
voice/NJNA0170.ADB	697071	0x55177800	156192	0x2A380
voice/NJNA0171.ADB	697148	0x5519E000	58400	0x2A38C
voice/NJNA0172.ADB	697177	0x551AC800	77856	0x2A398
voice/NJNA0180.ADB	697216	0x551C0000	145440	0x2A3A4
voice/NJNA0181.ADB	697288	0x551E4000	64032	0x2A3B0
voice/NJNA0182.ADB	697320	0x551F4000	59936	0x2A3BC
voice/NJNA0190.ADB	697350	0x55203000	171040	0x2A3C8
voice/NJNA0191.ADB	697434	0x5522D000	60448	0x2A3D4
voice/NJNA0192.ADB	697464	0x5523C000	124960	0x2A3E0
voice/NJNA0200.ADB	697526	0x5525B000	145440	0x2A3EC
voice/NJNA0210.ADB	697598	0x5527F000	134176	0x2A3F8
voice/NJNA0220.ADB	697664	0x552A0000	193568	0x2A404
voice/NJNA0230.ADB	697759	0x552CF800	258080	0x2A410
voice/NJNA0231.ADB	697886	0x5530F000	137760	0x2A41C
voice/NJNA0240.ADB	697954	0x55331000	77344	0x2A428
voice/NJNA0250.ADB	697992	0x55344000	217120	0x2A434
voice/NJNA0260.ADB	698099	0x55379800	286752	0x2A440
voice/NJNA0270.ADB	698240	0x553C0000	300576	0x2A44C
voice/NLUP0010.ADB	698387	0x55409800	187936	0x2A458
voice/NLUP0011.ADB	698479	0x55437800	74784	0x2A464
voice/NLUP0012.ADB	698516	0x5544A000	104992	0x2A470
voice/NLUP0020.ADB	698568	0x55464000	298528	0x2A47C
voice/NLUP0030.ADB	698714	0x554AD000	153120	0x2A488
voice/NLUP0031.ADB	698789	0x554D2800	53280	0x2A494
voice/NLUP0032.ADB	698816	0x554E0000	101920	0x2A4A0
voice/NLUP0040.ADB	698866	0x554F9000	47136	0x2A4AC
voice/NLUP0050.ADB	698890	0x55505000	50208	0x2A4B8
voice/NLUP0060.ADB	698915	0x55511800	52256	0x2A4C4
voice/NLUP0070.ADB	698941	0x5551E800	185888	0x2A4D0
voice/NLUP0071.ADB	699032	0x5554C000	84512	0x2A4DC
voice/NLUP0072.ADB	699074	0x55561000	141344	0x2A4E8
voice/NLUP0080.ADB	699144	0x55584000	90656	0x2A4F4
voice/NLUP0090.ADB	699189	0x5559A800	206368	0x2A500
voice/NLUP0100.ADB	699290	0x555CD000	227872	0x2A50C
voice/NLUP0101.ADB	699402	0x55605000	120864	0x2A518
voice/NLUP0102.ADB	699462	0x55623000	111648	0x2A524
voice/NLUP0110.ADB	699517	0x5563E800	116256	0x2A530
voice/NLUP0120.ADB	699574	0x5565B000	64544	0x2A53C
voice/NLUP0130.ADB	699606	0x5566B000	458784	0x2A548
voice/NLUP0131.ADB	699831	0x556DB800	83488	0x2A554
voice/NLUP0132.ADB	699872	0x556F0000	184864	0x2A560
voice/NLUP0133.ADB	699963	0x5571D800	140320	0x2A56C
voice/NLUP0140.ADB	700032	0x55740000	132640	0x2A578
voice/NLUP0150.ADB	700097	0x55760800	208928	0x2A584
voice/NLUP0151.ADB	700200	0x55794000	86560	0x2A590
voice/NLUP0152.ADB	700243	0x557A9800	53792	0x2A59C
voice/NLUP0153.ADB	700270	0x557B7000	58912	0x2A5A8
voice/NLUP0160.ADB	700299	0x557C5800	134176	0x2A5B4
voice/NLUP0170.ADB	700365	0x557E6800	94240	0x2A5C0
voice/NLUP0180.ADB	700412	0x557FE000	250912	0x2A5CC
voice/NLUP0181.ADB	700535	0x5583B800	82464	0x2A5D8
voice/NLUP0182.ADB	700576	0x55850000	204832	0x2A5E4
voice/NLUP0190.ADB	700677	0x55882800	43040	0x2A5F0
voice/NLUP0200.ADB	700699	0x5588D800	170016	0x2A5FC
voice/NLUP0201.ADB	700783	0x558B7800	136224	0x2A608
voice/NLUP0202.ADB	700850	0x558D9000	84512	0x2A614
voice/NLUP0209.ADB	700892	0x558EE000	28192	0x2A620
voice/NLUP0210.ADB	700906	0x558F5000	452640	0x2A62C
voice/NLUP0221.ADB	701128	0x55964000	384032	0x2A638
voice/NLUP0222.ADB	701316	0x559C2000	82464	0x2A644
voice/NLUP0229.ADB	701357	0x559D6800	293408	0x2A650
voice/NLUP0230.ADB	701501	0x55A1E800	139296	0x2A65C
voice/NLUP0240.ADB	701570	0x55A41000	145440	0x2A668
voice/NLUP0250.ADB	701642	0x55A65000	385056	0x2A674
voice/NLUP0251.ADB	701831	0x55AC3800	182304	0x2A680
voice/NLUP0252.ADB	701921	0x55AF0800	173088	0x2A68C
voice/NMIC0010.ADB	702006	0x55B1B000	107552	0x2A698
voice/NMIC0020.ADB	702059	0x55B35800	137248	0x2A6A4
voice/NMIC0030.ADB	702127	0x55B57800	288800	0x2A6B0
voice/NMIC0031.ADB	702269	0x55B9E800	86048	0x2A6BC
voice/NMIC0032.ADB	702312	0x55BB4000	101408	0x2A6C8
voice/NMIC0033.ADB	702362	0x55BCD000	173600	0x2A6D4
voice/NMIC0040.ADB	702447	0x55BF7800	224800	0x2A6E0
voice/NMIC0041.ADB	702557	0x55C2E800	125984	0x2A6EC
voice/NMIC0042.ADB	702619	0x55C4D800	175648	0x2A6F8
voice/NMIC0043.ADB	702705	0x55C78800	82464	0x2A704
voice/NMIC0050.ADB	702746	0x55C8D000	227360	0x2A710
voice/NMIC0051.ADB	702858	0x55CC5000	61984	0x2A71C
voice/NMIC0052.ADB	702889	0x55CD4800	65568	0x2A728
voice/NMIC0053.ADB	702922	0x55CE5000	231456	0x2A734
voice/NMIC0060.ADB	703036	0x55D1E000	106016	0x2A740
voice/NMIC0070.ADB	703088	0x55D38000	163360	0x2A74C
voice/NMIC0080.ADB	703168	0x55D60000	273952	0x2A758
voice/NMIC0081.ADB	703302	0x55DA3000	183328	0x2A764
voice/NMIC0082.ADB	703392	0x55DD0000	89120	0x2A770
voice/NMIC0090.ADB	703436	0x55DE6000	124448	0x2A77C
voice/NMIC0100.ADB	703497	0x55E04800	41504	0x2A788
voice/NMIC0110.ADB	703518	0x55E0F000	69664	0x2A794
voice/NMIC0120.ADB	703553	0x55E20800	63520	0x2A7A0
voice/NMIC0130.ADB	703585	0x55E30800	94752	0x2A7AC
voice/NMIC0140.ADB	703632	0x55E48000	45088	0x2A7B8
voice/NMIC0150.ADB	703655	0x55E53800	166432	0x2A7C4
voice/NMIC0151.ADB	703737	0x55E7C800	119328	0x2A7D0
voice/NMIC0152.ADB	703796	0x55E9A000	117792	0x2A7DC
voice/NMIC0160.ADB	703854	0x55EB7000	79392	0x2A7E8
voice/NMIC0170.ADB	703893	0x55ECA800	107040	0x2A7F4
voice/NMIC0171.ADB	703946	0x55EE5000	179232	0x2A800
voice/NMIC0172.ADB	704034	0x55F11000	61472	0x2A80C
voice/NSAF0010.ADB	704065	0x55F20800	12832	0x2A818
voice/NSAF0019.ADB	704072	0x55F24000	65568	0x2A824
voice/NSAF0020.ADB	704105	0x55F34800	166432	0x2A830
voice/NSAF0030.ADB	704187	0x55F5D800	154144	0x2A83C
voice/NSAF0040.ADB	704263	0x55F83800	22048	0x2A848
voice/NSAF0050.ADB	704274	0x55F89000	21536	0x2A854
voice/NSER0010.ADB	704285	0x55F8E800	25120	0x2A860
voice/NSER0020.ADB	704298	0x55F95000	43552	0x2A86C
voice/NSER0030.ADB	704320	0x55FA0000	102432	0x2A878
voice/NSER0040.ADB	704371	0x55FB9800	257568	0x2A884
voice/NSER0050.ADB	704497	0x55FF8800	27168	0x2A890
voice/NSER0060.ADB	704511	0x55FFF800	26144	0x2A89C
voice/NSER0069.ADB	704524	0x56006000	60960	0x2A8A8
voice/NSER0070.ADB	704554	0x56015000	33824	0x2A8B4
voice/NSER0071.ADB	704571	0x5601D800	43552	0x2A8C0
voice/NSER0072.ADB	704593	0x56028800	39456	0x2A8CC
voice/NSER0080.ADB	704613	0x56032800	54304	0x2A8D8
voice/NSER0090.ADB	704640	0x56040000	1371168	0x2A8E4
voice/NSER0091.ADB	705310	0x5618F000	2679840	0x2A8F0
voice/NSER0092.ADB	706619	0x5641D800	3030560	0x2A8FC
voice/NSER0094.ADB	708099	0x56701800	2064928	0x2A908
voice/NSER0095.ADB	709108	0x568FA000	1951776	0x2A914
voice/NSER0100.ADB	710062	0x56AD7000	23584	0x2A920
voice/NSER0110.ADB	710074	0x56ADD000	49184	0x2A92C
voice/NSER0120.ADB	710099	0x56AE9800	32800	0x2A938
voice/NSER0130.ADB	710116	0x56AF2000	48160	0x2A944
voice/NSER0140.ADB	710140	0x56AFE000	27680	0x2A950
voice/NSER0150.ADB	710154	0x56B05000	22560	0x2A95C
voice/NSER0160.ADB	710166	0x56B0B000	45088	0x2A968
voice/NSER0170.ADB	710189	0x56B16800	22048	0x2A974
voice/NSER0180.ADB	710200	0x56B1C000	34848	0x2A980
voice/NSER0190.ADB	710218	0x56B25000	34848	0x2A98C
voice/NSER0200.ADB	710236	0x56B2E000	59424	0x2A998
voice/NSER0210.ADB	710266	0x56B3D000	35360	0x2A9A4
voice/NSER0220.ADB	710284	0x56B46000	35360	0x2A9B0
voice/NSER0230.ADB	710302	0x56B4F000	50208	0x2A9BC
voice/NSER0240.ADB	710327	0x56B5B800	36896	0x2A9C8
voice/NSER0250.ADB	710346	0x56B65000	139296	0x2A9D4
voice/NSER0260.ADB	710415	0x56B87800	302624	0x2A9E0
voice/NSER0270.ADB	710563	0x56BD1800	36384	0x2A9EC
voice/NSER0280.ADB	710581	0x56BDA800	249888	0x2A9F8
voice/NSER0290.ADB	710704	0x56C18000	183328	0x2AA04
voice/NSER0300.ADB	710794	0x56C45000	53792	0x2AA10
voice/NSER0320.ADB	710821	0x56C52800	73248	0x2AA1C
voice/NSER0330.ADB	710857	0x56C64800	23072	0x2AA28
voice/NSER0340.ADB	710869	0x56C6A800	44064	0x2AA34
voice/NSER0350.ADB	710891	0x56C75800	171040	0x2AA40
voice/NSER0351.ADB	710975	0x56C9F800	54816	0x2AA4C
voice/NSER0352.ADB	711002	0x56CAD000	75808	0x2AA58
voice/NSER0353.ADB	711040	0x56CC0000	26656	0x2AA64
voice/NSER0360.ADB	711054	0x56CC7000	111136	0x2AA70
voice/NSER0370.ADB	711109	0x56CE2800	81952	0x2AA7C
voice/NSER0380.ADB	711150	0x56CF7000	185376	0x2AA88
voice/NSER0385.ADB	711241	0x56D24800	40480	0x2AA94
voice/NSER0390.ADB	711261	0x56D2E800	77856	0x2AAA0
voice/NSER0400.ADB	711300	0x56D42000	37408	0x2AAAC
voice/NSER0410.ADB	711319	0x56D4B800	60448	0x2AAB8
voice/NSER0411.ADB	711349	0x56D5A800	104480	0x2AAC4
voice/NSER0420.ADB	711401	0x56D74800	169504	0x2AAD0
voice/NSER0430.ADB	711484	0x56D9E000	363552	0x2AADC
voice/NSER0431.ADB	711662	0x56DF7000	46624	0x2AAE8
voice/NSER0432.ADB	711685	0x56E02800	305184	0x2AAF4
voice/NSER0440.ADB	711835	0x56E4D800	51232	0x2AB00
voice/NSER0441.ADB	711861	0x56E5A800	65056	0x2AB0C
voice/NSER0442.ADB	711893	0x56E6A800	46624	0x2AB18
voice/NSER0443.ADB	711916	0x56E76000	55328	0x2AB24
voice/NSER0444.ADB	711944	0x56E84000	43040	0x2AB30
voice/NSER0445.ADB	711966	0x56E8F000	174112	0x2AB3C
voice/NSER0446.ADB	712052	0x56EBA000	35360	0x2AB48
voice/NSER0450.ADB	712070	0x56EC3000	75808	0x2AB54
voice/NSER0451.ADB	712108	0x56ED6000	66080	0x2AB60
voice/NSER0452.ADB	712141	0x56EE6800	51232	0x2AB6C
voice/NSER0453.ADB	712167	0x56EF3800	51744	0x2AB78
voice/NSER0454.ADB	712193	0x56F00800	48672	0x2AB84
voice/NSER0455.ADB	712217	0x56F0C800	60960	0x2AB90
voice/NSER0456.ADB	712247	0x56F1B800	44576	0x2AB9C
voice/NSER0457.ADB	712269	0x56F26800	57376	0x2ABA8
voice/NSER0460.ADB	712298	0x56F35000	24096	0x2ABB4
voice/NSER0470.ADB	712310	0x56F3B000	28192	0x2ABC0
voice/NSER0480.ADB	712324	0x56F42000	25120	0x2ABCC
voice/NSER0490.ADB	712337	0x56F48800	203296	0x2ABD8
voice/NSER0500.ADB	712437	0x56F7A800	77856	0x2ABE4
voice/NSER0510.ADB	712476	0x56F8E000	108576	0x2ABF0
voice/NSER0520.ADB	712530	0x56FA9000	74784	0x2ABFC
voice/NSER0530.ADB	712567	0x56FBB800	24608	0x2AC08
voice/NSER0540.ADB	712580	0x56FC2000	39456	0x2AC14
voice/NSER0550.ADB	712600	0x56FCC000	170016	0x2AC20
voice/NSER0551.ADB	712684	0x56FF6000	45088	0x2AC2C
voice/NSER0552.ADB	712707	0x57001800	121888	0x2AC38
voice/NSER0560.ADB	712767	0x5701F800	35360	0x2AC44
voice/NSER0570.ADB	712785	0x57028800	131616	0x2AC50
voice/NSER0580.ADB	712850	0x57049000	96288	0x2AC5C
voice/NSER0590.ADB	712898	0x57061000	80416	0x2AC68
voice/NSER0600.ADB	712938	0x57075000	42016	0x2AC74
voice/NSER0610.ADB	712959	0x5707F800	23584	0x2AC80
voice/NSER0620.ADB	712971	0x57085800	50208	0x2AC8C
voice/NSER0630.ADB	712996	0x57092000	98336	0x2AC98
voice/NSER0640.ADB	713045	0x570AA800	118816	0x2ACA4
voice/NSER0650.ADB	713104	0x570C8000	32800	0x2ACB0
voice/NSER1011.ADB	713121	0x570D0800	100384	0x2ACBC
voice/NSER1012.ADB	713171	0x570E9800	47136	0x2ACC8
voice/NSER1013.ADB	713195	0x570F5800	93728	0x2ACD4
voice/NSER1014.ADB	713241	0x5710C800	119328	0x2ACE0
voice/NSER1015.ADB	713300	0x5712A000	109088	0x2ACEC
voice/NSER1016.ADB	713354	0x57145000	102944	0x2ACF8
voice/NSER1021.ADB	713405	0x5715E800	73760	0x2AD04
voice/NSER1022.ADB	713442	0x57171000	156704	0x2AD10
voice/NSER1023.ADB	713519	0x57197800	174624	0x2AD1C
voice/NSER1024.ADB	713605	0x571C2800	182816	0x2AD28
voice/NSER1025.ADB	713695	0x571EF800	87584	0x2AD34
voice/NSER1031.ADB	713738	0x57205000	156704	0x2AD40
voice/NSER1032.ADB	713815	0x5722B800	94752	0x2AD4C
voice/NSER1033.ADB	713862	0x57243000	69664	0x2AD58
voice/NSER1034.ADB	713897	0x57254800	98336	0x2AD64
voice/NSER1035.ADB	713946	0x5726D000	59936	0x2AD70
voice/NSER1036.ADB	713976	0x5727C000	128544	0x2AD7C
voice/NSER1037.ADB	714039	0x5729B800	92704	0x2AD88
voice/NSER1038.ADB	714085	0x572B2800	118304	0x2AD94
voice/NSER1041.ADB	714143	0x572CF800	160800	0x2ADA0
voice/NSER1042.ADB	714222	0x572F7000	87072	0x2ADAC
voice/NSER1043.ADB	714265	0x5730C800	93728	0x2ADB8
voice/NSER1044.ADB	714311	0x57323800	41504	0x2ADC4
voice/NSER1045.ADB	714332	0x5732E000	44576	0x2ADD0
voice/NSER1046.ADB	714354	0x57339000	89120	0x2ADDC
voice/NSER1051.ADB	714398	0x5734F000	145952	0x2ADE8
voice/NSER1052.ADB	714470	0x57373000	75296	0x2ADF4
voice/NSER1053.ADB	714507	0x57385800	129056	0x2AE00
voice/NSER1054.ADB	714571	0x573A5800	124448	0x2AE0C
voice/NSER1055.ADB	714632	0x573C4000	124960	0x2AE18
voice/NSER1056.ADB	714694	0x573E3000	48160	0x2AE24
voice/NSER1061.ADB	714718	0x573EF000	132640	0x2AE30
voice/NSER1062.ADB	714783	0x5740F800	131616	0x2AE3C
voice/NSER1063.ADB	714848	0x57430000	97312	0x2AE48
voice/NSER1064.ADB	714896	0x57448000	208416	0x2AE54
voice/NSER1065.ADB	714998	0x5747B000	57888	0x2AE60
voice/NSER1066.ADB	715027	0x57489800	147488	0x2AE6C
voice/NSER1067.ADB	715100	0x574AE000	164384	0x2AE78
voice/NSER1071.ADB	715181	0x574D6800	134688	0x2AE84
voice/NSER1072.ADB	715247	0x574F7800	72736	0x2AE90
voice/NSER1073.ADB	715283	0x57509800	196640	0x2AE9C
voice/NSER1074.ADB	715380	0x5753A000	187424	0x2AEA8
voice/NSER1075.ADB	715472	0x57568000	127008	0x2AEB4
voice/NSIE0010.ADB	715535	0x57587800	20512	0x2AEC0
voice/NSIE0020.ADB	715546	0x5758D000	43552	0x2AECC
voice/NSIE0030.ADB	715568	0x57598000	47648	0x2AED8
voice/NSIE0040.ADB	715592	0x575A4000	77344	0x2AEE4
voice/NSIE0050.ADB	715630	0x575B7000	50208	0x2AEF0
voice/NSIE0060.ADB	715655	0x575C3800	29216	0x2AEFC
voice/NSIE0070.ADB	715670	0x575CB000	57376	0x2AF08
voice/NSIE0080.ADB	715699	0x575D9800	46624	0x2AF14
voice/NSIE0090.ADB	715722	0x575E5000	43040	0x2AF20
voice/NSIE0100.ADB	715744	0x575F0000	96800	0x2AF2C
voice/NSIE0110.ADB	715792	0x57608000	44576	0x2AF38
voice/NSIE0120.ADB	715814	0x57613000	146976	0x2AF44
voice/NSIE0121.ADB	715886	0x57637000	98848	0x2AF50
voice/NSIE0122.ADB	715935	0x5764F800	46112	0x2AF5C
voice/NSIE0130.ADB	715958	0x5765B000	109600	0x2AF68
voice/NSIE0140.ADB	716012	0x57676000	92192	0x2AF74
voice/NSIE0150.ADB	716058	0x5768D000	160800	0x2AF80
voice/NSIE0151.ADB	716137	0x576B4800	57376	0x2AF8C
voice/NSIE0152.ADB	716166	0x576C3000	58400	0x2AF98
voice/NSIE0153.ADB	716195	0x576D1800	92192	0x2AFA4
voice/NSIE0160.ADB	716241	0x576E8800	20000	0x2AFB0
voice/NSIE0170.ADB	716251	0x576ED800	94240	0x2AFBC
voice/NSIE0180.ADB	716298	0x57705000	302624	0x2AFC8
voice/NSIE0190.ADB	716446	0x5774F000	152608	0x2AFD4
voice/NSIE0191.ADB	716521	0x57774800	34336	0x2AFE0
voice/NSIE0192.ADB	716538	0x5777D000	165920	0x2AFEC
voice/NSIE0200.ADB	716620	0x577A6000	174624	0x2AFF8
voice/NSIE0210.ADB	716706	0x577D1000	48160	0x2B004
voice/NSIE0220.ADB	716730	0x577DD000	44576	0x2B010
voice/NSIE0230.ADB	716752	0x577E8000	41504	0x2B01C
voice/NSIE0240.ADB	716773	0x577F2800	46624	0x2B028
voice/NSIE0250.ADB	716796	0x577FE000	90656	0x2B034
voice/NSIE0260.ADB	716841	0x57814800	37408	0x2B040
voice/NSIE0270.ADB	716860	0x5781E000	69664	0x2B04C
voice/NSIE0280.ADB	716895	0x5782F800	54304	0x2B058
voice/NSIE0290.ADB	716922	0x5783D000	39456	0x2B064
voice/NSIE0300.ADB	716942	0x57847000	107552	0x2B070
voice/NSIE0310.ADB	716995	0x57861800	119840	0x2B07C
voice/NSIE0311.ADB	717054	0x5787F000	46112	0x2B088
voice/NSIE0312.ADB	717077	0x5788A800	73248	0x2B094
voice/NSIE0320.ADB	717113	0x5789C800	20000	0x2B0A0
voice/NSIE0321.ADB	717123	0x578A1800	17440	0x2B0AC
voice/NSIE0330.ADB	717132	0x578A6000	86048	0x2B0B8
voice/NSIE0340.ADB	717175	0x578BB800	279072	0x2B0C4
voice/NSIE0341.ADB	717312	0x57900000	33824	0x2B0D0
voice/NSIE0342.ADB	717329	0x57908800	87584	0x2B0DC
voice/NSIE0343.ADB	717372	0x5791E000	47648	0x2B0E8
voice/NSIE0350.ADB	717396	0x5792A000	37920	0x2B0F4
voice/NSIE0360.ADB	717415	0x57933800	101920	0x2B100
voice/NSIE0361.ADB	717465	0x5794C800	24096	0x2B10C
voice/NSIE0362.ADB	717477	0x57952800	85024	0x2B118
voice/NSIE0370.ADB	717519	0x57967800	48160	0x2B124
voice/NSIE0371.ADB	717543	0x57973800	104992	0x2B130
voice/NSIE0380.ADB	717595	0x5798D800	95264	0x2B13C
voice/NSIE0390.ADB	717642	0x579A5000	98336	0x2B148
voice/NSIE0391.ADB	717691	0x579BD800	25120	0x2B154
voice/NSIE0392.ADB	717704	0x579C4000	76832	0x2B160
voice/NSIE0400.ADB	717742	0x579D7000	150560	0x2B16C
voice/NSIE0401.ADB	717816	0x579FC000	49696	0x2B178
voice/NSIE0402.ADB	717841	0x57A08800	139296	0x2B184
voice/NSIE0410.ADB	717910	0x57A2B000	60960	0x2B190
voice/NSIE0420.ADB	717940	0x57A3A000	136224	0x2B19C
voice/NSIE0430.ADB	718007	0x57A5B800	244768	0x2B1A8
voice/NSIE0431.ADB	718127	0x57A97800	125472	0x2B1B4
voice/NSIE0432.ADB	718189	0x57AB6800	62496	0x2B1C0
voice/NSIE0433.ADB	718220	0x57AC6000	75296	0x2B1CC
voice/NSIE0434.ADB	718257	0x57AD8800	55840	0x2B1D8
voice/NSIE0440.ADB	718285	0x57AE6800	38944	0x2B1E4
voice/NSIE0441.ADB	718305	0x57AF0800	159264	0x2B1F0
voice/NSIE0450.ADB	718383	0x57B17800	79904	0x2B1FC
voice/NSIE0460.ADB	718423	0x57B2B800	30240	0x2B208
voice/NSIE0470.ADB	718438	0x57B33000	234528	0x2B214
voice/NSIE0480.ADB	718553	0x57B6C800	114208	0x2B220
voice/NSIE0490.ADB	718609	0x57B88800	26144	0x2B22C
voice/NSIE0500.ADB	718622	0x57B8F000	173600	0x2B238
voice/NSIE0501.ADB	718707	0x57BB9800	46112	0x2B244
voice/NSIE0502.ADB	718730	0x57BC5000	99872	0x2B250
voice/NSIE0510.ADB	718779	0x57BDD800	67616	0x2B25C
voice/NSIE0520.ADB	718813	0x57BEE800	28704	0x2B268
voice/NSIE0530.ADB	718828	0x57BF6000	111648	0x2B274
voice/NSIE0540.ADB	718883	0x57C11800	16416	0x2B280
voice/NSIE0550.ADB	718892	0x57C16000	82976	0x2B28C
voice/NSIE0560.ADB	718933	0x57C2A800	54304	0x2B298
voice/NSIE0570.ADB	718960	0x57C38000	32288	0x2B2A4
voice/NSIE0580.ADB	718976	0x57C40000	113696	0x2B2B0
voice/P136_0.ADB	719032	0x57C5C000	694304	0x2B2BC
voice/P136_1.ADB	719372	0x57D06000	808992	0x2B2C8
voice/P136_2.ADB	719768	0x57DCC000	936480	0x2B2D4
voice/P136_3.ADB	720226	0x57EB1000	642592	0x2B2E0
voice/P136_4.ADB	720540	0x57F4E000	668704	0x2B2EC
voice/P136_5.ADB	720867	0x57FF1800	1114656	0x2B2F8
voice/P136_6.ADB	721412	0x58102000	851488	0x2B304
voice/SAMPLE.ADB	721828	0x581D2000	114208	0x2B310
voice/STAFF.ADB	721884	0x581EE000	16180768	0x2B31C
voice/VOICE.ADB	729785	0x5915C800	5141024	0x2B328
voice/XBAT0010.ADB	732296	0x59644000	22048	0x2B334
voice/XFLD0010.ADB	732307	0x59649800	223776	0x2B340
voice/XFLD0020.ADB	732417	0x59680800	140832	0x2B34C
voice/XFLD0021.ADB	732486	0x596A3000	75296	0x2B358
voice/XFLD0022.ADB	732523	0x596B5800	65056	0x2B364
voice/XFLD0030.ADB	732555	0x596C5800	193056	0x2B370
voice/XFLD0040.ADB	732650	0x596F5000	365600	0x2B37C
voice/XFLD0041.ADB	732829	0x5974E800	173600	0x2B388
voice/XFLD0042.ADB	732914	0x59779000	161824	0x2B394
voice/XHAR0010.ADB	732994	0x597A1000	84512	0x2B3A0
voice/XHAR0020.ADB	733036	0x597B6000	76320	0x2B3AC
voice/XHAR0021.ADB	733074	0x597C9000	19488	0x2B3B8
voice/XHAR0022.ADB	733084	0x597CE000	55840	0x2B3C4
voice/XHAR0030.ADB	733112	0x597DC000	72224	0x2B3D0
voice/XHAR0035.ADB	733148	0x597EE000	100896	0x2B3DC
voice/XHAR0040.ADB	733198	0x59807000	32288	0x2B3E8
voice/XMIC0010.ADB	733214	0x5980F000	135200	0x2B3F4
voice/XMIC0011.ADB	733281	0x59830800	58912	0x2B400
voice/XMIC0012.ADB	733310	0x5983F000	85024	0x2B40C
voice/XMIC0013.ADB	733352	0x59854000	61984	0x2B418
voice/XMIC0014.ADB	733383	0x59863800	61984	0x2B424
voice/XMIC0020.ADB	733414	0x59873000	21536	0x2B430
voice/XMIC0030.ADB	733425	0x59878800	38432	0x2B43C
voice/XRLD0010.ADB	733444	0x59882000	14880	0x2B448
voice/XRLD0020.ADB	733452	0x59886000	113184	0x2B454
voice/XRLD0030.ADB	733508	0x598A2000	43040	0x2B460
voice/XRLD0040.ADB	733530	0x598AD000	90656	0x2B46C
voice/XRLD0050.ADB	733575	0x598C3800	54816	0x2B478
voice/XRLD0051.ADB	733602	0x598D1000	90656	0x2B484
voice/XRLD0052.ADB	733647	0x598E7800	96288	0x2B490
voice/XRLD0059.ADB	733695	0x598FF800	76832	0x2B49C
voice/XRLD0060.ADB	733733	0x59912800	142880	0x2B4A8
voice/XRLD0070.ADB	733803	0x59935800	84512	0x2B4B4
voice/XRLD0080.ADB	733845	0x5994A800	125472	0x2B4C0
voice/XRLD0081.ADB	733907	0x59969800	120864	0x2B4CC
voice/XRLD0082.ADB	733967	0x59987800	47136	0x2B4D8
voice/XRLD0090.ADB	733991	0x59993800	31264	0x2B4E4
voice/XRLD0100.ADB	734007	0x5999B800	101920	0x2B4F0
voice/XRLD0102.ADB	734057	0x599B4800	14880	0x2B4FC
voice/XRLD0103.ADB	734065	0x599B8800	31264	0x2B508
voice/XRLD0104.ADB	734081	0x599C0800	35872	0x2B514
voice/XRLD0110.ADB	734099	0x599C9800	59936	0x2B520
voice/XRLD0118.ADB	734129	0x599D8800	49696	0x2B52C
voice/XSIE0010.ADB	734154	0x599E5000	59424	0x2B538
voice/XSIE0020.ADB	734184	0x599F4000	102944	0x2B544
voice/XSIE0030.ADB	734235	0x59A0D800	55840	0x2B550
zzz/ZZZ.DAT	734263	0x59A1B800	5582880	0x2EDCC
